date,voucher_number,voucher_type,guid,master_id,alter_id,party_ledger,reference,is_invoice,ledger_name,amount,is_deemed_positive,is_party_ledger,ledger_from_item,bill_reference,bill_date,bill_type,cost_centre
20260401,8,Sales,ccde5e46-22b1-4fd7-8009-ffe387e3e86a-0000447e,17534,33593,02 Rsa Afternoon Milk Counter,,Yes,02 Rsa Afternoon Milk Counter,9228.8,Yes,Yes,No,,,,
20260401,9,Sales,ccde5e46-22b1-4fd7-8009-ffe387e3e86a-0000447f,17535,33595,04 GHEE COUNTER,1216,Yes,04 GHEE COUNTER,876.0,Yes,Yes,No,,,,
20260401,1,Sales,ccde5e46-22b1-4fd7-8009-ffe387e3e86a-000044a9,17577,30797,01   Yash Morning  Milk Counter,,Yes,01   Yash Morning  Milk Counter,429.0,Yes,Yes,No,,,,
20260401,10,Sales,ccde5e46-22b1-4fd7-8009-ffe387e3e86a-000044b6,17590,35844,09   Pandurang  Sales,,Yes,09   Pandurang  Sales,-2648.0,Yes,Yes,No,,,,
20260401,11,Sales,ccde5e46-22b1-4fd7-8009-ffe387e3e86a-000044bb,17595,31008,04 GHEE COUNTER,1205,Yes,04 GHEE COUNTER,-39710.0,Yes,Yes,No,,,,
20260401,2,Sales,ccde5e46-22b1-4fd7-8009-ffe387e3e86a-00004421,17441,30124,04 GHEE COUNTER,,Yes,04 GHEE COUNTER,-480.0,Yes,Yes,No,,,,
20260401,3,Sales,ccde5e46-22b1-4fd7-8009-ffe387e3e86a-0000443e,17470,35786,08  Wadgaonkar  Sales,1209,Yes,08  Wadgaonkar  Sales,-1890.0,Yes,Yes,No,,,,
20260401,4,Sales,ccde5e46-22b1-4fd7-8009-ffe387e3e86a-0000443f,17471,30906,04 GHEE COUNTER,1212,Yes,04 GHEE COUNTER,-4820.0,Yes,Yes,No,,,,
20260401,5,Sales,ccde5e46-22b1-4fd7-8009-ffe387e3e86a-0000446f,17519,30615,09   Pandurang  Sales,1217,Yes,09   Pandurang  Sales,152.0,Yes,Yes,No,,,,
20260401,6,Sales,ccde5e46-22b1-4fd7-8009-ffe387e3e86a-0000447b,17531,35759,08  Wadgaonkar  Sales,1218,Yes,08  Wadgaonkar  Sales,2481.0,Yes,Yes,No,,,,
20260401,7,Sales,ccde5e46-22b1-4fd7-8009-ffe387e3e86a-00004c64,19556,35770,08  Wadgaonkar  Sales,,Yes,08  Wadgaonkar  Sales,-13766.0,Yes,Yes,No,,,,
20260402,12,Sales,ccde5e46-22b1-4fd7-8009-ffe387e3e86a-000044ae,17582,30866,04 GHEE COUNTER,1227,Yes,04 GHEE COUNTER,-32499.04,Yes,Yes,No,,,,
20260402,13,Sales,ccde5e46-22b1-4fd7-8009-ffe387e3e86a-000044b0,17584,30867,04 GHEE COUNTER,1235,Yes,04 GHEE COUNTER,784.8,Yes,Yes,No,,,,
20260402,14,Sales,ccde5e46-22b1-4fd7-8009-ffe387e3e86a-000044e9,17641,31415,12  ATM  A,,Yes,12  ATM  A,631.8,Yes,Yes,No,,,,
20260402,15,Sales,ccde5e46-22b1-4fd7-8009-ffe387e3e86a-00004427,17447,36839,THE VEGAN  HOTEL,,Yes,THE VEGAN  HOTEL,-3180.0,Yes,Yes,No,,,,
20260402,15,Sales,ccde5e46-22b1-4fd7-8009-ffe387e3e86a-00004427,17447,36839,THE VEGAN  HOTEL,,Yes,Transport,140.0,No,No,No,,,,
20260402,16,Sales,ccde5e46-22b1-4fd7-8009-ffe387e3e86a-000044fe,17662,31649,01   Yash Morning  Milk Counter,,Yes,01   Yash Morning  Milk Counter,1013.6,Yes,Yes,No,,,,
20260402,17,Sales,ccde5e46-22b1-4fd7-8009-ffe387e3e86a-000044ff,17663,31653,01   Yash Morning  Milk Counter,,Yes,01   Yash Morning  Milk Counter,522.6,Yes,Yes,No,,,,
20260402,18,Sales,ccde5e46-22b1-4fd7-8009-ffe387e3e86a-0000450b,17675,35798,09   Pandurang  Sales,,Yes,09   Pandurang  Sales,-3180.0,Yes,Yes,No,,,,
20260402,19,Sales,ccde5e46-22b1-4fd7-8009-ffe387e3e86a-0000450e,17678,31743,08  Wadgaonkar  Sales,,Yes,08  Wadgaonkar  Sales,-8140.0,Yes,Yes,No,,,,
20260402,20,Sales,ccde5e46-22b1-4fd7-8009-ffe387e3e86a-00004516,17686,31778,04 GHEE COUNTER,,Yes,04 GHEE COUNTER,-33840.0,Yes,Yes,No,,,,
20260402,21,Sales,ccde5e46-22b1-4fd7-8009-ffe387e3e86a-00004526,17702,31795,04 GHEE COUNTER,,Yes,04 GHEE COUNTER,-1293.04,Yes,Yes,No,,,,
20260402,22,Sales,ccde5e46-22b1-4fd7-8009-ffe387e3e86a-00004517,17687,31779,02 Rsa Afternoon Milk Counter,,Yes,02 Rsa Afternoon Milk Counter,1026.0,Yes,Yes,No,,,,
20260402,23,Sales,ccde5e46-22b1-4fd7-8009-ffe387e3e86a-00004518,17688,31780,12  ATM  A,,Yes,12  ATM  A,3602.2,Yes,Yes,No,,,,
20260402,24,Sales,ccde5e46-22b1-4fd7-8009-ffe387e3e86a-00004527,17703,35800,09   Pandurang  Sales,,Yes,09   Pandurang  Sales,-660.0,Yes,Yes,No,,,,
20260402,25,Sales,ccde5e46-22b1-4fd7-8009-ffe387e3e86a-00004539,17721,35790,08  Wadgaonkar  Sales,1240,Yes,08  Wadgaonkar  Sales,2323.0,Yes,Yes,No,,,,
20260402,26,Sales,ccde5e46-22b1-4fd7-8009-ffe387e3e86a-0000453a,17722,31826,09   Pandurang  Sales,,Yes,09   Pandurang  Sales,78.0,Yes,Yes,No,,,,
20260402,27,Sales,ccde5e46-22b1-4fd7-8009-ffe387e3e86a-00004540,17728,31835,02 Rsa Afternoon Milk Counter,,Yes,02 Rsa Afternoon Milk Counter,3863.6,Yes,Yes,No,,,,
20260402,28,Sales,ccde5e46-22b1-4fd7-8009-ffe387e3e86a-00004541,17729,31836,04 GHEE COUNTER,,Yes,04 GHEE COUNTER,913.68,Yes,Yes,No,,,,
20260403,29,Sales,ccde5e46-22b1-4fd7-8009-ffe387e3e86a-000045b2,17842,36840,THE VEGAN  HOTEL,,Yes,THE VEGAN  HOTEL,-3180.0,Yes,Yes,No,,,,
20260403,29,Sales,ccde5e46-22b1-4fd7-8009-ffe387e3e86a-000045b2,17842,36840,THE VEGAN  HOTEL,,Yes,Transport,140.0,No,No,No,,,,
20260403,30,Sales,ccde5e46-22b1-4fd7-8009-ffe387e3e86a-00004555,17749,31981,04 GHEE COUNTER,1253,Yes,04 GHEE COUNTER,-73580.92,Yes,Yes,No,,,,
20260403,31,Sales,ccde5e46-22b1-4fd7-8009-ffe387e3e86a-00004575,17781,32243,09   Pandurang  Sales,1252,Yes,09   Pandurang  Sales,-2968.0,Yes,Yes,No,,,,
20260403,32,Sales,ccde5e46-22b1-4fd7-8009-ffe387e3e86a-000045d4,17876,32671,01   Yash Morning  Milk Counter,,Yes,01   Yash Morning  Milk Counter,1295.8,Yes,Yes,No,,,,
20260403,33,Sales,ccde5e46-22b1-4fd7-8009-ffe387e3e86a-00004bfb,19451,35565,APPA KOTHALE,,Yes,APPA KOTHALE,-370.0,Yes,Yes,No,,,,
20260403,34,Sales,ccde5e46-22b1-4fd7-8009-ffe387e3e86a-000045e5,17893,32692,04 GHEE COUNTER,1257,Yes,04 GHEE COUNTER,-900.0,Yes,Yes,No,,,,
20260403,35,Sales,ccde5e46-22b1-4fd7-8009-ffe387e3e86a-00004c9d,19613,35856,08  Wadgaonkar  Sales,,Yes,08  Wadgaonkar  Sales,-15247.0,Yes,Yes,No,,,,
20260403,36,Sales,ccde5e46-22b1-4fd7-8009-ffe387e3e86a-000045e7,17895,32694,09   Pandurang  Sales,1256,Yes,09   Pandurang  Sales,-400.0,Yes,Yes,No,,,,
20260403,37,Sales,ccde5e46-22b1-4fd7-8009-ffe387e3e86a-000045f1,17905,32705,04 GHEE COUNTER,1263,Yes,04 GHEE COUNTER,-12.0,Yes,Yes,No,,,,
20260403,38,Sales,ccde5e46-22b1-4fd7-8009-ffe387e3e86a-000045fe,17918,35811,08  Wadgaonkar  Sales,1264,Yes,08  Wadgaonkar  Sales,1320.0,Yes,Yes,No,,,,
20260403,39,Sales,ccde5e46-22b1-4fd7-8009-ffe387e3e86a-000045ff,17919,35863,09   Pandurang  Sales,1262,Yes,09   Pandurang  Sales,412.0,Yes,Yes,No,,,,
20260403,40,Sales,ccde5e46-22b1-4fd7-8009-ffe387e3e86a-00004600,17920,32812,04 GHEE COUNTER,1272,Yes,04 GHEE COUNTER,1206.0,Yes,Yes,No,,,,
20260403,41,Sales,ccde5e46-22b1-4fd7-8009-ffe387e3e86a-00004603,17923,32815,02 Rsa Afternoon Milk Counter,,Yes,02 Rsa Afternoon Milk Counter,10108.0,Yes,Yes,No,,,,
20260404,42,Sales,ccde5e46-22b1-4fd7-8009-ffe387e3e86a-00004622,17954,32848,04 GHEE COUNTER,1275,Yes,04 GHEE COUNTER,-26838.64,Yes,Yes,No,,,,
20260404,43,Sales,ccde5e46-22b1-4fd7-8009-ffe387e3e86a-00004627,17959,32853,09   Pandurang  Sales,1276,Yes,09   Pandurang  Sales,-3168.0,Yes,Yes,No,,,,
20260404,44,Sales,ccde5e46-22b1-4fd7-8009-ffe387e3e86a-00004628,17960,35870,08  Wadgaonkar  Sales,1274,Yes,08  Wadgaonkar  Sales,-10635.0,Yes,Yes,No,,,,
20260404,45,Sales,ccde5e46-22b1-4fd7-8009-ffe387e3e86a-00004647,17991,36841,THE VEGAN  HOTEL,,Yes,THE VEGAN  HOTEL,-3180.0,Yes,Yes,No,,,,
20260404,45,Sales,ccde5e46-22b1-4fd7-8009-ffe387e3e86a-00004647,17991,36841,THE VEGAN  HOTEL,,Yes,Transport,140.0,No,No,No,,,,
20260404,46,Sales,ccde5e46-22b1-4fd7-8009-ffe387e3e86a-00004664,18020,33043,01   Yash Morning  Milk Counter,,Yes,01   Yash Morning  Milk Counter,1687.64,Yes,Yes,No,,,,
20260404,47,Sales,ccde5e46-22b1-4fd7-8009-ffe387e3e86a-0000467f,18047,35871,08  Wadgaonkar  Sales,1281,Yes,08  Wadgaonkar  Sales,-2050.0,Yes,Yes,No,,,,
20260404,48,Sales,ccde5e46-22b1-4fd7-8009-ffe387e3e86a-00004680,18048,33203,09   Pandurang  Sales,1282,Yes,09   Pandurang  Sales,-560.0,Yes,Yes,No,,,,
20260404,49,Sales,ccde5e46-22b1-4fd7-8009-ffe387e3e86a-00004695,18069,33225,04 GHEE COUNTER,1279,Yes,04 GHEE COUNTER,-26763.2,Yes,Yes,No,,,,
20260404,50,Sales,ccde5e46-22b1-4fd7-8009-ffe387e3e86a-00004698,18072,33228,09   Pandurang  Sales,1289,Yes,09   Pandurang  Sales,109.0,Yes,Yes,No,,,,
20260404,51,Sales,ccde5e46-22b1-4fd7-8009-ffe387e3e86a-00004699,18073,33229,02 Rsa Afternoon Milk Counter,,Yes,02 Rsa Afternoon Milk Counter,4515.2,Yes,Yes,No,,,,
20260404,52,Sales,ccde5e46-22b1-4fd7-8009-ffe387e3e86a-0000469b,18075,33231,08  Wadgaonkar  Sales,1290,Yes,08  Wadgaonkar  Sales,1577.0,Yes,Yes,No,,,,
20260404,53,Sales,ccde5e46-22b1-4fd7-8009-ffe387e3e86a-0000469d,18077,33233,04 GHEE COUNTER,1287,Yes,04 GHEE COUNTER,1254.0,Yes,Yes,No,,,,
20260405,54,Sales,ccde5e46-22b1-4fd7-8009-ffe387e3e86a-000046c7,18119,33275,04 GHEE COUNTER,1299,Yes,04 GHEE COUNTER,-31848.48,Yes,Yes,No,,,,
20260405,55,Sales,ccde5e46-22b1-4fd7-8009-ffe387e3e86a-000046c9,18121,35880,08  Wadgaonkar  Sales,1298,Yes,08  Wadgaonkar  Sales,-7022.0,Yes,Yes,No,,,,
20260405,56,Sales,ccde5e46-22b1-4fd7-8009-ffe387e3e86a-00004cb9,19641,35878,08  Wadgaonkar  Sales,,Yes,08  Wadgaonkar  Sales,-3895.0,Yes,Yes,No,,,,
20260405,57,Sales,ccde5e46-22b1-4fd7-8009-ffe387e3e86a-000046ca,18122,35887,09   Pandurang  Sales,1302,Yes,09   Pandurang  Sales,-5107.0,Yes,Yes,No,,,,
20260405,58,Sales,ccde5e46-22b1-4fd7-8009-ffe387e3e86a-000046d2,18130,33286,04 GHEE COUNTER,1307,Yes,04 GHEE COUNTER,-1790.0,Yes,Yes,No,,,,
20260405,59,Sales,ccde5e46-22b1-4fd7-8009-ffe387e3e86a-000046d7,18135,36842,THE VEGAN  HOTEL,,Yes,THE VEGAN  HOTEL,-3180.0,Yes,Yes,No,,,,
20260405,59,Sales,ccde5e46-22b1-4fd7-8009-ffe387e3e86a-000046d7,18135,36842,THE VEGAN  HOTEL,,Yes,Transport,140.0,No,No,No,,,,
20260405,60,Sales,ccde5e46-22b1-4fd7-8009-ffe387e3e86a-000046d9,18137,33293,04 GHEE COUNTER,1302,Yes,04 GHEE COUNTER,-1150.0,Yes,Yes,No,,,,
20260405,61,Sales,ccde5e46-22b1-4fd7-8009-ffe387e3e86a-000046ef,18159,33388,04 GHEE COUNTER,1305,Yes,04 GHEE COUNTER,-7786.8,Yes,Yes,No,,,,
20260405,62,Sales,ccde5e46-22b1-4fd7-8009-ffe387e3e86a-0000470a,18186,33477,01   Yash Morning  Milk Counter,,Yes,01   Yash Morning  Milk Counter,1306.8,Yes,Yes,No,,,,
20260405,63,Sales,ccde5e46-22b1-4fd7-8009-ffe387e3e86a-00004720,18208,33508,08  Wadgaonkar  Sales,1313,Yes,08  Wadgaonkar  Sales,-650.0,Yes,Yes,No,,,,
20260405,64,Sales,ccde5e46-22b1-4fd7-8009-ffe387e3e86a-00004723,18211,33511,04 GHEE COUNTER,1314,Yes,04 GHEE COUNTER,-2888.0,Yes,Yes,No,,,,
20260405,65,Sales,ccde5e46-22b1-4fd7-8009-ffe387e3e86a-00004727,18215,33515,04 GHEE COUNTER,1311,Yes,04 GHEE COUNTER,-3936.0,Yes,Yes,No,,,,
20260405,66,Sales,ccde5e46-22b1-4fd7-8009-ffe387e3e86a-0000472f,18223,33523,04 GHEE COUNTER,1311,Yes,04 GHEE COUNTER,-5364.0,Yes,Yes,No,,,,
20260405,67,Sales,ccde5e46-22b1-4fd7-8009-ffe387e3e86a-00004731,18225,33525,08  Wadgaonkar  Sales,1313,Yes,08  Wadgaonkar  Sales,-270.0,Yes,Yes,No,,,,
20260405,68,Sales,ccde5e46-22b1-4fd7-8009-ffe387e3e86a-00004738,18232,33532,08  Wadgaonkar  Sales,1309,Yes,08  Wadgaonkar  Sales,665.0,Yes,Yes,No,,,,
20260405,69,Sales,ccde5e46-22b1-4fd7-8009-ffe387e3e86a-00004739,18233,33533,09   Pandurang  Sales,13010,Yes,09   Pandurang  Sales,213.0,Yes,Yes,No,,,,
20260405,70,Sales,ccde5e46-22b1-4fd7-8009-ffe387e3e86a-0000473c,18236,33536,02 Rsa Afternoon Milk Counter,,Yes,02 Rsa Afternoon Milk Counter,4803.0,Yes,Yes,No,,,,
20260405,71,Sales,ccde5e46-22b1-4fd7-8009-ffe387e3e86a-0000473e,18238,33538,04 GHEE COUNTER,1319,Yes,04 GHEE COUNTER,1788.0,Yes,Yes,No,,,,
20260406,72,Sales,ccde5e46-22b1-4fd7-8009-ffe387e3e86a-00004752,18258,33558,04 GHEE COUNTER,1323,Yes,04 GHEE COUNTER,-70903.4,Yes,Yes,No,,,,
20260406,73,Sales,ccde5e46-22b1-4fd7-8009-ffe387e3e86a-0000478b,18315,33648,04 GHEE COUNTER,,Yes,04 GHEE COUNTER,-250.0,Yes,Yes,No,,,,
20260406,74,Sales,ccde5e46-22b1-4fd7-8009-ffe387e3e86a-0000478d,18317,33650,04 GHEE COUNTER,,Yes,04 GHEE COUNTER,-900.0,Yes,Yes,No,,,,
20260406,75,Sales,ccde5e46-22b1-4fd7-8009-ffe387e3e86a-00004774,18292,36843,THE VEGAN  HOTEL,,Yes,THE VEGAN  HOTEL,-3180.0,Yes,Yes,No,,,,
20260406,75,Sales,ccde5e46-22b1-4fd7-8009-ffe387e3e86a-00004774,18292,36843,THE VEGAN  HOTEL,,Yes,Transport,140.0,No,No,No,,,,
20260406,76,Sales,ccde5e46-22b1-4fd7-8009-ffe387e3e86a-00004783,18307,33640,08  Wadgaonkar  Sales,,Yes,08  Wadgaonkar  Sales,-9034.0,Yes,Yes,No,,,,
20260406,77,Sales,ccde5e46-22b1-4fd7-8009-ffe387e3e86a-00004790,18320,35899,09   Pandurang  Sales,,Yes,09   Pandurang  Sales,-4098.0,Yes,Yes,No,,,,
20260406,78,Sales,ccde5e46-22b1-4fd7-8009-ffe387e3e86a-0000479b,18331,33664,01   Yash Morning  Milk Counter,,Yes,01   Yash Morning  Milk Counter,1232.4,Yes,Yes,No,,,,
20260406,79,Sales,ccde5e46-22b1-4fd7-8009-ffe387e3e86a-000047ab,18347,33680,04 GHEE COUNTER,,Yes,04 GHEE COUNTER,-1162.8,Yes,Yes,No,,,,
20260406,80,Sales,ccde5e46-22b1-4fd7-8009-ffe387e3e86a-000047ac,18348,33681,09   Pandurang  Sales,,Yes,09   Pandurang  Sales,-445.0,Yes,Yes,No,,,,
20260406,81,Sales,ccde5e46-22b1-4fd7-8009-ffe387e3e86a-000047c5,18373,35898,08  Wadgaonkar  Sales,,Yes,08  Wadgaonkar  Sales,658.0,Yes,Yes,No,,,,
20260406,82,Sales,ccde5e46-22b1-4fd7-8009-ffe387e3e86a-000047c6,18374,33707,09   Pandurang  Sales,,Yes,09   Pandurang  Sales,363.0,Yes,Yes,No,,,,
20260406,83,Sales,ccde5e46-22b1-4fd7-8009-ffe387e3e86a-000047c8,18376,33709,04 GHEE COUNTER,,Yes,04 GHEE COUNTER,-5544.0,Yes,Yes,No,,,,
20260406,84,Sales,ccde5e46-22b1-4fd7-8009-ffe387e3e86a-000047ca,18378,33742,04 GHEE COUNTER,,Yes,04 GHEE COUNTER,2148.0,Yes,Yes,No,,,,
20260406,85,Sales,ccde5e46-22b1-4fd7-8009-ffe387e3e86a-000047ce,18382,33766,02 Rsa Afternoon Milk Counter,,Yes,02 Rsa Afternoon Milk Counter,1107.0,Yes,Yes,No,,,,
20260406,86,Sales,ccde5e46-22b1-4fd7-8009-ffe387e3e86a-000047cf,18383,33809,02 Rsa Afternoon Milk Counter,,Yes,02 Rsa Afternoon Milk Counter,4256.0,Yes,Yes,No,,,,
20260407,91,Sales,ccde5e46-22b1-4fd7-8009-ffe387e3e86a-0000480b,18443,34092,02 Rsa Afternoon Milk Counter,,Yes,02 Rsa Afternoon Milk Counter,-5719.14,Yes,Yes,No,,,,
20260407,92,Sales,ccde5e46-22b1-4fd7-8009-ffe387e3e86a-0000480c,18444,35908,08  Wadgaonkar  Sales,1355,Yes,08  Wadgaonkar  Sales,-8394.0,Yes,Yes,No,,,,
20260407,93,Sales,ccde5e46-22b1-4fd7-8009-ffe387e3e86a-0000480f,18447,34096,09   Pandurang  Sales,1356,Yes,09   Pandurang  Sales,-2518.0,Yes,Yes,No,,,,
20260407,94,Sales,ccde5e46-22b1-4fd7-8009-ffe387e3e86a-00004812,18450,34101,02 Rsa Afternoon Milk Counter,,Yes,02 Rsa Afternoon Milk Counter,-1568.0,Yes,Yes,No,,,,
20260407,95,Sales,ccde5e46-22b1-4fd7-8009-ffe387e3e86a-00004813,18451,34102,02 Rsa Afternoon Milk Counter,,Yes,02 Rsa Afternoon Milk Counter,-1968.12,Yes,Yes,No,,,,
20260407,96,Sales,ccde5e46-22b1-4fd7-8009-ffe387e3e86a-00004816,18454,34234,01   Yash Morning  Milk Counter,,Yes,01   Yash Morning  Milk Counter,1776.5,Yes,Yes,No,,,,
20260407,97,Sales,ccde5e46-22b1-4fd7-8009-ffe387e3e86a-00004817,18455,34106,09   Pandurang  Sales,1356,Yes,09   Pandurang  Sales,-785.0,Yes,Yes,No,,,,
20260407,98,Sales,ccde5e46-22b1-4fd7-8009-ffe387e3e86a-00004818,18456,35907,08  Wadgaonkar  Sales,1357,Yes,08  Wadgaonkar  Sales,-1150.0,Yes,Yes,No,,,,
20260407,99,Sales,ccde5e46-22b1-4fd7-8009-ffe387e3e86a-0000483b,18491,34172,02 Rsa Afternoon Milk Counter,,Yes,02 Rsa Afternoon Milk Counter,-21129.8,Yes,Yes,No,,,,
20260407,100,Sales,ccde5e46-22b1-4fd7-8009-ffe387e3e86a-0000483f,18495,34233,13  ATM   B,,Yes,13  ATM   B,1189.62,Yes,Yes,No,,,,
20260407,101,Sales,ccde5e46-22b1-4fd7-8009-ffe387e3e86a-00004840,18496,34177,13  ATM   B,,Yes,13  ATM   B,3150.4,Yes,Yes,No,,,,
20260407,102,Sales,ccde5e46-22b1-4fd7-8009-ffe387e3e86a-0000484d,18509,34212,12  ATM  A,,Yes,12  ATM  A,-27128.14,Yes,Yes,No,,,,
20260407,103,Sales,ccde5e46-22b1-4fd7-8009-ffe387e3e86a-00004852,18514,34231,12  ATM  A,,Yes,12  ATM  A,-2318.4,Yes,Yes,No,,,,
20260407,104,Sales,ccde5e46-22b1-4fd7-8009-ffe387e3e86a-0000485a,18522,34241,08  Wadgaonkar  Sales,1358,Yes,08  Wadgaonkar  Sales,345.0,Yes,Yes,No,,,,
20260407,105,Sales,ccde5e46-22b1-4fd7-8009-ffe387e3e86a-0000485b,18523,34242,04 GHEE COUNTER,1368,Yes,04 GHEE COUNTER,-5292.0,Yes,Yes,No,,,,
20260407,106,Sales,ccde5e46-22b1-4fd7-8009-ffe387e3e86a-0000485f,18527,34246,09   Pandurang  Sales,1365,Yes,09   Pandurang  Sales,239.0,Yes,Yes,No,,,,
20260407,107,Sales,ccde5e46-22b1-4fd7-8009-ffe387e3e86a-00004860,18528,34247,02 Rsa Afternoon Milk Counter,,Yes,02 Rsa Afternoon Milk Counter,6905.02,Yes,Yes,No,,,,
20260407,108,Sales,ccde5e46-22b1-4fd7-8009-ffe387e3e86a-00004861,18529,34248,04 GHEE COUNTER,1366,Yes,04 GHEE COUNTER,1838.16,Yes,Yes,No,,,,
20260407,87,Sales,ccde5e46-22b1-4fd7-8009-ffe387e3e86a-000047e8,18408,33870,04 GHEE COUNTER,1353,Yes,04 GHEE COUNTER,-19465.6,Yes,Yes,No,,,,
20260407,88,Sales,ccde5e46-22b1-4fd7-8009-ffe387e3e86a-000047fa,18426,33920,04 GHEE COUNTER,1353+1354,Yes,04 GHEE COUNTER,432.8,Yes,Yes,No,,,,
20260407,89,Sales,ccde5e46-22b1-4fd7-8009-ffe387e3e86a-00004809,18441,34090,01   Yash Morning  Milk Counter,,Yes,01   Yash Morning  Milk Counter,-609.0,Yes,Yes,No,,,,
20260407,90,Sales,ccde5e46-22b1-4fd7-8009-ffe387e3e86a-0000480a,18442,34091,12  ATM  A,,Yes,12  ATM  A,-2195.1,Yes,Yes,No,,,,
20260408,109,Sales,ccde5e46-22b1-4fd7-8009-ffe387e3e86a-00004868,18536,34255,12  ATM  A,,Yes,12  ATM  A,-2290.4,Yes,Yes,No,,,,
20260408,110,Sales,ccde5e46-22b1-4fd7-8009-ffe387e3e86a-00004869,18537,34256,01   Yash Morning  Milk Counter,,Yes,01   Yash Morning  Milk Counter,-495.6,Yes,Yes,No,,,,
20260408,111,Sales,ccde5e46-22b1-4fd7-8009-ffe387e3e86a-0000486a,18538,34257,12  ATM  A,,Yes,12  ATM  A,-2205.36,Yes,Yes,No,,,,
20260408,112,Sales,ccde5e46-22b1-4fd7-8009-ffe387e3e86a-0000487c,18556,34275,04 GHEE COUNTER,1377,Yes,04 GHEE COUNTER,-42186.8,Yes,Yes,No,,,,
20260408,113,Sales,ccde5e46-22b1-4fd7-8009-ffe387e3e86a-0000487f,18559,34278,09   Pandurang  Sales,1380,Yes,09   Pandurang  Sales,-8674.0,Yes,Yes,No,,,,
20260408,114,Sales,ccde5e46-22b1-4fd7-8009-ffe387e3e86a-000048a6,18598,36844,THE VEGAN  HOTEL,,Yes,THE VEGAN  HOTEL,-3180.0,Yes,Yes,No,,,,
20260408,114,Sales,ccde5e46-22b1-4fd7-8009-ffe387e3e86a-000048a6,18598,36844,THE VEGAN  HOTEL,,Yes,Transport,140.0,No,No,No,,,,
20260408,115,Sales,ccde5e46-22b1-4fd7-8009-ffe387e3e86a-000048c3,18627,34386,01   Yash Morning  Milk Counter,,Yes,01   Yash Morning  Milk Counter,308.6,Yes,Yes,No,,,,
20260408,116,Sales,ccde5e46-22b1-4fd7-8009-ffe387e3e86a-000048e4,18660,34444,09   Pandurang  Sales,1383,Yes,09   Pandurang  Sales,-260.0,Yes,Yes,No,,,,
20260408,117,Sales,ccde5e46-22b1-4fd7-8009-ffe387e3e86a-000048e5,18661,34445,08  Wadgaonkar  Sales,1386,Yes,08  Wadgaonkar  Sales,-2400.0,Yes,Yes,No,,,,
20260408,118,Sales,ccde5e46-22b1-4fd7-8009-ffe387e3e86a-000048e6,18662,34446,04 GHEE COUNTER,1382,Yes,04 GHEE COUNTER,-10360.8,Yes,Yes,No,,,,
20260408,119,Sales,ccde5e46-22b1-4fd7-8009-ffe387e3e86a-000048ea,18666,34450,09   Pandurang  Sales,1391,Yes,09   Pandurang  Sales,158.0,Yes,Yes,No,,,,
20260408,120,Sales,ccde5e46-22b1-4fd7-8009-ffe387e3e86a-000048ef,18671,34455,08  Wadgaonkar  Sales,,Yes,08  Wadgaonkar  Sales,117.0,Yes,Yes,No,,,,
20260408,121,Sales,ccde5e46-22b1-4fd7-8009-ffe387e3e86a-000048f2,18674,34495,04 GHEE COUNTER,1389,Yes,04 GHEE COUNTER,384.0,Yes,Yes,No,,,,
20260408,122,Sales,ccde5e46-22b1-4fd7-8009-ffe387e3e86a-000048f3,18675,34459,02 Rsa Afternoon Milk Counter,,Yes,02 Rsa Afternoon Milk Counter,7724.2,Yes,Yes,No,,,,
20260408,123,Sales,ccde5e46-22b1-4fd7-8009-ffe387e3e86a-00005020,20512,36950,04 GHEE COUNTER,,Yes,04 GHEE COUNTER,-1084.8,Yes,Yes,No,,,,
20260409,124,Sales,ccde5e46-22b1-4fd7-8009-ffe387e3e86a-0000490d,18701,35848,04 GHEE COUNTER,1401,Yes,04 GHEE COUNTER,-43576.76,Yes,Yes,No,,,,
20260409,125,Sales,ccde5e46-22b1-4fd7-8009-ffe387e3e86a-0000491e,18718,34512,08  Wadgaonkar  Sales,1404,Yes,08  Wadgaonkar  Sales,-11724.0,Yes,Yes,No,,,,
20260409,126,Sales,ccde5e46-22b1-4fd7-8009-ffe387e3e86a-0000492e,18734,36845,THE VEGAN  HOTEL,``,Yes,THE VEGAN  HOTEL,-3180.0,Yes,Yes,No,,,,
20260409,126,Sales,ccde5e46-22b1-4fd7-8009-ffe387e3e86a-0000492e,18734,36845,THE VEGAN  HOTEL,``,Yes,Transport,140.0,No,No,No,,,,
20260409,127,Sales,ccde5e46-22b1-4fd7-8009-ffe387e3e86a-00004957,18775,34571,01   Yash Morning  Milk Counter,,Yes,01   Yash Morning  Milk Counter,952.2,Yes,Yes,No,,,,
20260409,128,Sales,ccde5e46-22b1-4fd7-8009-ffe387e3e86a-0000495d,18781,34602,09   Pandurang  Sales,,Yes,09   Pandurang  Sales,-2090.0,Yes,Yes,No,,,,
20260409,129,Sales,ccde5e46-22b1-4fd7-8009-ffe387e3e86a-00004cd4,19668,35935,09   Pandurang  Sales,,Yes,09   Pandurang  Sales,70.0,Yes,Yes,No,,,,
20260409,130,Sales,ccde5e46-22b1-4fd7-8009-ffe387e3e86a-00004cd3,19667,35936,09   Pandurang  Sales,,Yes,09   Pandurang  Sales,-315.0,Yes,Yes,No,,,,
20260409,131,Sales,ccde5e46-22b1-4fd7-8009-ffe387e3e86a-0000495e,18782,35937,04 GHEE COUNTER,,Yes,04 GHEE COUNTER,-16902.0,Yes,Yes,No,,,,
20260409,132,Sales,ccde5e46-22b1-4fd7-8009-ffe387e3e86a-0000495f,18783,35938,08  Wadgaonkar  Sales,,Yes,08  Wadgaonkar  Sales,-1700.0,Yes,Yes,No,,,,
20260409,133,Sales,ccde5e46-22b1-4fd7-8009-ffe387e3e86a-00004979,18809,34634,08  Wadgaonkar  Sales,1413,Yes,08  Wadgaonkar  Sales,551.0,Yes,Yes,No,,,,
20260409,134,Sales,ccde5e46-22b1-4fd7-8009-ffe387e3e86a-0000497e,18814,34637,04 GHEE COUNTER,1414,Yes,04 GHEE COUNTER,588.0,Yes,Yes,No,,,,
20260409,135,Sales,ccde5e46-22b1-4fd7-8009-ffe387e3e86a-00004981,18817,34640,02 Rsa Afternoon Milk Counter,,Yes,02 Rsa Afternoon Milk Counter,6164.0,Yes,Yes,No,,,,
20260410,136,Sales,ccde5e46-22b1-4fd7-8009-ffe387e3e86a-000049a1,18849,34674,12  ATM  A,,Yes,12  ATM  A,3248.0,Yes,Yes,No,,,,
20260410,137,Sales,ccde5e46-22b1-4fd7-8009-ffe387e3e86a-000049c2,18882,34714,04 GHEE COUNTER,1425,Yes,04 GHEE COUNTER,-53431.6,Yes,Yes,No,,,,
20260410,138,Sales,ccde5e46-22b1-4fd7-8009-ffe387e3e86a-000049c5,18885,34717,09   Pandurang  Sales,1428,Yes,09   Pandurang  Sales,-2968.0,Yes,Yes,No,,,,
20260410,139,Sales,ccde5e46-22b1-4fd7-8009-ffe387e3e86a-000049cb,18891,34723,08  Wadgaonkar  Sales,1433,Yes,08  Wadgaonkar  Sales,-9484.0,Yes,Yes,No,,,,
20260410,140,Sales,ccde5e46-22b1-4fd7-8009-ffe387e3e86a-00004cd2,19666,35930,08  Wadgaonkar  Sales,,Yes,08  Wadgaonkar  Sales,126.0,Yes,Yes,No,,,,
20260410,141,Sales,ccde5e46-22b1-4fd7-8009-ffe387e3e86a-00004cd1,19665,35928,08  Wadgaonkar  Sales,,Yes,08  Wadgaonkar  Sales,-4168.0,Yes,Yes,No,,,,
20260410,142,Sales,ccde5e46-22b1-4fd7-8009-ffe387e3e86a-000049db,18907,34741,ANNAAMRITA FOUNDATION,,Yes,ANNAAMRITA FOUNDATION,-2405.0,Yes,Yes,No,,,,
20260410,143,Sales,ccde5e46-22b1-4fd7-8009-ffe387e3e86a-000049e3,18915,34749,01   Yash Morning  Milk Counter,,Yes,01   Yash Morning  Milk Counter,1178.4,Yes,Yes,No,,,,
20260410,144,Sales,ccde5e46-22b1-4fd7-8009-ffe387e3e86a-000049f5,18933,34777,12  ATM  A,,Yes,12  ATM  A,5592.4,Yes,Yes,No,,,,
20260410,145,Sales,ccde5e46-22b1-4fd7-8009-ffe387e3e86a-00004a0f,18959,34858,02 Rsa Afternoon Milk Counter,,Yes,02 Rsa Afternoon Milk Counter,3046.26,Yes,Yes,No,,,,
20260410,146,Sales,ccde5e46-22b1-4fd7-8009-ffe387e3e86a-00004a28,18984,34883,09   Pandurang  Sales,,Yes,09   Pandurang  Sales,388.0,Yes,Yes,No,,,,
20260410,147,Sales,ccde5e46-22b1-4fd7-8009-ffe387e3e86a-00004cd7,19671,35940,09   Pandurang  Sales,,Yes,09   Pandurang  Sales,-360.0,Yes,Yes,No,,,,
20260410,148,Sales,ccde5e46-22b1-4fd7-8009-ffe387e3e86a-00004a2d,18989,34888,04 GHEE COUNTER,,Yes,04 GHEE COUNTER,1140.0,Yes,Yes,No,,,,
20260410,149,Sales,ccde5e46-22b1-4fd7-8009-ffe387e3e86a-000049c3,18883,36846,THE VEGAN  HOTEL,``,Yes,THE VEGAN  HOTEL,-3180.0,Yes,Yes,No,,,,
20260410,149,Sales,ccde5e46-22b1-4fd7-8009-ffe387e3e86a-000049c3,18883,36846,THE VEGAN  HOTEL,``,Yes,Transport,140.0,No,No,No,,,,
20260410,150,Sales,ccde5e46-22b1-4fd7-8009-ffe387e3e86a-00004eb5,20149,59061,Hattekar's Girija Catterors,,Yes,Hattekar's Girija Catterors,-680.0,Yes,Yes,No,,,,
20260411,151,Sales,ccde5e46-22b1-4fd7-8009-ffe387e3e86a-00004a27,18983,34882,08  Wadgaonkar  Sales,,Yes,08  Wadgaonkar  Sales,126.0,Yes,Yes,No,,,,
20260411,152,Sales,ccde5e46-22b1-4fd7-8009-ffe387e3e86a-00004a42,19010,36847,THE VEGAN  HOTEL,``,Yes,THE VEGAN  HOTEL,-3180.0,Yes,Yes,No,,,,
20260411,152,Sales,ccde5e46-22b1-4fd7-8009-ffe387e3e86a-00004a42,19010,36847,THE VEGAN  HOTEL,``,Yes,Transport,140.0,No,No,No,,,,
20260411,153,Sales,ccde5e46-22b1-4fd7-8009-ffe387e3e86a-00004a68,19048,34955,09   Pandurang  Sales,,Yes,09   Pandurang  Sales,-10452.0,Yes,Yes,No,,,,
20260411,154,Sales,ccde5e46-22b1-4fd7-8009-ffe387e3e86a-00004a69,19049,34956,04 GHEE COUNTER,,Yes,04 GHEE COUNTER,-37782.4,Yes,Yes,No,,,,
20260411,155,Sales,ccde5e46-22b1-4fd7-8009-ffe387e3e86a-00004a6e,19054,34961,01   Yash Morning  Milk Counter,,Yes,01   Yash Morning  Milk Counter,2051.4,Yes,Yes,No,,,,
20260411,156,Sales,ccde5e46-22b1-4fd7-8009-ffe387e3e86a-00004a91,19089,34997,09   Pandurang  Sales,,Yes,09   Pandurang  Sales,-980.0,Yes,Yes,No,,,,
20260411,157,Sales,ccde5e46-22b1-4fd7-8009-ffe387e3e86a-00004a92,19090,34998,04 GHEE COUNTER,,Yes,04 GHEE COUNTER,-7041.6,Yes,Yes,No,,,,
20260411,158,Sales,ccde5e46-22b1-4fd7-8009-ffe387e3e86a-00004a99,19097,35005,02 Rsa Afternoon Milk Counter,,Yes,02 Rsa Afternoon Milk Counter,6184.4,Yes,Yes,No,,,,
20260411,159,Sales,ccde5e46-22b1-4fd7-8009-ffe387e3e86a-00004aa2,19106,35014,08  Wadgaonkar  Sales,,Yes,08  Wadgaonkar  Sales,65.0,Yes,Yes,No,,,,
20260411,160,Sales,ccde5e46-22b1-4fd7-8009-ffe387e3e86a-00004f2c,20268,36621,08  Wadgaonkar  Sales,,Yes,08  Wadgaonkar  Sales,-8617.0,Yes,Yes,No,,,,
20260411,161,Sales,ccde5e46-22b1-4fd7-8009-ffe387e3e86a-00004aa3,19107,35015,09   Pandurang  Sales,,Yes,09   Pandurang  Sales,795.0,Yes,Yes,No,,,,
20260411,162,Sales,ccde5e46-22b1-4fd7-8009-ffe387e3e86a-00004aa4,19108,35016,04 GHEE COUNTER,,Yes,04 GHEE COUNTER,760.0,Yes,Yes,No,,,,
20260411,163,Sales,ccde5e46-22b1-4fd7-8009-ffe387e3e86a-000052c3,21187,37851,08  Wadgaonkar  Sales,,Yes,08  Wadgaonkar  Sales,405.0,Yes,Yes,No,,,,
20260412,164,Sales,ccde5e46-22b1-4fd7-8009-ffe387e3e86a-00004ade,19166,36848,THE VEGAN  HOTEL,,Yes,THE VEGAN  HOTEL,-3180.0,Yes,Yes,No,,,,
20260412,164,Sales,ccde5e46-22b1-4fd7-8009-ffe387e3e86a-00004ade,19166,36848,THE VEGAN  HOTEL,,Yes,Transport,140.0,No,No,No,,,,
20260412,165,Sales,ccde5e46-22b1-4fd7-8009-ffe387e3e86a-00004b01,19201,35174,08  Wadgaonkar  Sales,,Yes,08  Wadgaonkar  Sales,-6794.0,Yes,Yes,No,,,,
20260412,166,Sales,ccde5e46-22b1-4fd7-8009-ffe387e3e86a-00004b02,19202,35175,01   Yash Morning  Milk Counter,,Yes,01   Yash Morning  Milk Counter,1735.0,Yes,Yes,No,,,,
20260412,167,Sales,ccde5e46-22b1-4fd7-8009-ffe387e3e86a-00004b03,19203,35176,04 GHEE COUNTER,,Yes,04 GHEE COUNTER,-11548.0,Yes,Yes,No,,,,
20260412,168,Sales,ccde5e46-22b1-4fd7-8009-ffe387e3e86a-00004b05,19205,35178,04 GHEE COUNTER,,Yes,04 GHEE COUNTER,-8831.0,Yes,Yes,No,,,,
20260412,169,Sales,ccde5e46-22b1-4fd7-8009-ffe387e3e86a-00004b06,19206,35179,09   Pandurang  Sales,,Yes,09   Pandurang  Sales,-2475.0,Yes,Yes,No,,,,
20260412,170,Sales,ccde5e46-22b1-4fd7-8009-ffe387e3e86a-00004b1d,19229,35249,04 GHEE COUNTER,,Yes,04 GHEE COUNTER,-3324.16,Yes,Yes,No,,,,
20260412,171,Sales,ccde5e46-22b1-4fd7-8009-ffe387e3e86a-00004b1e,19230,35846,04 GHEE COUNTER,,Yes,04 GHEE COUNTER,-13504.0,Yes,Yes,No,,,,
20260412,172,Sales,ccde5e46-22b1-4fd7-8009-ffe387e3e86a-00004b24,19236,35256,08  Wadgaonkar  Sales,,Yes,08  Wadgaonkar  Sales,-1458.0,Yes,Yes,No,,,,
20260412,173,Sales,ccde5e46-22b1-4fd7-8009-ffe387e3e86a-00004b25,19237,35257,08  Wadgaonkar  Sales,,Yes,08  Wadgaonkar  Sales,242.0,Yes,Yes,No,,,,
20260412,174,Sales,ccde5e46-22b1-4fd7-8009-ffe387e3e86a-00004b26,19238,35258,09   Pandurang  Sales,,Yes,09   Pandurang  Sales,316.0,Yes,Yes,No,,,,
20260412,175,Sales,ccde5e46-22b1-4fd7-8009-ffe387e3e86a-00004b2d,19245,35265,02 Rsa Afternoon Milk Counter,,Yes,02 Rsa Afternoon Milk Counter,8800.4,Yes,Yes,No,,,,
20260412,176,Sales,ccde5e46-22b1-4fd7-8009-ffe387e3e86a-00004b2f,19247,35267,04 GHEE COUNTER,,Yes,04 GHEE COUNTER,1543.44,Yes,Yes,No,,,,
20260412,177,Sales,ccde5e46-22b1-4fd7-8009-ffe387e3e86a-00004b65,19301,35357,04 GHEE COUNTER,,Yes,04 GHEE COUNTER,-320.0,Yes,Yes,No,,,,
20260413,178,Sales,ccde5e46-22b1-4fd7-8009-ffe387e3e86a-00004b67,19303,35360,04 GHEE COUNTER,,Yes,04 GHEE COUNTER,-75985.8,Yes,Yes,No,,,,
20260413,179,Sales,ccde5e46-22b1-4fd7-8009-ffe387e3e86a-00004b6b,19307,35364,08  Wadgaonkar  Sales,,Yes,08  Wadgaonkar  Sales,-10844.0,Yes,Yes,No,,,,
20260413,180,Sales,ccde5e46-22b1-4fd7-8009-ffe387e3e86a-00004b74,19316,38084,THE VEGAN  HOTEL,,Yes,THE VEGAN  HOTEL,-3180.0,Yes,Yes,No,,,,
20260413,180,Sales,ccde5e46-22b1-4fd7-8009-ffe387e3e86a-00004b74,19316,38084,THE VEGAN  HOTEL,,Yes,Transport,140.0,No,No,No,,,,
20260413,181,Sales,ccde5e46-22b1-4fd7-8009-ffe387e3e86a-00004b8f,19343,35405,01   Yash Morning  Milk Counter,,Yes,01   Yash Morning  Milk Counter,546.0,Yes,Yes,No,,,,
20260413,182,Sales,ccde5e46-22b1-4fd7-8009-ffe387e3e86a-00004b97,19351,35415,13  ATM   B,,Yes,13  ATM   B,4580.4,Yes,Yes,No,,,,
20260413,183,Sales,ccde5e46-22b1-4fd7-8009-ffe387e3e86a-00004b98,19352,35416,04 GHEE COUNTER,1501,Yes,04 GHEE COUNTER,-1588.8,Yes,Yes,No,,,,
20260413,184,Sales,ccde5e46-22b1-4fd7-8009-ffe387e3e86a-00004b99,19353,35417,08  Wadgaonkar  Sales,1504,Yes,08  Wadgaonkar  Sales,-2758.0,Yes,Yes,No,,,,
20260413,185,Sales,ccde5e46-22b1-4fd7-8009-ffe387e3e86a-00004ba6,19366,35430,08  Wadgaonkar  Sales,1507,Yes,08  Wadgaonkar  Sales,-7650.0,Yes,Yes,No,,,,
20260413,186,Sales,ccde5e46-22b1-4fd7-8009-ffe387e3e86a-00004ba7,19367,35431,04 GHEE COUNTER,1512,Yes,04 GHEE COUNTER,-3282.0,Yes,Yes,No,,,,
20260413,187,Sales,ccde5e46-22b1-4fd7-8009-ffe387e3e86a-00004bb1,19377,35441,02 Rsa Afternoon Milk Counter,,Yes,02 Rsa Afternoon Milk Counter,3636.4,Yes,Yes,No,,,,
20260413,188,Sales,ccde5e46-22b1-4fd7-8009-ffe387e3e86a-00004bb6,19382,35446,04 GHEE COUNTER,1517,Yes,04 GHEE COUNTER,1528.32,Yes,Yes,No,,,,
20260414,189,Sales,ccde5e46-22b1-4fd7-8009-ffe387e3e86a-00004bc6,19398,35462,04 GHEE COUNTER,1521,Yes,04 GHEE COUNTER,-14986.4,Yes,Yes,No,,,,
20260414,190,Sales,ccde5e46-22b1-4fd7-8009-ffe387e3e86a-00004bc7,19399,35463,01   Yash Morning  Milk Counter,,Yes,01   Yash Morning  Milk Counter,0.0,Yes,Yes,No,,,,
20260414,191,Sales,ccde5e46-22b1-4fd7-8009-ffe387e3e86a-00004bdc,19420,35510,04 GHEE COUNTER,1521,Yes,04 GHEE COUNTER,720.0,Yes,Yes,No,,,,
20260414,192,Sales,ccde5e46-22b1-4fd7-8009-ffe387e3e86a-00004bea,19434,35527,08  Wadgaonkar  Sales,1523,Yes,08  Wadgaonkar  Sales,-8082.0,Yes,Yes,No,,,,
20260414,193,Sales,ccde5e46-22b1-4fd7-8009-ffe387e3e86a-00007881,30849,55529,08  Wadgaonkar  Sales,,Yes,08  Wadgaonkar  Sales,-800.0,Yes,Yes,No,,,,
20260414,194,Sales,ccde5e46-22b1-4fd7-8009-ffe387e3e86a-00004c1f,19487,35608,01   Yash Morning  Milk Counter,,Yes,01   Yash Morning  Milk Counter,1023.8,Yes,Yes,No,,,,
20260414,195,Sales,ccde5e46-22b1-4fd7-8009-ffe387e3e86a-00004c3a,19514,35655,04 GHEE COUNTER,1527,Yes,04 GHEE COUNTER,-21600.0,Yes,Yes,No,,,,
20260414,196,Sales,ccde5e46-22b1-4fd7-8009-ffe387e3e86a-00004c3b,19515,35656,08  Wadgaonkar  Sales,1528,Yes,08  Wadgaonkar  Sales,-1900.0,Yes,Yes,No,,,,
20260414,197,Sales,ccde5e46-22b1-4fd7-8009-ffe387e3e86a-00004c47,19527,35668,08  Wadgaonkar  Sales,1536,Yes,08  Wadgaonkar  Sales,1242.0,Yes,Yes,No,,,,
20260414,198,Sales,ccde5e46-22b1-4fd7-8009-ffe387e3e86a-00004c48,19528,35669,04 GHEE COUNTER,1533,Yes,04 GHEE COUNTER,-2596.8,Yes,Yes,No,,,,
20260414,199,Sales,ccde5e46-22b1-4fd7-8009-ffe387e3e86a-00004c51,19537,35696,02 Rsa Afternoon Milk Counter,,Yes,02 Rsa Afternoon Milk Counter,4319.0,Yes,Yes,No,,,,
20260414,189,Sales,ccde5e46-22b1-4fd7-8009-ffe387e3e86a-00004bc6,19398,35462,04 GHEE COUNTER,1521,Yes,04 GHEE COUNTER,-14986.4,Yes,Yes,No,,,,
20260414,200,Sales,ccde5e46-22b1-4fd7-8009-ffe387e3e86a-00004c52,19538,35697,04 GHEE COUNTER,1533,Yes,04 GHEE COUNTER,3522.48,Yes,Yes,No,,,,
20260414,201,Sales,ccde5e46-22b1-4fd7-8009-ffe387e3e86a-00004be1,19425,35708,THE VEGAN  HOTEL,,Yes,THE VEGAN  HOTEL,-3180.0,Yes,Yes,No,,,,
20260414,201,Sales,ccde5e46-22b1-4fd7-8009-ffe387e3e86a-00004be1,19425,35708,THE VEGAN  HOTEL,,Yes,Transport,140.0,No,No,No,,,,
20260415,202,Sales,ccde5e46-22b1-4fd7-8009-ffe387e3e86a-00004c5c,19548,35707,12  ATM  A,,Yes,12  ATM  A,-2178.36,Yes,Yes,No,,,,
20260415,203,Sales,ccde5e46-22b1-4fd7-8009-ffe387e3e86a-00004c5d,19549,35709,THE VEGAN  HOTEL,,Yes,THE VEGAN  HOTEL,-3180.0,Yes,Yes,No,,,,
20260415,203,Sales,ccde5e46-22b1-4fd7-8009-ffe387e3e86a-00004c5d,19549,35709,THE VEGAN  HOTEL,,Yes,Transport,140.0,No,No,No,,,,
20260415,204,Sales,ccde5e46-22b1-4fd7-8009-ffe387e3e86a-00004c63,19555,35717,04 GHEE COUNTER,1543,Yes,04 GHEE COUNTER,-41801.68,Yes,Yes,No,,,,
20260415,205,Sales,ccde5e46-22b1-4fd7-8009-ffe387e3e86a-00004cab,19627,35855,04 GHEE COUNTER,,Yes,04 GHEE COUNTER,-525.0,Yes,Yes,No,,,,
20260415,206,Sales,ccde5e46-22b1-4fd7-8009-ffe387e3e86a-00004cce,19662,35923,04 GHEE COUNTER,,Yes,04 GHEE COUNTER,-10908.0,Yes,Yes,No,,,,
20260415,207,Sales,ccde5e46-22b1-4fd7-8009-ffe387e3e86a-00004cb4,19636,35872,04 GHEE COUNTER,1553,Yes,04 GHEE COUNTER,-11412.0,Yes,Yes,No,,,,
20260415,208,Sales,ccde5e46-22b1-4fd7-8009-ffe387e3e86a-00004cb5,19637,35873,04 GHEE COUNTER,1547,Yes,04 GHEE COUNTER,-1680.8,Yes,Yes,No,,,,
20260415,209,Sales,ccde5e46-22b1-4fd7-8009-ffe387e3e86a-00004cbc,19644,35882,01   Yash Morning  Milk Counter,,Yes,01   Yash Morning  Milk Counter,792.6,Yes,Yes,No,,,,
20260415,210,Sales,ccde5e46-22b1-4fd7-8009-ffe387e3e86a-00004ccb,19659,35920,08  Wadgaonkar  Sales,,Yes,08  Wadgaonkar  Sales,-10174.0,Yes,Yes,No,,,,
20260415,211,Sales,ccde5e46-22b1-4fd7-8009-ffe387e3e86a-00004ccf,19663,35924,12  ATM  A,,Yes,12  ATM  A,7233.0,Yes,Yes,No,,,,
20260415,212,Sales,ccde5e46-22b1-4fd7-8009-ffe387e3e86a-00004ce9,19689,35958,04 GHEE COUNTER,,Yes,04 GHEE COUNTER,720.0,Yes,Yes,No,,,,
20260415,213,Sales,ccde5e46-22b1-4fd7-8009-ffe387e3e86a-00004ced,19693,35962,02 Rsa Afternoon Milk Counter,,Yes,02 Rsa Afternoon Milk Counter,6721.0,Yes,Yes,No,,,,
20260415,214,Sales,ccde5e46-22b1-4fd7-8009-ffe387e3e86a-00004cf4,19700,35971,04 GHEE COUNTER,1559+1557,Yes,04 GHEE COUNTER,336.0,Yes,Yes,No,,,,
20260415,215,Sales,ccde5e46-22b1-4fd7-8009-ffe387e3e86a-00004cf5,19701,35972,08  Wadgaonkar  Sales,1555,Yes,08  Wadgaonkar  Sales,2520.0,Yes,Yes,No,,,,
20260415,216,Sales,ccde5e46-22b1-4fd7-8009-ffe387e3e86a-00007892,30866,55563,08  Wadgaonkar  Sales,,Yes,08  Wadgaonkar  Sales,-3775.0,Yes,Yes,No,,,,
20260416,217,Sales,ccde5e46-22b1-4fd7-8009-ffe387e3e86a-00004d1e,19742,36339,THE VEGAN  HOTEL,,Yes,THE VEGAN  HOTEL,-3180.0,Yes,Yes,No,,,,
20260416,217,Sales,ccde5e46-22b1-4fd7-8009-ffe387e3e86a-00004d1e,19742,36339,THE VEGAN  HOTEL,,Yes,Transport,140.0,No,No,No,,,,
20260416,218,Sales,ccde5e46-22b1-4fd7-8009-ffe387e3e86a-00004d57,19799,36076,04 GHEE COUNTER,1571,Yes,04 GHEE COUNTER,-14823.52,Yes,Yes,No,,,,
20260416,219,Sales,ccde5e46-22b1-4fd7-8009-ffe387e3e86a-00004d58,19800,36078,04 GHEE COUNTER,1577,Yes,04 GHEE COUNTER,-8335.2,Yes,Yes,No,,,,
20260416,220,Sales,ccde5e46-22b1-4fd7-8009-ffe387e3e86a-00004d61,19809,36087,04 GHEE COUNTER,1579,Yes,04 GHEE COUNTER,-37383.0,Yes,Yes,No,,,,
20260416,221,Sales,ccde5e46-22b1-4fd7-8009-ffe387e3e86a-00004d65,19813,36091,08  Wadgaonkar  Sales,1573,Yes,08  Wadgaonkar  Sales,-9535.0,Yes,Yes,No,,,,
20260416,222,Sales,ccde5e46-22b1-4fd7-8009-ffe387e3e86a-00004d6a,19818,36096,09   Pandurang  Sales,1574,Yes,09   Pandurang  Sales,-3126.0,Yes,Yes,No,,,,
20260416,223,Sales,ccde5e46-22b1-4fd7-8009-ffe387e3e86a-00004d6b,19819,36097,08  Wadgaonkar  Sales,1580,Yes,08  Wadgaonkar  Sales,-3775.0,Yes,Yes,No,,,,
20260416,224,Sales,ccde5e46-22b1-4fd7-8009-ffe387e3e86a-00004d6d,19821,36099,09   Pandurang  Sales,1589,Yes,09   Pandurang  Sales,-9924.0,Yes,Yes,No,,,,
20260416,225,Sales,ccde5e46-22b1-4fd7-8009-ffe387e3e86a-00004d73,19827,36105,04 GHEE COUNTER,,Yes,04 GHEE COUNTER,-1440.0,Yes,Yes,No,,,,
20260416,226,Sales,ccde5e46-22b1-4fd7-8009-ffe387e3e86a-00004d77,19831,36109,04 GHEE COUNTER,1587,Yes,04 GHEE COUNTER,-1308.0,Yes,Yes,No,,,,
20260416,227,Sales,ccde5e46-22b1-4fd7-8009-ffe387e3e86a-00004d7a,19834,36112,08  Wadgaonkar  Sales,1585,Yes,08  Wadgaonkar  Sales,84.0,Yes,Yes,No,,,,
20260416,228,Sales,ccde5e46-22b1-4fd7-8009-ffe387e3e86a-00004d7b,19835,36113,04 GHEE COUNTER,1587,Yes,04 GHEE COUNTER,1190.4,Yes,Yes,No,,,,
20260416,229,Sales,ccde5e46-22b1-4fd7-8009-ffe387e3e86a-00004d7d,19837,36115,02 Rsa Afternoon Milk Counter,,Yes,02 Rsa Afternoon Milk Counter,6935.4,Yes,Yes,No,,,,
20260416,230,Sales,ccde5e46-22b1-4fd7-8009-ffe387e3e86a-00004d7f,19839,36117,04 GHEE COUNTER,,Yes,04 GHEE COUNTER,-360.0,Yes,Yes,No,,,,
20260416,231,Sales,ccde5e46-22b1-4fd7-8009-ffe387e3e86a-00004d43,19779,36193,01   Yash Morning  Milk Counter,,Yes,01   Yash Morning  Milk Counter,1106.78,Yes,Yes,No,,,,
20260416,232,Sales,ccde5e46-22b1-4fd7-8009-ffe387e3e86a-00004d81,19841,36195,09   Pandurang  Sales,1595,Yes,09   Pandurang  Sales,468.0,Yes,Yes,No,,,,
20260417,233,Sales,ccde5e46-22b1-4fd7-8009-ffe387e3e86a-00004dbc,19900,36340,THE VEGAN  HOTEL,,Yes,THE VEGAN  HOTEL,-3180.0,Yes,Yes,No,,,,
20260417,233,Sales,ccde5e46-22b1-4fd7-8009-ffe387e3e86a-00004dbc,19900,36340,THE VEGAN  HOTEL,,Yes,Transport,140.0,No,No,No,,,,
20260417,234,Sales,ccde5e46-22b1-4fd7-8009-ffe387e3e86a-00004dcd,19917,36361,04 GHEE COUNTER,1601,Yes,04 GHEE COUNTER,-42081.2,Yes,Yes,No,,,,
20260417,235,Sales,ccde5e46-22b1-4fd7-8009-ffe387e3e86a-00004dd2,19922,36220,08  Wadgaonkar  Sales,1599,Yes,08  Wadgaonkar  Sales,-9034.0,Yes,Yes,No,,,,
20260417,236,Sales,ccde5e46-22b1-4fd7-8009-ffe387e3e86a-00004dd3,19923,36221,09   Pandurang  Sales,1600,Yes,09   Pandurang  Sales,-2647.0,Yes,Yes,No,,,,
20260417,237,Sales,ccde5e46-22b1-4fd7-8009-ffe387e3e86a-00004de1,19937,36257,01   Yash Morning  Milk Counter,,Yes,01   Yash Morning  Milk Counter,1704.6,Yes,Yes,No,,,,
20260417,238,Sales,ccde5e46-22b1-4fd7-8009-ffe387e3e86a-00004deb,19947,36267,08  Wadgaonkar  Sales,1605,Yes,08  Wadgaonkar  Sales,-207.0,Yes,Yes,No,,,,
20260417,239,Sales,ccde5e46-22b1-4fd7-8009-ffe387e3e86a-00004dec,19948,36268,13  ATM   B,,Yes,13  ATM   B,2086.4,Yes,Yes,No,,,,
20260417,240,Sales,ccde5e46-22b1-4fd7-8009-ffe387e3e86a-00004dee,19950,36363,04 GHEE COUNTER,1603,Yes,04 GHEE COUNTER,-13821.6,Yes,Yes,No,,,,
20260417,241,Sales,ccde5e46-22b1-4fd7-8009-ffe387e3e86a-00004e01,19969,36289,09   Pandurang  Sales,1613,Yes,09   Pandurang  Sales,-1460.0,Yes,Yes,No,,,,
20260417,242,Sales,ccde5e46-22b1-4fd7-8009-ffe387e3e86a-00004e02,19970,36290,09   Pandurang  Sales,1619,Yes,09   Pandurang  Sales,152.0,Yes,Yes,No,,,,
20260417,243,Sales,ccde5e46-22b1-4fd7-8009-ffe387e3e86a-00004e0c,19980,36300,02 Rsa Afternoon Milk Counter,,Yes,02 Rsa Afternoon Milk Counter,6808.6,Yes,Yes,No,,,,
20260417,244,Sales,ccde5e46-22b1-4fd7-8009-ffe387e3e86a-00004e0e,19982,36302,04 GHEE COUNTER,1620,Yes,04 GHEE COUNTER,957.6,Yes,Yes,No,,,,
20260418,245,Sales,ccde5e46-22b1-4fd7-8009-ffe387e3e86a-00004e31,20017,36341,THE VEGAN  HOTEL,,Yes,THE VEGAN  HOTEL,-3180.0,Yes,Yes,No,,,,
20260418,245,Sales,ccde5e46-22b1-4fd7-8009-ffe387e3e86a-00004e31,20017,36341,THE VEGAN  HOTEL,,Yes,Transport,140.0,No,No,No,,,,
20260418,246,Sales,ccde5e46-22b1-4fd7-8009-ffe387e3e86a-00004e42,20034,36366,08  Wadgaonkar  Sales,1631,Yes,08  Wadgaonkar  Sales,-7802.0,Yes,Yes,No,,,,
20260418,247,Sales,ccde5e46-22b1-4fd7-8009-ffe387e3e86a-00004e59,20057,36393,09   Pandurang  Sales,1630,Yes,09   Pandurang  Sales,-2858.0,Yes,Yes,No,,,,
20260418,248,Sales,ccde5e46-22b1-4fd7-8009-ffe387e3e86a-00004e5e,20062,36398,04 GHEE COUNTER,1629,Yes,04 GHEE COUNTER,-21127.8,Yes,Yes,No,,,,
20260418,249,Sales,ccde5e46-22b1-4fd7-8009-ffe387e3e86a-00004e65,20069,36405,04 GHEE COUNTER,1628,Yes,04 GHEE COUNTER,-3528.0,Yes,Yes,No,,,,
20260418,250,Sales,ccde5e46-22b1-4fd7-8009-ffe387e3e86a-00004e69,20073,36409,01   Yash Morning  Milk Counter,,Yes,01   Yash Morning  Milk Counter,1764.2,Yes,Yes,No,,,,
20260418,251,Sales,ccde5e46-22b1-4fd7-8009-ffe387e3e86a-00004e6a,20074,36410,08  Wadgaonkar  Sales,1633,Yes,08  Wadgaonkar  Sales,-4866.0,Yes,Yes,No,,,,
20260418,252,Sales,ccde5e46-22b1-4fd7-8009-ffe387e3e86a-00004e6e,20078,36414,02 Rsa Afternoon Milk Counter,,Yes,02 Rsa Afternoon Milk Counter,-6240.0,Yes,Yes,No,,,,
20260418,253,Sales,ccde5e46-22b1-4fd7-8009-ffe387e3e86a-00004e6f,20079,36415,02 Rsa Afternoon Milk Counter,,Yes,02 Rsa Afternoon Milk Counter,-4309.2,Yes,Yes,No,,,,
20260418,254,Sales,ccde5e46-22b1-4fd7-8009-ffe387e3e86a-00004e70,20080,36416,02 Rsa Afternoon Milk Counter,,Yes,02 Rsa Afternoon Milk Counter,-8065.2,Yes,Yes,No,,,,
20260418,255,Sales,ccde5e46-22b1-4fd7-8009-ffe387e3e86a-00004e71,20081,36417,02 Rsa Afternoon Milk Counter,,Yes,02 Rsa Afternoon Milk Counter,-1712.9,Yes,Yes,No,,,,
20260418,256,Sales,ccde5e46-22b1-4fd7-8009-ffe387e3e86a-00004e74,20084,36420,09   Pandurang  Sales,1634,Yes,09   Pandurang  Sales,-130.0,Yes,Yes,No,,,,
20260418,257,Sales,ccde5e46-22b1-4fd7-8009-ffe387e3e86a-00004e75,20085,36421,04 GHEE COUNTER,1643,Yes,04 GHEE COUNTER,-13967.36,Yes,Yes,No,,,,
20260418,258,Sales,ccde5e46-22b1-4fd7-8009-ffe387e3e86a-00004e76,20086,36422,08  Wadgaonkar  Sales,1644,Yes,08  Wadgaonkar  Sales,-1250.0,Yes,Yes,No,,,,
20260418,259,Sales,ccde5e46-22b1-4fd7-8009-ffe387e3e86a-0000789e,30878,55726,08  Wadgaonkar  Sales,,Yes,08  Wadgaonkar  Sales,-650.0,Yes,Yes,No,,,,
20260418,260,Sales,ccde5e46-22b1-4fd7-8009-ffe387e3e86a-00004e7a,20090,36427,02 Rsa Afternoon Milk Counter,,Yes,02 Rsa Afternoon Milk Counter,-4287.6,Yes,Yes,No,,,,
20260418,261,Sales,ccde5e46-22b1-4fd7-8009-ffe387e3e86a-00004e8b,20107,36445,04 GHEE COUNTER,1641,Yes,04 GHEE COUNTER,-28640.0,Yes,Yes,No,,,,
20260418,262,Sales,ccde5e46-22b1-4fd7-8009-ffe387e3e86a-00004e8c,20108,36446,08  Wadgaonkar  Sales,1640,Yes,08  Wadgaonkar  Sales,-4560.0,Yes,Yes,No,,,,
20260418,263,Sales,ccde5e46-22b1-4fd7-8009-ffe387e3e86a-00004e8d,20109,36447,08  Wadgaonkar  Sales,1649,Yes,08  Wadgaonkar  Sales,695.0,Yes,Yes,No,,,,
20260418,264,Sales,ccde5e46-22b1-4fd7-8009-ffe387e3e86a-00004e8e,20110,36448,02 Rsa Afternoon Milk Counter,,Yes,02 Rsa Afternoon Milk Counter,3355.0,Yes,Yes,No,,,,
20260418,265,Sales,ccde5e46-22b1-4fd7-8009-ffe387e3e86a-00004e91,20113,36451,04 GHEE COUNTER,1647,Yes,04 GHEE COUNTER,-943.6,Yes,Yes,No,,,,
20260419,266,Sales,ccde5e46-22b1-4fd7-8009-ffe387e3e86a-00004eb8,20152,59148,Hattekar's Girija Catterors,,Yes,Hattekar's Girija Catterors,-2120.0,Yes,Yes,No,,,,
20260419,267,Sales,ccde5e46-22b1-4fd7-8009-ffe387e3e86a-00004ec6,20166,36505,04 GHEE COUNTER,1659,Yes,04 GHEE COUNTER,-48797.48,Yes,Yes,No,,,,
20260419,268,Sales,ccde5e46-22b1-4fd7-8009-ffe387e3e86a-00004ec9,20169,36706,08  Wadgaonkar  Sales,1661,Yes,08  Wadgaonkar  Sales,-7086.0,Yes,Yes,No,,,,
20260419,269,Sales,ccde5e46-22b1-4fd7-8009-ffe387e3e86a-00004ed7,20183,36836,THE VEGAN  HOTEL,,Yes,THE VEGAN  HOTEL,-3180.0,Yes,Yes,No,,,,
20260419,269,Sales,ccde5e46-22b1-4fd7-8009-ffe387e3e86a-00004ed7,20183,36836,THE VEGAN  HOTEL,,Yes,Transport,140.0,No,No,No,,,,
20260419,270,Sales,ccde5e46-22b1-4fd7-8009-ffe387e3e86a-00004ee4,20196,36703,08  Wadgaonkar  Sales,1668,Yes,08  Wadgaonkar  Sales,-4692.0,Yes,Yes,No,,,,
20260419,271,Sales,ccde5e46-22b1-4fd7-8009-ffe387e3e86a-00004ee6,20198,36541,04 GHEE COUNTER,1666,Yes,04 GHEE COUNTER,144.0,Yes,Yes,No,,,,
20260419,272,Sales,ccde5e46-22b1-4fd7-8009-ffe387e3e86a-00004eee,20206,36550,01   Yash Morning  Milk Counter,,Yes,01   Yash Morning  Milk Counter,1384.0,Yes,Yes,No,,,,
20260419,273,Sales,ccde5e46-22b1-4fd7-8009-ffe387e3e86a-00004ef6,20214,36564,04 GHEE COUNTER,1666,Yes,04 GHEE COUNTER,-8316.0,Yes,Yes,No,,,,
20260419,274,Sales,ccde5e46-22b1-4fd7-8009-ffe387e3e86a-00004f0d,20237,36704,08  Wadgaonkar  Sales,1674,Yes,08  Wadgaonkar  Sales,655.0,Yes,Yes,No,,,,
20260419,275,Sales,ccde5e46-22b1-4fd7-8009-ffe387e3e86a-00004f0e,20238,36588,04 GHEE COUNTER,1669,Yes,04 GHEE COUNTER,1164.0,Yes,Yes,No,,,,
20260419,276,Sales,ccde5e46-22b1-4fd7-8009-ffe387e3e86a-00004f10,20240,36590,02 Rsa Afternoon Milk Counter,,Yes,02 Rsa Afternoon Milk Counter,6159.0,Yes,Yes,No,,,,
20260420,277,Sales,ccde5e46-22b1-4fd7-8009-ffe387e3e86a-00004f25,20261,36612,04 GHEE COUNTER,1683,Yes,04 GHEE COUNTER,-35105.2,Yes,Yes,No,,,,
20260420,278,Sales,ccde5e46-22b1-4fd7-8009-ffe387e3e86a-00004f27,20263,36614,08  Wadgaonkar  Sales,1685,Yes,08  Wadgaonkar  Sales,-10044.0,Yes,Yes,No,,,,
20260420,279,Sales,ccde5e46-22b1-4fd7-8009-ffe387e3e86a-00004f28,20264,36615,09   Pandurang  Sales,,Yes,09   Pandurang  Sales,-4458.0,Yes,Yes,No,,,,
20260420,280,Sales,ccde5e46-22b1-4fd7-8009-ffe387e3e86a-000078a0,30880,55758,09   Pandurang  Sales,,Yes,09   Pandurang  Sales,-260.0,Yes,Yes,No,,,,
20260420,281,Sales,ccde5e46-22b1-4fd7-8009-ffe387e3e86a-00004f39,20281,36837,THE VEGAN  HOTEL,,Yes,THE VEGAN  HOTEL,-3180.0,Yes,Yes,No,,,,
20260420,281,Sales,ccde5e46-22b1-4fd7-8009-ffe387e3e86a-00004f39,20281,36837,THE VEGAN  HOTEL,,Yes,Transport,140.0,No,No,No,,,,
20260420,282,Sales,ccde5e46-22b1-4fd7-8009-ffe387e3e86a-00004f74,20340,36721,01   Yash Morning  Milk Counter,,Yes,01   Yash Morning  Milk Counter,1588.08,Yes,Yes,No,,,,
20260420,283,Sales,ccde5e46-22b1-4fd7-8009-ffe387e3e86a-00004f76,20342,36723,01   Yash Morning  Milk Counter,,Yes,01   Yash Morning  Milk Counter,182.0,Yes,Yes,No,,,,
20260420,284,Sales,ccde5e46-22b1-4fd7-8009-ffe387e3e86a-00004f8d,20365,36754,04 GHEE COUNTER,,Yes,04 GHEE COUNTER,-1179.6,Yes,Yes,No,,,,
20260420,285,Sales,ccde5e46-22b1-4fd7-8009-ffe387e3e86a-00004f8e,20366,36755,09   Pandurang  Sales,,Yes,09   Pandurang  Sales,-390.0,Yes,Yes,No,,,,
20260420,286,Sales,ccde5e46-22b1-4fd7-8009-ffe387e3e86a-00004f9b,20379,36769,04 GHEE COUNTER,,Yes,04 GHEE COUNTER,-1193.36,Yes,Yes,No,,,,
20260420,287,Sales,ccde5e46-22b1-4fd7-8009-ffe387e3e86a-00004fa2,20386,36776,02 Rsa Afternoon Milk Counter,,Yes,02 Rsa Afternoon Milk Counter,1942.4,Yes,Yes,No,,,,
20260420,288,Sales,ccde5e46-22b1-4fd7-8009-ffe387e3e86a-00004fa3,20387,36777,02 Rsa Afternoon Milk Counter,,Yes,02 Rsa Afternoon Milk Counter,2208.6,Yes,Yes,No,,,,
20260420,289,Sales,ccde5e46-22b1-4fd7-8009-ffe387e3e86a-00004fa4,20388,36778,08  Wadgaonkar  Sales,,Yes,08  Wadgaonkar  Sales,664.0,Yes,Yes,No,,,,
20260420,290,Sales,ccde5e46-22b1-4fd7-8009-ffe387e3e86a-00004fa5,20389,36779,09   Pandurang  Sales,,Yes,09   Pandurang  Sales,207.0,Yes,Yes,No,,,,
20260420,291,Sales,ccde5e46-22b1-4fd7-8009-ffe387e3e86a-00004fae,20398,36788,04 GHEE COUNTER,,Yes,04 GHEE COUNTER,1776.0,Yes,Yes,No,,,,
20260420,292,Sales,ccde5e46-22b1-4fd7-8009-ffe387e3e86a-00004faf,20399,36789,04 GHEE COUNTER,,Yes,04 GHEE COUNTER,-3270.0,Yes,Yes,No,,,,
20260420,293,Sales,ccde5e46-22b1-4fd7-8009-ffe387e3e86a-00004fb6,20406,36796,04 GHEE COUNTER,,Yes,04 GHEE COUNTER,-9468.0,Yes,Yes,No,,,,
20260421,294,Sales,ccde5e46-22b1-4fd7-8009-ffe387e3e86a-00004fca,20426,37381,04 GHEE COUNTER,1707,Yes,04 GHEE COUNTER,-34197.8,Yes,Yes,No,,,,
20260421,295,Sales,ccde5e46-22b1-4fd7-8009-ffe387e3e86a-00004fdb,20443,36838,THE VEGAN  HOTEL,,Yes,THE VEGAN  HOTEL,-3180.0,Yes,Yes,No,,,,
20260421,295,Sales,ccde5e46-22b1-4fd7-8009-ffe387e3e86a-00004fdb,20443,36838,THE VEGAN  HOTEL,,Yes,Transport,140.0,No,No,No,,,,
20260421,296,Sales,ccde5e46-22b1-4fd7-8009-ffe387e3e86a-00004ffc,20476,36913,08  Wadgaonkar  Sales,,Yes,08  Wadgaonkar  Sales,-9034.0,Yes,Yes,No,,,,
20260421,297,Sales,ccde5e46-22b1-4fd7-8009-ffe387e3e86a-00004fff,20479,36916,09   Pandurang  Sales,,Yes,09   Pandurang  Sales,-3774.0,Yes,Yes,No,,,,
20260421,298,Sales,ccde5e46-22b1-4fd7-8009-ffe387e3e86a-00005010,20496,36934,01   Yash Morning  Milk Counter,,Yes,01   Yash Morning  Milk Counter,3059.4,Yes,Yes,No,,,,
20260421,299,Sales,ccde5e46-22b1-4fd7-8009-ffe387e3e86a-00005019,20505,36943,09   Pandurang  Sales,,Yes,09   Pandurang  Sales,974.0,Yes,Yes,No,,,,
20260421,300,Sales,ccde5e46-22b1-4fd7-8009-ffe387e3e86a-000078a3,30883,55761,09   Pandurang  Sales,,Yes,09   Pandurang  Sales,200.0,Yes,Yes,No,,,,
20260421,301,Sales,ccde5e46-22b1-4fd7-8009-ffe387e3e86a-00005021,20513,36951,04 GHEE COUNTER,,Yes,04 GHEE COUNTER,-1084.8,Yes,Yes,No,,,,
20260421,302,Sales,ccde5e46-22b1-4fd7-8009-ffe387e3e86a-00005056,20566,37004,04 GHEE COUNTER,,Yes,04 GHEE COUNTER,-2583.6,Yes,Yes,No,,,,
20260421,303,Sales,ccde5e46-22b1-4fd7-8009-ffe387e3e86a-00005068,20584,37382,04 GHEE COUNTER,,Yes,04 GHEE COUNTER,-11700.0,Yes,Yes,No,,,,
20260421,304,Sales,ccde5e46-22b1-4fd7-8009-ffe387e3e86a-00005069,20585,37023,08  Wadgaonkar  Sales,,Yes,08  Wadgaonkar  Sales,-5400.0,Yes,Yes,No,,,,
20260421,305,Sales,ccde5e46-22b1-4fd7-8009-ffe387e3e86a-0000506a,20586,37024,08  Wadgaonkar  Sales,,Yes,08  Wadgaonkar  Sales,239.0,Yes,Yes,No,,,,
20260421,306,Sales,ccde5e46-22b1-4fd7-8009-ffe387e3e86a-00005077,20599,37037,02 Rsa Afternoon Milk Counter,,Yes,02 Rsa Afternoon Milk Counter,8261.8,Yes,Yes,No,,,,
20260421,307,Sales,ccde5e46-22b1-4fd7-8009-ffe387e3e86a-0000507b,20603,37041,04 GHEE COUNTER,,Yes,04 GHEE COUNTER,828.0,Yes,Yes,No,,,,
20260421,308,Sales,ccde5e46-22b1-4fd7-8009-ffe387e3e86a-00005134,20788,37333,Extra Counter,1707,Yes,Extra Counter,-34533.8,Yes,Yes,No,,,,
20260422,309,Sales,ccde5e46-22b1-4fd7-8009-ffe387e3e86a-00005091,20625,37063,08  Wadgaonkar  Sales,,Yes,08  Wadgaonkar  Sales,-8284.0,Yes,Yes,No,,,,
20260422,310,Sales,ccde5e46-22b1-4fd7-8009-ffe387e3e86a-00005092,20626,37064,09   Pandurang  Sales,,Yes,09   Pandurang  Sales,-3508.0,Yes,Yes,No,,,,
20260422,311,Sales,ccde5e46-22b1-4fd7-8009-ffe387e3e86a-00005093,20627,37065,04 GHEE COUNTER,,Yes,04 GHEE COUNTER,-29440.8,Yes,Yes,No,,,,
20260422,312,Sales,ccde5e46-22b1-4fd7-8009-ffe387e3e86a-00005094,20628,37279,04 GHEE COUNTER,,Yes,04 GHEE COUNTER,144.0,Yes,Yes,No,,,,
20260422,313,Sales,ccde5e46-22b1-4fd7-8009-ffe387e3e86a-000050aa,20650,37092,THE VEGAN  HOTEL,,Yes,THE VEGAN  HOTEL,-3180.0,Yes,Yes,No,,,,
20260422,313,Sales,ccde5e46-22b1-4fd7-8009-ffe387e3e86a-000050aa,20650,37092,THE VEGAN  HOTEL,,Yes,Transport,140.0,No,No,No,,,,
20260422,314,Sales,ccde5e46-22b1-4fd7-8009-ffe387e3e86a-000050d5,20693,37218,01   Yash Morning  Milk Counter,,Yes,01   Yash Morning  Milk Counter,3418.2,Yes,Yes,No,,,,
20260422,315,Sales,ccde5e46-22b1-4fd7-8009-ffe387e3e86a-000050d7,20695,37220,01   Yash Morning  Milk Counter,,Yes,01   Yash Morning  Milk Counter,2409.6,Yes,Yes,No,,,,
20260422,316,Sales,ccde5e46-22b1-4fd7-8009-ffe387e3e86a-000050e2,20706,37234,04 GHEE COUNTER,,Yes,04 GHEE COUNTER,-8640.0,Yes,Yes,No,,,,
20260422,317,Sales,ccde5e46-22b1-4fd7-8009-ffe387e3e86a-000050e8,20712,37240,13  ATM   B,,Yes,13  ATM   B,3164.64,Yes,Yes,No,,,,
20260422,318,Sales,ccde5e46-22b1-4fd7-8009-ffe387e3e86a-000050ec,20716,37244,08  Wadgaonkar  Sales,,Yes,08  Wadgaonkar  Sales,-650.0,Yes,Yes,No,,,,
20260422,319,Sales,ccde5e46-22b1-4fd7-8009-ffe387e3e86a-000050ed,20717,37245,09   Pandurang  Sales,,Yes,09   Pandurang  Sales,-1530.0,Yes,Yes,No,,,,
20260422,320,Sales,ccde5e46-22b1-4fd7-8009-ffe387e3e86a-000050ee,20718,37246,04 GHEE COUNTER,,Yes,04 GHEE COUNTER,-2455.6,Yes,Yes,No,,,,
20260422,321,Sales,ccde5e46-22b1-4fd7-8009-ffe387e3e86a-000050f4,20724,37252,08  Wadgaonkar  Sales,,Yes,08  Wadgaonkar  Sales,-3330.0,Yes,Yes,No,,,,
20260422,322,Sales,ccde5e46-22b1-4fd7-8009-ffe387e3e86a-00005100,20736,37266,04 GHEE COUNTER,1747,Yes,04 GHEE COUNTER,-8676.0,Yes,Yes,No,,,,
20260422,323,Sales,ccde5e46-22b1-4fd7-8009-ffe387e3e86a-00005104,20740,37270,09   Pandurang  Sales,,Yes,09   Pandurang  Sales,341.0,Yes,Yes,No,,,,
20260422,324,Sales,ccde5e46-22b1-4fd7-8009-ffe387e3e86a-00005105,20741,37271,08  Wadgaonkar  Sales,1748,Yes,08  Wadgaonkar  Sales,356.0,Yes,Yes,No,,,,
20260422,325,Sales,ccde5e46-22b1-4fd7-8009-ffe387e3e86a-00005109,20745,37275,02 Rsa Afternoon Milk Counter,,Yes,02 Rsa Afternoon Milk Counter,3273.0,Yes,Yes,No,,,,
20260422,326,Sales,ccde5e46-22b1-4fd7-8009-ffe387e3e86a-0000510b,20747,37277,04 GHEE COUNTER,1758,Yes,04 GHEE COUNTER,1314.0,Yes,Yes,No,,,,
20260422,327,Sales,ccde5e46-22b1-4fd7-8009-ffe387e3e86a-0000514a,20810,37363,Extra Counter,,Yes,Extra Counter,828.0,Yes,Yes,No,,,,
20260422,328,Sales,ccde5e46-22b1-4fd7-8009-ffe387e3e86a-0000514d,20813,37370,Extra Counter,,Yes,Extra Counter,-11700.0,Yes,Yes,No,,,,
20260422,329,Sales,ccde5e46-22b1-4fd7-8009-ffe387e3e86a-0000514e,20814,37372,Extra Counter,,Yes,Extra Counter,-2583.6,Yes,Yes,No,,,,
20260422,330,Sales,ccde5e46-22b1-4fd7-8009-ffe387e3e86a-0000514f,20815,37374,Extra Counter,,Yes,Extra Counter,-1084.8,Yes,Yes,No,,,,
20260423,331,Sales,ccde5e46-22b1-4fd7-8009-ffe387e3e86a-00005165,20837,37401,THE VEGAN  HOTEL,,Yes,THE VEGAN  HOTEL,-3180.0,Yes,Yes,No,,,,
20260423,331,Sales,ccde5e46-22b1-4fd7-8009-ffe387e3e86a-00005165,20837,37401,THE VEGAN  HOTEL,,Yes,Transport,140.0,No,No,No,,,,
20260423,332,Sales,ccde5e46-22b1-4fd7-8009-ffe387e3e86a-0000518e,20878,37505,01   Yash Morning  Milk Counter,,Yes,01   Yash Morning  Milk Counter,2429.8,Yes,Yes,No,,,,
20260423,333,Sales,ccde5e46-22b1-4fd7-8009-ffe387e3e86a-00005198,20888,37524,09   Pandurang  Sales,1769,Yes,09   Pandurang  Sales,-3368.0,Yes,Yes,No,,,,
20260423,334,Sales,ccde5e46-22b1-4fd7-8009-ffe387e3e86a-00005199,20889,37525,08  Wadgaonkar  Sales,1770,Yes,08  Wadgaonkar  Sales,-9564.0,Yes,Yes,No,,,,
20260423,335,Sales,ccde5e46-22b1-4fd7-8009-ffe387e3e86a-0000519a,20890,37526,04 GHEE COUNTER,1767,Yes,04 GHEE COUNTER,-17093.36,Yes,Yes,No,,,,
20260423,336,Sales,ccde5e46-22b1-4fd7-8009-ffe387e3e86a-0000519b,20891,37527,09   Pandurang  Sales,1782,Yes,09   Pandurang  Sales,-960.0,Yes,Yes,No,,,,
20260423,337,Sales,ccde5e46-22b1-4fd7-8009-ffe387e3e86a-0000519c,20892,37528,08  Wadgaonkar  Sales,1779,Yes,08  Wadgaonkar  Sales,-390.0,Yes,Yes,No,,,,
20260423,338,Sales,ccde5e46-22b1-4fd7-8009-ffe387e3e86a-000051a2,20898,37534,04 GHEE COUNTER,1780,Yes,04 GHEE COUNTER,-11412.0,Yes,Yes,No,,,,
20260423,339,Sales,ccde5e46-22b1-4fd7-8009-ffe387e3e86a-000051ae,20910,37553,04 GHEE COUNTER,1780,Yes,04 GHEE COUNTER,-3540.0,Yes,Yes,No,,,,
20260423,340,Sales,ccde5e46-22b1-4fd7-8009-ffe387e3e86a-000051b9,20921,37566,09   Pandurang  Sales,1785,Yes,09   Pandurang  Sales,80.0,Yes,Yes,No,,,,
20260423,341,Sales,ccde5e46-22b1-4fd7-8009-ffe387e3e86a-000051ba,20922,37567,08  Wadgaonkar  Sales,1786,Yes,08  Wadgaonkar  Sales,164.0,Yes,Yes,No,,,,
20260423,342,Sales,ccde5e46-22b1-4fd7-8009-ffe387e3e86a-000051bb,20923,37568,04 GHEE COUNTER,1784,Yes,04 GHEE COUNTER,1336.32,Yes,Yes,No,,,,
20260423,343,Sales,ccde5e46-22b1-4fd7-8009-ffe387e3e86a-000051bf,20927,37573,02 Rsa Afternoon Milk Counter,,Yes,02 Rsa Afternoon Milk Counter,5983.8,Yes,Yes,No,,,,
20260424,344,Sales,ccde5e46-22b1-4fd7-8009-ffe387e3e86a-000051e1,20961,37615,04 GHEE COUNTER,6003,Yes,04 GHEE COUNTER,-42543.2,Yes,Yes,No,,,,
20260424,345,Sales,ccde5e46-22b1-4fd7-8009-ffe387e3e86a-000051e2,20962,37616,09   Pandurang  Sales,6006,Yes,09   Pandurang  Sales,-9644.0,Yes,Yes,No,,,,
20260424,346,Sales,ccde5e46-22b1-4fd7-8009-ffe387e3e86a-000051fe,20990,38162,THE VEGAN  HOTEL,,Yes,THE VEGAN  HOTEL,-3180.0,Yes,Yes,No,,,,
20260424,346,Sales,ccde5e46-22b1-4fd7-8009-ffe387e3e86a-000051fe,20990,38162,THE VEGAN  HOTEL,,Yes,Transport,140.0,No,No,No,,,,
20260424,347,Sales,ccde5e46-22b1-4fd7-8009-ffe387e3e86a-00005212,21010,37664,01   Yash Morning  Milk Counter,,Yes,01   Yash Morning  Milk Counter,1319.2,Yes,Yes,No,,,,
20260424,348,Sales,ccde5e46-22b1-4fd7-8009-ffe387e3e86a-00005221,21025,37680,12  ATM  A,,Yes,12  ATM  A,6472.2,Yes,Yes,No,,,,
20260424,349,Sales,ccde5e46-22b1-4fd7-8009-ffe387e3e86a-0000522e,21038,37693,04 GHEE COUNTER,6004,Yes,04 GHEE COUNTER,-19260.0,Yes,Yes,No,,,,
20260424,350,Sales,ccde5e46-22b1-4fd7-8009-ffe387e3e86a-0000522f,21039,37694,09   Pandurang  Sales,6007,Yes,09   Pandurang  Sales,-6616.0,Yes,Yes,No,,,,
20260424,351,Sales,ccde5e46-22b1-4fd7-8009-ffe387e3e86a-000078cb,30923,55951,09   Pandurang  Sales,,Yes,09   Pandurang  Sales,1507.0,Yes,Yes,No,,,,
20260424,352,Sales,ccde5e46-22b1-4fd7-8009-ffe387e3e86a-00005230,21040,37695,08  Wadgaonkar  Sales,6008,Yes,08  Wadgaonkar  Sales,-1500.0,Yes,Yes,No,,,,
20260424,353,Sales,ccde5e46-22b1-4fd7-8009-ffe387e3e86a-00005238,21048,37704,04 GHEE COUNTER,,Yes,04 GHEE COUNTER,1842.0,Yes,Yes,No,,,,
20260424,354,Sales,ccde5e46-22b1-4fd7-8009-ffe387e3e86a-0000523c,21052,37708,02 Rsa Afternoon Milk Counter,,Yes,02 Rsa Afternoon Milk Counter,2983.8,Yes,Yes,No,,,,
20260424,355,Sales,ccde5e46-22b1-4fd7-8009-ffe387e3e86a-00006eae,28334,59149,Hattekar's Girija Catterors,,Yes,Hattekar's Girija Catterors,-830.0,Yes,Yes,No,,,,
20260425,356,Sales,ccde5e46-22b1-4fd7-8009-ffe387e3e86a-00005271,21105,38163,THE VEGAN  HOTEL,,Yes,THE VEGAN  HOTEL,-3180.0,Yes,Yes,No,,,,
20260425,356,Sales,ccde5e46-22b1-4fd7-8009-ffe387e3e86a-00005271,21105,38163,THE VEGAN  HOTEL,,Yes,Transport,140.0,No,No,No,,,,
20260425,357,Sales,ccde5e46-22b1-4fd7-8009-ffe387e3e86a-0000527a,21114,37775,08  Wadgaonkar  Sales,,Yes,08  Wadgaonkar  Sales,-10544.0,Yes,Yes,No,,,,
20260425,358,Sales,ccde5e46-22b1-4fd7-8009-ffe387e3e86a-000078d0,30928,55956,08  Wadgaonkar  Sales,,Yes,08  Wadgaonkar  Sales,-600.0,Yes,Yes,No,,,,
20260425,359,Sales,ccde5e46-22b1-4fd7-8009-ffe387e3e86a-00005280,21120,37991,04 GHEE COUNTER,,Yes,04 GHEE COUNTER,-39126.64,Yes,Yes,No,,,,
20260425,360,Sales,ccde5e46-22b1-4fd7-8009-ffe387e3e86a-00005282,21122,37783,09   Pandurang  Sales,,Yes,09   Pandurang  Sales,-3468.0,Yes,Yes,No,,,,
20260425,361,Sales,ccde5e46-22b1-4fd7-8009-ffe387e3e86a-00005289,21129,37791,08  Wadgaonkar  Sales,,Yes,08  Wadgaonkar  Sales,-1300.0,Yes,Yes,No,,,,
20260425,362,Sales,ccde5e46-22b1-4fd7-8009-ffe387e3e86a-000078d1,30929,55957,08  Wadgaonkar  Sales,,Yes,08  Wadgaonkar  Sales,405.0,Yes,Yes,No,,,,
20260425,363,Sales,ccde5e46-22b1-4fd7-8009-ffe387e3e86a-0000528b,21131,37793,04 GHEE COUNTER,,Yes,04 GHEE COUNTER,-3874.8,Yes,Yes,No,,,,
20260425,364,Sales,ccde5e46-22b1-4fd7-8009-ffe387e3e86a-00005291,21137,37799,01   Yash Morning  Milk Counter,,Yes,01   Yash Morning  Milk Counter,1600.8,Yes,Yes,No,,,,
20260425,365,Sales,ccde5e46-22b1-4fd7-8009-ffe387e3e86a-00005299,21145,37807,04 GHEE COUNTER,6033,Yes,04 GHEE COUNTER,-18889.2,Yes,Yes,No,,,,
20260425,366,Sales,ccde5e46-22b1-4fd7-8009-ffe387e3e86a-0000529b,21147,37809,09   Pandurang  Sales,,Yes,09   Pandurang  Sales,-1258.0,Yes,Yes,No,,,,
20260425,367,Sales,ccde5e46-22b1-4fd7-8009-ffe387e3e86a-000078d4,30932,55962,09   Pandurang  Sales,,Yes,09   Pandurang  Sales,-198.0,Yes,Yes,No,,,,
20260425,368,Sales,ccde5e46-22b1-4fd7-8009-ffe387e3e86a-000052bb,21179,37842,04 GHEE COUNTER,,Yes,04 GHEE COUNTER,-2219.36,Yes,Yes,No,,,,
20260425,369,Sales,ccde5e46-22b1-4fd7-8009-ffe387e3e86a-000052c6,21190,37854,04 GHEE COUNTER,,Yes,04 GHEE COUNTER,1917.6,Yes,Yes,No,,,,
20260425,370,Sales,ccde5e46-22b1-4fd7-8009-ffe387e3e86a-000052c8,21192,37856,02 Rsa Afternoon Milk Counter,,Yes,02 Rsa Afternoon Milk Counter,5047.0,Yes,Yes,No,,,,
20260426,371,Sales,ccde5e46-22b1-4fd7-8009-ffe387e3e86a-00005307,21255,38164,THE VEGAN  HOTEL,,Yes,THE VEGAN  HOTEL,-3180.0,Yes,Yes,No,,,,
20260426,371,Sales,ccde5e46-22b1-4fd7-8009-ffe387e3e86a-00005307,21255,38164,THE VEGAN  HOTEL,,Yes,Transport,140.0,No,No,No,,,,
20260426,372,Sales,ccde5e46-22b1-4fd7-8009-ffe387e3e86a-00005326,21286,37976,01   Yash Morning  Milk Counter,,Yes,01   Yash Morning  Milk Counter,1349.0,Yes,Yes,No,,,,
20260426,373,Sales,ccde5e46-22b1-4fd7-8009-ffe387e3e86a-00005332,21298,37992,04 GHEE COUNTER,6051,Yes,04 GHEE COUNTER,-18940.04,Yes,Yes,No,,,,
20260426,374,Sales,ccde5e46-22b1-4fd7-8009-ffe387e3e86a-00005338,21304,37999,08  Wadgaonkar  Sales,,Yes,08  Wadgaonkar  Sales,-9324.0,Yes,Yes,No,,,,
20260426,375,Sales,ccde5e46-22b1-4fd7-8009-ffe387e3e86a-00005339,21305,38000,09   Pandurang  Sales,,Yes,09   Pandurang  Sales,-3308.0,Yes,Yes,No,,,,
20260426,376,Sales,ccde5e46-22b1-4fd7-8009-ffe387e3e86a-0000533a,21306,38001,08  Wadgaonkar  Sales,,Yes,08  Wadgaonkar  Sales,-6616.0,Yes,Yes,No,,,,
20260426,377,Sales,ccde5e46-22b1-4fd7-8009-ffe387e3e86a-0000533b,21307,38069,09   Pandurang  Sales,,Yes,09   Pandurang  Sales,-400.0,Yes,Yes,No,,,,
20260426,378,Sales,ccde5e46-22b1-4fd7-8009-ffe387e3e86a-0000533c,21308,38032,04 GHEE COUNTER,,Yes,04 GHEE COUNTER,-25879.2,Yes,Yes,No,,,,
20260426,379,Sales,ccde5e46-22b1-4fd7-8009-ffe387e3e86a-00005340,21312,38010,04 GHEE COUNTER,,Yes,04 GHEE COUNTER,-11448.0,Yes,Yes,No,,,,
20260426,380,Sales,ccde5e46-22b1-4fd7-8009-ffe387e3e86a-00005341,21313,38011,08  Wadgaonkar  Sales,,Yes,08  Wadgaonkar  Sales,-2400.0,Yes,Yes,No,,,,
20260426,381,Sales,ccde5e46-22b1-4fd7-8009-ffe387e3e86a-000078d6,30934,55965,09   Pandurang  Sales,,Yes,09   Pandurang  Sales,199.0,Yes,Yes,No,,,,
20260426,382,Sales,ccde5e46-22b1-4fd7-8009-ffe387e3e86a-00005369,21353,38062,04 GHEE COUNTER,,Yes,04 GHEE COUNTER,-772.8,Yes,Yes,No,,,,
20260426,383,Sales,ccde5e46-22b1-4fd7-8009-ffe387e3e86a-0000536a,21354,38070,09   Pandurang  Sales,,Yes,09   Pandurang  Sales,116.0,Yes,Yes,No,,,,
20260426,384,Sales,ccde5e46-22b1-4fd7-8009-ffe387e3e86a-00005375,21365,38076,02 Rsa Afternoon Milk Counter,,Yes,02 Rsa Afternoon Milk Counter,4720.4,Yes,Yes,No,,,,
20260426,385,Sales,ccde5e46-22b1-4fd7-8009-ffe387e3e86a-00005377,21367,38085,04 GHEE COUNTER,0663,Yes,04 GHEE COUNTER,1938.0,Yes,Yes,No,,,,
20260427,386,Sales,ccde5e46-22b1-4fd7-8009-ffe387e3e86a-0000537d,21373,38093,HOTEL LADLI,,Yes,HOTEL LADLI,-640.0,Yes,Yes,No,,,,
20260427,387,Sales,ccde5e46-22b1-4fd7-8009-ffe387e3e86a-000053a4,21412,38148,04 GHEE COUNTER,,Yes,04 GHEE COUNTER,-15194.4,Yes,Yes,No,,,,
20260427,388,Sales,ccde5e46-22b1-4fd7-8009-ffe387e3e86a-000053a5,21413,38149,09   Pandurang  Sales,,Yes,09   Pandurang  Sales,-3628.0,Yes,Yes,No,,,,
20260427,389,Sales,ccde5e46-22b1-4fd7-8009-ffe387e3e86a-000053a7,21415,38151,08  Wadgaonkar  Sales,,Yes,08  Wadgaonkar  Sales,-9034.0,Yes,Yes,No,,,,
20260427,390,Sales,ccde5e46-22b1-4fd7-8009-ffe387e3e86a-000053ac,21420,38166,THE VEGAN  HOTEL,,Yes,THE VEGAN  HOTEL,-3180.0,Yes,Yes,No,,,,
20260427,390,Sales,ccde5e46-22b1-4fd7-8009-ffe387e3e86a-000053ac,21420,38166,THE VEGAN  HOTEL,,Yes,Transport,140.0,No,No,No,,,,
20260427,391,Sales,ccde5e46-22b1-4fd7-8009-ffe387e3e86a-000053c3,21443,38185,09   Pandurang  Sales,,Yes,09   Pandurang  Sales,-1372.0,Yes,Yes,No,,,,
20260427,392,Sales,ccde5e46-22b1-4fd7-8009-ffe387e3e86a-000053cc,21452,38194,13  ATM   B,,Yes,13  ATM   B,5812.8,Yes,Yes,No,,,,
20260427,393,Sales,ccde5e46-22b1-4fd7-8009-ffe387e3e86a-000053d3,21459,38201,01   Yash Morning  Milk Counter,,Yes,01   Yash Morning  Milk Counter,1909.08,Yes,Yes,No,,,,
20260427,394,Sales,ccde5e46-22b1-4fd7-8009-ffe387e3e86a-000053da,21466,38208,04 GHEE COUNTER,,Yes,04 GHEE COUNTER,-11052.0,Yes,Yes,No,,,,
20260427,395,Sales,ccde5e46-22b1-4fd7-8009-ffe387e3e86a-000053db,21467,38209,09   Pandurang  Sales,,Yes,09   Pandurang  Sales,-448.0,Yes,Yes,No,,,,
20260427,396,Sales,ccde5e46-22b1-4fd7-8009-ffe387e3e86a-000053dc,21468,38210,13  ATM   B,,Yes,13  ATM   B,4062.6,Yes,Yes,No,,,,
20260427,397,Sales,ccde5e46-22b1-4fd7-8009-ffe387e3e86a-000053ee,21486,38229,04 GHEE COUNTER,,Yes,04 GHEE COUNTER,-3615.6,Yes,Yes,No,,,,
20260427,398,Sales,ccde5e46-22b1-4fd7-8009-ffe387e3e86a-000053ef,21487,38231,08  Wadgaonkar  Sales,,Yes,08  Wadgaonkar  Sales,632.0,Yes,Yes,No,,,,
20260427,399,Sales,ccde5e46-22b1-4fd7-8009-ffe387e3e86a-000053f0,21488,38232,09   Pandurang  Sales,,Yes,09   Pandurang  Sales,34.0,Yes,Yes,No,,,,
20260427,400,Sales,ccde5e46-22b1-4fd7-8009-ffe387e3e86a-000078d9,30937,55968,09   Pandurang  Sales,,Yes,09   Pandurang  Sales,-52.0,Yes,Yes,No,,,,
20260427,401,Sales,ccde5e46-22b1-4fd7-8009-ffe387e3e86a-000053f9,21497,38241,02 Rsa Afternoon Milk Counter,,Yes,02 Rsa Afternoon Milk Counter,2182.8,Yes,Yes,No,,,,
20260427,402,Sales,ccde5e46-22b1-4fd7-8009-ffe387e3e86a-00005437,21559,38345,04 GHEE COUNTER,6092,Yes,04 GHEE COUNTER,1668.0,Yes,Yes,No,,,,
20260428,403,Sales,ccde5e46-22b1-4fd7-8009-ffe387e3e86a-00005409,21513,38257,HOTEL LADLI,,Yes,HOTEL LADLI,-640.0,Yes,Yes,No,,,,
20260428,404,Sales,ccde5e46-22b1-4fd7-8009-ffe387e3e86a-0000544b,21579,38365,09   Pandurang  Sales,6107,Yes,09   Pandurang  Sales,-11142.0,Yes,Yes,No,,,,
20260428,405,Sales,ccde5e46-22b1-4fd7-8009-ffe387e3e86a-0000544f,21583,38369,04 GHEE COUNTER,6105,Yes,04 GHEE COUNTER,-24037.76,Yes,Yes,No,,,,
20260428,406,Sales,ccde5e46-22b1-4fd7-8009-ffe387e3e86a-0000545d,21597,38383,04 GHEE COUNTER,6113,Yes,04 GHEE COUNTER,-4301.6,Yes,Yes,No,,,,
20260428,407,Sales,ccde5e46-22b1-4fd7-8009-ffe387e3e86a-00005464,21604,38391,01   Yash Morning  Milk Counter,,Yes,01   Yash Morning  Milk Counter,1599.7,Yes,Yes,No,,,,
20260428,408,Sales,ccde5e46-22b1-4fd7-8009-ffe387e3e86a-00005466,21606,38393,12  ATM  A,,Yes,12  ATM  A,4916.8,Yes,Yes,No,,,,
20260428,409,Sales,ccde5e46-22b1-4fd7-8009-ffe387e3e86a-00005475,21621,38408,04 GHEE COUNTER,6109,Yes,04 GHEE COUNTER,-8388.0,Yes,Yes,No,,,,
20260428,410,Sales,ccde5e46-22b1-4fd7-8009-ffe387e3e86a-00005476,21622,38409,09   Pandurang  Sales,6112,Yes,09   Pandurang  Sales,-7356.0,Yes,Yes,No,,,,
20260428,411,Sales,ccde5e46-22b1-4fd7-8009-ffe387e3e86a-0000548b,21643,38430,02 Rsa Afternoon Milk Counter,,Yes,02 Rsa Afternoon Milk Counter,9062.2,Yes,Yes,No,,,,
20260428,412,Sales,ccde5e46-22b1-4fd7-8009-ffe387e3e86a-00005491,21649,38436,04 GHEE COUNTER,6115,Yes,04 GHEE COUNTER,40.8,Yes,Yes,No,,,,
20260428,413,Sales,ccde5e46-22b1-4fd7-8009-ffe387e3e86a-00005492,21650,38437,09   Pandurang  Sales,6116,Yes,09   Pandurang  Sales,3125.0,Yes,Yes,No,,,,
20260428,414,Sales,ccde5e46-22b1-4fd7-8009-ffe387e3e86a-000054d3,21715,38503,THE VEGAN  HOTEL,,Yes,THE VEGAN  HOTEL,-3180.0,Yes,Yes,No,,,,
20260428,414,Sales,ccde5e46-22b1-4fd7-8009-ffe387e3e86a-000054d3,21715,38503,THE VEGAN  HOTEL,,Yes,Transport,140.0,No,No,No,,,,
20260429,415,Sales,ccde5e46-22b1-4fd7-8009-ffe387e3e86a-00005499,21657,38444,HOTEL LADLI,,Yes,HOTEL LADLI,-640.0,Yes,Yes,No,,,,
20260429,416,Sales,ccde5e46-22b1-4fd7-8009-ffe387e3e86a-000054cc,21708,38496,04 GHEE COUNTER,6129,Yes,04 GHEE COUNTER,-41231.48,Yes,Yes,No,,,,
20260429,417,Sales,ccde5e46-22b1-4fd7-8009-ffe387e3e86a-000054d0,21712,38500,08  Wadgaonkar  Sales,6131,Yes,08  Wadgaonkar  Sales,-11534.0,Yes,Yes,No,,,,
20260429,418,Sales,ccde5e46-22b1-4fd7-8009-ffe387e3e86a-000054d1,21713,38501,09   Pandurang  Sales,6132,Yes,09   Pandurang  Sales,-3238.0,Yes,Yes,No,,,,
20260429,419,Sales,ccde5e46-22b1-4fd7-8009-ffe387e3e86a-000078dd,30941,55972,09   Pandurang  Sales,,Yes,09   Pandurang  Sales,-390.0,Yes,Yes,No,,,,
20260429,420,Sales,ccde5e46-22b1-4fd7-8009-ffe387e3e86a-000054d2,21714,38502,THE VEGAN  HOTEL,,Yes,THE VEGAN  HOTEL,-3180.0,Yes,Yes,No,,,,
20260429,420,Sales,ccde5e46-22b1-4fd7-8009-ffe387e3e86a-000054d2,21714,38502,THE VEGAN  HOTEL,,Yes,Transport,140.0,No,No,No,,,,
20260429,421,Sales,ccde5e46-22b1-4fd7-8009-ffe387e3e86a-000054e9,21737,38526,01   Yash Morning  Milk Counter,,Yes,01   Yash Morning  Milk Counter,1955.2,Yes,Yes,No,,,,
20260429,422,Sales,ccde5e46-22b1-4fd7-8009-ffe387e3e86a-000054ec,21740,38529,09   Pandurang  Sales,6133,Yes,09   Pandurang  Sales,-660.0,Yes,Yes,No,,,,
20260429,423,Sales,ccde5e46-22b1-4fd7-8009-ffe387e3e86a-000054f0,21744,38534,08  Wadgaonkar  Sales,6135,Yes,08  Wadgaonkar  Sales,-9116.0,Yes,Yes,No,,,,
20260429,424,Sales,ccde5e46-22b1-4fd7-8009-ffe387e3e86a-000078db,30939,55970,08  Wadgaonkar  Sales,,Yes,08  Wadgaonkar  Sales,-600.0,Yes,Yes,No,,,,
20260429,425,Sales,ccde5e46-22b1-4fd7-8009-ffe387e3e86a-000054f2,21746,38536,09   Pandurang  Sales,6136,Yes,09   Pandurang  Sales,-969.0,Yes,Yes,No,,,,
20260429,426,Sales,ccde5e46-22b1-4fd7-8009-ffe387e3e86a-000078de,30942,55973,09   Pandurang  Sales,,Yes,09   Pandurang  Sales,265.0,Yes,Yes,No,,,,
20260429,427,Sales,ccde5e46-22b1-4fd7-8009-ffe387e3e86a-000078df,30943,55974,09   Pandurang  Sales,,Yes,09   Pandurang  Sales,80.0,Yes,Yes,No,,,,
20260429,428,Sales,ccde5e46-22b1-4fd7-8009-ffe387e3e86a-000054f3,21747,38537,04 GHEE COUNTER,6134,Yes,04 GHEE COUNTER,-10692.0,Yes,Yes,No,,,,
20260429,429,Sales,ccde5e46-22b1-4fd7-8009-ffe387e3e86a-000054f5,21749,38539,12  ATM  A,,Yes,12  ATM  A,8506.6,Yes,Yes,No,,,,
20260429,430,Sales,ccde5e46-22b1-4fd7-8009-ffe387e3e86a-0000553a,21818,38610,04 GHEE COUNTER,6144,Yes,04 GHEE COUNTER,-900.0,Yes,Yes,No,,,,
20260429,431,Sales,ccde5e46-22b1-4fd7-8009-ffe387e3e86a-0000553f,21823,38615,02 Rsa Afternoon Milk Counter,,Yes,02 Rsa Afternoon Milk Counter,7842.6,Yes,Yes,No,,,,
20260429,432,Sales,ccde5e46-22b1-4fd7-8009-ffe387e3e86a-00005541,21825,38617,04 GHEE COUNTER,,Yes,04 GHEE COUNTER,1124.4,Yes,Yes,No,,,,
20260429,433,Sales,ccde5e46-22b1-4fd7-8009-ffe387e3e86a-00005542,21826,38618,HOTEL LADLI,,Yes,HOTEL LADLI,-640.0,Yes,Yes,No,,,,
20260429,434,Sales,ccde5e46-22b1-4fd7-8009-ffe387e3e86a-0000555b,21851,38729,08  Wadgaonkar  Sales,,Yes,08  Wadgaonkar  Sales,192.0,Yes,Yes,No,,,,
20260429,435,Sales,ccde5e46-22b1-4fd7-8009-ffe387e3e86a-00005562,21858,38766,08  Wadgaonkar  Sales,,Yes,08  Wadgaonkar  Sales,-9834.0,Yes,Yes,No,,,,
20260429,436,Sales,ccde5e46-22b1-4fd7-8009-ffe387e3e86a-00005564,21860,38768,04 GHEE COUNTER,,Yes,04 GHEE COUNTER,-17971.28,Yes,Yes,No,,,,
20260430,437,Sales,ccde5e46-22b1-4fd7-8009-ffe387e3e86a-0000555a,21850,38728,09   Pandurang  Sales,,Yes,09   Pandurang  Sales,625.0,Yes,Yes,No,,,,
20260430,438,Sales,ccde5e46-22b1-4fd7-8009-ffe387e3e86a-00005567,21863,38771,09   Pandurang  Sales,,Yes,09   Pandurang  Sales,-3408.0,Yes,Yes,No,,,,
20260430,439,Sales,ccde5e46-22b1-4fd7-8009-ffe387e3e86a-00005578,21880,38850,THE VEGAN  HOTEL,,Yes,THE VEGAN  HOTEL,-3180.0,Yes,Yes,No,,,,
20260430,439,Sales,ccde5e46-22b1-4fd7-8009-ffe387e3e86a-00005578,21880,38850,THE VEGAN  HOTEL,,Yes,Transport,140.0,No,No,No,,,,
20260430,440,Sales,ccde5e46-22b1-4fd7-8009-ffe387e3e86a-0000557d,21885,38913,04 GHEE COUNTER,,Yes,04 GHEE COUNTER,-2676.0,Yes,Yes,No,,,,
20260430,441,Sales,ccde5e46-22b1-4fd7-8009-ffe387e3e86a-000055a3,21923,38951,01   Yash Morning  Milk Counter,,Yes,01   Yash Morning  Milk Counter,1833.0,Yes,Yes,No,,,,
20260430,442,Sales,ccde5e46-22b1-4fd7-8009-ffe387e3e86a-000055d6,21974,39027,04 GHEE COUNTER,6160,Yes,04 GHEE COUNTER,-1400.0,Yes,Yes,No,,,,
20260430,443,Sales,ccde5e46-22b1-4fd7-8009-ffe387e3e86a-000055e5,21989,39043,09   Pandurang  Sales,6158,Yes,09   Pandurang  Sales,-650.0,Yes,Yes,No,,,,
20260430,444,Sales,ccde5e46-22b1-4fd7-8009-ffe387e3e86a-000078ec,30956,55988,09   Pandurang  Sales,,Yes,09   Pandurang  Sales,1424.0,Yes,Yes,No,,,,
20260430,445,Sales,ccde5e46-22b1-4fd7-8009-ffe387e3e86a-000055f0,22000,39075,04 GHEE COUNTER,6165,Yes,04 GHEE COUNTER,-32232.2,Yes,Yes,No,,,,
20260430,446,Sales,ccde5e46-22b1-4fd7-8009-ffe387e3e86a-00005604,22020,39095,04 GHEE COUNTER,6166,Yes,04 GHEE COUNTER,-2797.2,Yes,Yes,No,,,,
20260430,447,Sales,ccde5e46-22b1-4fd7-8009-ffe387e3e86a-00005605,22021,39096,02 Rsa Afternoon Milk Counter,,Yes,02 Rsa Afternoon Milk Counter,7794.6,Yes,Yes,No,,,,
20260430,448,Sales,ccde5e46-22b1-4fd7-8009-ffe387e3e86a-000078e7,30951,55983,08  Wadgaonkar  Sales,,Yes,08  Wadgaonkar  Sales,-10334.0,Yes,Yes,No,,,,
20260430,449,Sales,ccde5e46-22b1-4fd7-8009-ffe387e3e86a-000078ea,30954,55986,08  Wadgaonkar  Sales,,Yes,08  Wadgaonkar  Sales,1029.0,Yes,Yes,No,,,,
20260501,450,Sales,ccde5e46-22b1-4fd7-8009-ffe387e3e86a-0000560a,22026,39103,04 GHEE COUNTER,,Yes,04 GHEE COUNTER,1092.0,Yes,Yes,No,,,,
20260501,451,Sales,ccde5e46-22b1-4fd7-8009-ffe387e3e86a-00005645,22085,39380,THE VEGAN  HOTEL,,Yes,THE VEGAN  HOTEL,-3180.0,Yes,Yes,No,,,,
20260501,451,Sales,ccde5e46-22b1-4fd7-8009-ffe387e3e86a-00005645,22085,39380,THE VEGAN  HOTEL,,Yes,Transport,140.0,No,No,No,,,,
20260501,452,Sales,ccde5e46-22b1-4fd7-8009-ffe387e3e86a-00005670,22128,39739,02 Rsa Afternoon Milk Counter,,Yes,02 Rsa Afternoon Milk Counter,-1482.0,Yes,Yes,No,,,,
20260501,453,Sales,ccde5e46-22b1-4fd7-8009-ffe387e3e86a-0000567a,22138,39819,01   Yash Morning  Milk Counter,,Yes,01   Yash Morning  Milk Counter,2292.18,Yes,Yes,No,,,,
20260501,454,Sales,ccde5e46-22b1-4fd7-8009-ffe387e3e86a-0000567b,22139,39820,02 Rsa Afternoon Milk Counter,,Yes,02 Rsa Afternoon Milk Counter,-2699.4,Yes,Yes,No,,,,
20260501,455,Sales,ccde5e46-22b1-4fd7-8009-ffe387e3e86a-00005688,22152,42256,09   Pandurang  Sales,,Yes,09   Pandurang  Sales,-11214.0,Yes,Yes,No,,,,
20260501,456,Sales,ccde5e46-22b1-4fd7-8009-ffe387e3e86a-00005689,22153,40058,04 GHEE COUNTER,,Yes,04 GHEE COUNTER,-28852.32,Yes,Yes,No,,,,
20260501,457,Sales,ccde5e46-22b1-4fd7-8009-ffe387e3e86a-0000568a,22154,40059,04 GHEE COUNTER,,Yes,04 GHEE COUNTER,-560.0,Yes,Yes,No,,,,
20260501,458,Sales,ccde5e46-22b1-4fd7-8009-ffe387e3e86a-0000568b,22155,40060,02 Rsa Afternoon Milk Counter,,Yes,02 Rsa Afternoon Milk Counter,-7953.0,Yes,Yes,No,,,,
20260501,459,Sales,ccde5e46-22b1-4fd7-8009-ffe387e3e86a-0000568c,22156,40061,02 Rsa Afternoon Milk Counter,,Yes,02 Rsa Afternoon Milk Counter,-4564.0,Yes,Yes,No,,,,
20260501,460,Sales,ccde5e46-22b1-4fd7-8009-ffe387e3e86a-0000568d,22157,40062,02 Rsa Afternoon Milk Counter,,Yes,02 Rsa Afternoon Milk Counter,-5920.2,Yes,Yes,No,,,,
20260501,461,Sales,ccde5e46-22b1-4fd7-8009-ffe387e3e86a-0000568e,22158,40063,02 Rsa Afternoon Milk Counter,,Yes,02 Rsa Afternoon Milk Counter,-1813.0,Yes,Yes,No,,,,
20260501,462,Sales,ccde5e46-22b1-4fd7-8009-ffe387e3e86a-0000568f,22159,40064,02 Rsa Afternoon Milk Counter,,Yes,02 Rsa Afternoon Milk Counter,2547.7,Yes,Yes,No,,,,
20260501,463,Sales,ccde5e46-22b1-4fd7-8009-ffe387e3e86a-00005690,22160,40065,12  ATM  A,,Yes,12  ATM  A,-4411.8,Yes,Yes,No,,,,
20260501,464,Sales,ccde5e46-22b1-4fd7-8009-ffe387e3e86a-00005691,22161,40066,12  ATM  A,,Yes,12  ATM  A,-8052.0,Yes,Yes,No,,,,
20260501,465,Sales,ccde5e46-22b1-4fd7-8009-ffe387e3e86a-00005692,22162,40067,12  ATM  A,,Yes,12  ATM  A,-6669.6,Yes,Yes,No,,,,
20260501,466,Sales,ccde5e46-22b1-4fd7-8009-ffe387e3e86a-00005693,22163,40068,12  ATM  A,,Yes,12  ATM  A,-8052.0,Yes,Yes,No,,,,
20260501,467,Sales,ccde5e46-22b1-4fd7-8009-ffe387e3e86a-00005694,22164,40069,12  ATM  A,,Yes,12  ATM  A,-2256.8,Yes,Yes,No,,,,
20260501,468,Sales,ccde5e46-22b1-4fd7-8009-ffe387e3e86a-000056a1,22177,40082,02 Rsa Afternoon Milk Counter,,Yes,02 Rsa Afternoon Milk Counter,7925.9,Yes,Yes,No,,,,
20260501,469,Sales,ccde5e46-22b1-4fd7-8009-ffe387e3e86a-000056a6,22182,42257,09   Pandurang  Sales,6182,Yes,09   Pandurang  Sales,-3108.0,Yes,Yes,No,,,,
20260501,470,Sales,ccde5e46-22b1-4fd7-8009-ffe387e3e86a-000057f5,22517,41517,09   Pandurang  Sales,,Yes,09   Pandurang  Sales,318.0,Yes,Yes,No,,,,
20260501,471,Sales,ccde5e46-22b1-4fd7-8009-ffe387e3e86a-000056d2,22226,40338,04 GHEE COUNTER,6191,Yes,04 GHEE COUNTER,-13815.6,Yes,Yes,No,,,,
20260501,472,Sales,ccde5e46-22b1-4fd7-8009-ffe387e3e86a-000056d6,22230,40372,04 GHEE COUNTER,6203,Yes,04 GHEE COUNTER,-32685.2,Yes,Yes,No,,,,
20260502,473,Sales,ccde5e46-22b1-4fd7-8009-ffe387e3e86a-000056b3,22195,40100,HOTEL LADLI,,Yes,HOTEL LADLI,-640.0,Yes,Yes,No,,,,
20260502,474,Sales,ccde5e46-22b1-4fd7-8009-ffe387e3e86a-000056eb,22251,40616,THE VEGAN  HOTEL,,Yes,THE VEGAN  HOTEL,-3180.0,Yes,Yes,No,,,,
20260502,474,Sales,ccde5e46-22b1-4fd7-8009-ffe387e3e86a-000056eb,22251,40616,THE VEGAN  HOTEL,,Yes,Transport,140.0,No,No,No,,,,
20260502,475,Sales,ccde5e46-22b1-4fd7-8009-ffe387e3e86a-0000570b,22283,40798,01   Yash Morning  Milk Counter,,Yes,01   Yash Morning  Milk Counter,1326.0,Yes,Yes,No,,,,
20260502,476,Sales,ccde5e46-22b1-4fd7-8009-ffe387e3e86a-00005712,22290,40835,HOTEL LADLI,,Yes,HOTEL LADLI,-320.0,Yes,Yes,No,,,,
20260502,477,Sales,ccde5e46-22b1-4fd7-8009-ffe387e3e86a-00005716,22294,41519,09   Pandurang  Sales,6215,Yes,09   Pandurang  Sales,-12134.0,Yes,Yes,No,,,,
20260502,478,Sales,ccde5e46-22b1-4fd7-8009-ffe387e3e86a-0000571a,22298,41521,08  Wadgaonkar  Sales,6216,Yes,08  Wadgaonkar  Sales,-3308.0,Yes,Yes,No,,,,
20260502,479,Sales,ccde5e46-22b1-4fd7-8009-ffe387e3e86a-0000571b,22299,40845,04 GHEE COUNTER,6213,Yes,04 GHEE COUNTER,-32969.6,Yes,Yes,No,,,,
20260502,480,Sales,ccde5e46-22b1-4fd7-8009-ffe387e3e86a-00005728,22312,40858,04 GHEE COUNTER,6217,Yes,04 GHEE COUNTER,-12504.8,Yes,Yes,No,,,,
20260502,481,Sales,ccde5e46-22b1-4fd7-8009-ffe387e3e86a-0000572b,22315,40861,09   Pandurang  Sales,6227,Yes,09   Pandurang  Sales,-1110.0,Yes,Yes,No,,,,
20260502,482,Sales,ccde5e46-22b1-4fd7-8009-ffe387e3e86a-000057f7,22519,41520,09   Pandurang  Sales,,Yes,09   Pandurang  Sales,107.0,Yes,Yes,No,,,,
20260502,483,Sales,ccde5e46-22b1-4fd7-8009-ffe387e3e86a-00005731,22321,40867,02 Rsa Afternoon Milk Counter,,Yes,02 Rsa Afternoon Milk Counter,4322.8,Yes,Yes,No,,,,
20260502,484,Sales,ccde5e46-22b1-4fd7-8009-ffe387e3e86a-00005734,22324,40870,04 GHEE COUNTER,,Yes,04 GHEE COUNTER,1933.44,Yes,Yes,No,,,,
20260502,485,Sales,ccde5e46-22b1-4fd7-8009-ffe387e3e86a-00005736,22326,41522,08  Wadgaonkar  Sales,,Yes,08  Wadgaonkar  Sales,76.0,Yes,Yes,No,,,,
20260502,486,Sales,ccde5e46-22b1-4fd7-8009-ffe387e3e86a-00005767,22375,41029,Hattekar's Girija Catterors,,Yes,Hattekar's Girija Catterors,-1500.0,Yes,Yes,No,,,,
20260502,487,Sales,ccde5e46-22b1-4fd7-8009-ffe387e3e86a-000056a2,22178,41097,01   Yash Morning  Milk Counter,,Yes,01   Yash Morning  Milk Counter,-1505.4,Yes,Yes,No,,,,
20260503,488,Sales,ccde5e46-22b1-4fd7-8009-ffe387e3e86a-00005781,22401,41066,THE VEGAN  HOTEL,,Yes,THE VEGAN  HOTEL,-3180.0,Yes,Yes,No,,,,
20260503,488,Sales,ccde5e46-22b1-4fd7-8009-ffe387e3e86a-00005781,22401,41066,THE VEGAN  HOTEL,,Yes,Transport,140.0,No,No,No,,,,
20260503,489,Sales,ccde5e46-22b1-4fd7-8009-ffe387e3e86a-00005794,22420,41085,04 GHEE COUNTER,,Yes,04 GHEE COUNTER,-15326.48,Yes,Yes,No,,,,
20260503,490,Sales,ccde5e46-22b1-4fd7-8009-ffe387e3e86a-00005796,22422,41087,04 GHEE COUNTER,,Yes,04 GHEE COUNTER,-24681.6,Yes,Yes,No,,,,
20260503,491,Sales,ccde5e46-22b1-4fd7-8009-ffe387e3e86a-0000579a,22426,41091,08  Wadgaonkar  Sales,,Yes,08  Wadgaonkar  Sales,-3308.0,Yes,Yes,No,,,,
20260503,492,Sales,ccde5e46-22b1-4fd7-8009-ffe387e3e86a-0000579b,22427,42262,09   Pandurang  Sales,,Yes,09   Pandurang  Sales,-11374.0,Yes,Yes,No,,,,
20260503,493,Sales,ccde5e46-22b1-4fd7-8009-ffe387e3e86a-0000579c,22428,41093,04 GHEE COUNTER,,Yes,04 GHEE COUNTER,-1800.0,Yes,Yes,No,,,,
20260503,494,Sales,ccde5e46-22b1-4fd7-8009-ffe387e3e86a-000057ad,22445,41112,04 GHEE COUNTER,,Yes,04 GHEE COUNTER,-16416.0,Yes,Yes,No,,,,
20260503,495,Sales,ccde5e46-22b1-4fd7-8009-ffe387e3e86a-000057a0,22432,41098,01   Yash Morning  Milk Counter,,Yes,01   Yash Morning  Milk Counter,1825.2,Yes,Yes,No,,,,
20260503,496,Sales,ccde5e46-22b1-4fd7-8009-ffe387e3e86a-000057ac,22444,41111,HOTEL LADLI,,Yes,HOTEL LADLI,-640.0,Yes,Yes,No,,,,
20260503,497,Sales,ccde5e46-22b1-4fd7-8009-ffe387e3e86a-000057b2,22450,41120,12  ATM  A,,Yes,12  ATM  A,7700.8,Yes,Yes,No,,,,
20260503,498,Sales,ccde5e46-22b1-4fd7-8009-ffe387e3e86a-000057b3,22451,41121,09   Pandurang  Sales,,Yes,09   Pandurang  Sales,200.0,Yes,Yes,No,,,,
20260503,499,Sales,ccde5e46-22b1-4fd7-8009-ffe387e3e86a-000057b4,22452,41122,04 GHEE COUNTER,,Yes,04 GHEE COUNTER,-480.0,Yes,Yes,No,,,,
20260503,500,Sales,ccde5e46-22b1-4fd7-8009-ffe387e3e86a-000057cd,22477,41262,09   Pandurang  Sales,,Yes,09   Pandurang  Sales,127.0,Yes,Yes,No,,,,
20260503,501,Sales,ccde5e46-22b1-4fd7-8009-ffe387e3e86a-000057d0,22480,41265,02 Rsa Afternoon Milk Counter,,Yes,02 Rsa Afternoon Milk Counter,1567.8,Yes,Yes,No,,,,
20260503,502,Sales,ccde5e46-22b1-4fd7-8009-ffe387e3e86a-000057d3,22483,41268,04 GHEE COUNTER,6250,Yes,04 GHEE COUNTER,1096.08,Yes,Yes,No,,,,
20260504,503,Sales,ccde5e46-22b1-4fd7-8009-ffe387e3e86a-000057d8,22488,41273,HOTEL LADLI,,Yes,HOTEL LADLI,-640.0,Yes,Yes,No,,,,
20260504,504,Sales,ccde5e46-22b1-4fd7-8009-ffe387e3e86a-0000580c,22540,41545,THE VEGAN  HOTEL,,Yes,THE VEGAN  HOTEL,-3180.0,Yes,Yes,No,,,,
20260504,504,Sales,ccde5e46-22b1-4fd7-8009-ffe387e3e86a-0000580c,22540,41545,THE VEGAN  HOTEL,,Yes,Transport,140.0,No,No,No,,,,
20260504,505,Sales,ccde5e46-22b1-4fd7-8009-ffe387e3e86a-00005825,22565,42253,08  Wadgaonkar  Sales,,Yes,08  Wadgaonkar  Sales,-12297.0,Yes,Yes,No,,,,
20260504,506,Sales,ccde5e46-22b1-4fd7-8009-ffe387e3e86a-00005826,22566,41757,09   Pandurang  Sales,,Yes,09   Pandurang  Sales,-2995.0,Yes,Yes,No,,,,
20260504,507,Sales,ccde5e46-22b1-4fd7-8009-ffe387e3e86a-00005829,22569,41760,04 GHEE COUNTER,,Yes,04 GHEE COUNTER,-15027.84,Yes,Yes,No,,,,
20260504,508,Sales,ccde5e46-22b1-4fd7-8009-ffe387e3e86a-00005836,22582,43166,04 GHEE COUNTER,,Yes,04 GHEE COUNTER,-10188.0,Yes,Yes,No,,,,
20260504,509,Sales,ccde5e46-22b1-4fd7-8009-ffe387e3e86a-0000584b,22603,41892,01   Yash Morning  Milk Counter,,Yes,01   Yash Morning  Milk Counter,1604.6,Yes,Yes,No,,,,
20260504,510,Sales,ccde5e46-22b1-4fd7-8009-ffe387e3e86a-0000585d,22621,41920,09   Pandurang  Sales,,Yes,09   Pandurang  Sales,-2740.0,Yes,Yes,No,,,,
20260504,511,Sales,ccde5e46-22b1-4fd7-8009-ffe387e3e86a-0000585e,22622,41922,08  Wadgaonkar  Sales,,Yes,08  Wadgaonkar  Sales,-7242.0,Yes,Yes,No,,,,
20260504,512,Sales,ccde5e46-22b1-4fd7-8009-ffe387e3e86a-00005863,22627,41927,04 GHEE COUNTER,,Yes,04 GHEE COUNTER,-1013.6,Yes,Yes,No,,,,
20260504,513,Sales,ccde5e46-22b1-4fd7-8009-ffe387e3e86a-0000586b,22635,41935,09   Pandurang  Sales,,Yes,09   Pandurang  Sales,226.0,Yes,Yes,No,,,,
20260504,514,Sales,ccde5e46-22b1-4fd7-8009-ffe387e3e86a-00005877,22647,41953,02 Rsa Afternoon Milk Counter,,Yes,02 Rsa Afternoon Milk Counter,5017.9,Yes,Yes,No,,,,
20260504,515,Sales,ccde5e46-22b1-4fd7-8009-ffe387e3e86a-0000587c,22652,41959,08  Wadgaonkar  Sales,,Yes,08  Wadgaonkar  Sales,593.0,Yes,Yes,No,,,,
20260504,516,Sales,ccde5e46-22b1-4fd7-8009-ffe387e3e86a-0000587d,22653,41960,04 GHEE COUNTER,,Yes,04 GHEE COUNTER,1479.6,Yes,Yes,No,,,,
20260505,517,Sales,ccde5e46-22b1-4fd7-8009-ffe387e3e86a-00005882,22658,41965,HOTEL LADLI,,Yes,HOTEL LADLI,-640.0,Yes,Yes,No,,,,
20260505,518,Sales,ccde5e46-22b1-4fd7-8009-ffe387e3e86a-00005884,22660,41967,THE VEGAN  HOTEL,,Yes,THE VEGAN  HOTEL,-3180.0,Yes,Yes,No,,,,
20260505,518,Sales,ccde5e46-22b1-4fd7-8009-ffe387e3e86a-00005884,22660,41967,THE VEGAN  HOTEL,,Yes,Transport,140.0,No,No,No,,,,
20260505,519,Sales,ccde5e46-22b1-4fd7-8009-ffe387e3e86a-000058c6,22726,42208,09   Pandurang  Sales,,Yes,09   Pandurang  Sales,-4363.5,Yes,Yes,No,,,,
20260505,520,Sales,ccde5e46-22b1-4fd7-8009-ffe387e3e86a-000062ad,25261,45614,09   Pandurang  Sales,,Yes,09   Pandurang  Sales,-2100.0,Yes,Yes,No,,,,
20260505,521,Sales,ccde5e46-22b1-4fd7-8009-ffe387e3e86a-000062af,25263,45616,09   Pandurang  Sales,,Yes,09   Pandurang  Sales,120.0,Yes,Yes,No,,,,
20260505,522,Sales,ccde5e46-22b1-4fd7-8009-ffe387e3e86a-000062b0,25264,45617,09   Pandurang  Sales,,Yes,09   Pandurang  Sales,787.5,Yes,Yes,No,,,,
20260505,523,Sales,ccde5e46-22b1-4fd7-8009-ffe387e3e86a-000058c8,22728,42211,04 GHEE COUNTER,,Yes,04 GHEE COUNTER,-56365.52,Yes,Yes,No,,,,
20260505,524,Sales,ccde5e46-22b1-4fd7-8009-ffe387e3e86a-000058cb,22731,42219,04 GHEE COUNTER,,Yes,04 GHEE COUNTER,-6045.4,Yes,Yes,No,,,,
20260505,525,Sales,ccde5e46-22b1-4fd7-8009-ffe387e3e86a-000058cc,22732,42227,08  Wadgaonkar  Sales,,Yes,08  Wadgaonkar  Sales,-10294.0,Yes,Yes,No,,,,
20260505,526,Sales,ccde5e46-22b1-4fd7-8009-ffe387e3e86a-000062a9,25257,45610,08  Wadgaonkar  Sales,,Yes,08  Wadgaonkar  Sales,1202.0,Yes,Yes,No,,,,
20260505,527,Sales,ccde5e46-22b1-4fd7-8009-ffe387e3e86a-000058e0,22752,42261,01   Yash Morning  Milk Counter,,Yes,01   Yash Morning  Milk Counter,1981.6,Yes,Yes,No,,,,
20260505,528,Sales,ccde5e46-22b1-4fd7-8009-ffe387e3e86a-000058ef,22767,42297,02 Rsa Afternoon Milk Counter,,Yes,02 Rsa Afternoon Milk Counter,-4648.0,Yes,Yes,No,,,,
20260505,529,Sales,ccde5e46-22b1-4fd7-8009-ffe387e3e86a-000058f5,22773,42303,13  ATM   B,,Yes,13  ATM   B,1684.0,Yes,Yes,No,,,,
20260505,530,Sales,ccde5e46-22b1-4fd7-8009-ffe387e3e86a-00005905,22789,42319,02 Rsa Afternoon Milk Counter,,Yes,02 Rsa Afternoon Milk Counter,3273.4,Yes,Yes,No,,,,
20260505,531,Sales,ccde5e46-22b1-4fd7-8009-ffe387e3e86a-0000591c,22812,42342,04 GHEE COUNTER,6295,Yes,04 GHEE COUNTER,-12000.72,Yes,Yes,No,,,,
20260505,532,Sales,ccde5e46-22b1-4fd7-8009-ffe387e3e86a-0000591e,22814,42344,04 GHEE COUNTER,6309,Yes,04 GHEE COUNTER,1669.2,Yes,Yes,No,,,,
20260506,533,Sales,ccde5e46-22b1-4fd7-8009-ffe387e3e86a-00005938,22840,42375,HOTEL LADLI,,Yes,HOTEL LADLI,-640.0,Yes,Yes,No,,,,
20260506,534,Sales,ccde5e46-22b1-4fd7-8009-ffe387e3e86a-00005937,22839,42373,THE VEGAN  HOTEL,,Yes,THE VEGAN  HOTEL,-3180.0,Yes,Yes,No,,,,
20260506,534,Sales,ccde5e46-22b1-4fd7-8009-ffe387e3e86a-00005937,22839,42373,THE VEGAN  HOTEL,,Yes,Transport,140.0,No,No,No,,,,
20260506,535,Sales,ccde5e46-22b1-4fd7-8009-ffe387e3e86a-00005924,22820,42350,ANNAAMRITA FOUNDATION,,Yes,ANNAAMRITA FOUNDATION,-3420.0,Yes,Yes,No,,,,
20260506,536,Sales,ccde5e46-22b1-4fd7-8009-ffe387e3e86a-0000595b,22875,42410,01   Yash Morning  Milk Counter,,Yes,01   Yash Morning  Milk Counter,377.6,Yes,Yes,No,,,,
20260506,537,Sales,ccde5e46-22b1-4fd7-8009-ffe387e3e86a-00005972,22898,42454,12  ATM  A,,Yes,12  ATM  A,2137.32,Yes,Yes,No,,,,
20260506,538,Sales,ccde5e46-22b1-4fd7-8009-ffe387e3e86a-00005974,22900,42456,12  ATM  A,,Yes,12  ATM  A,5273.4,Yes,Yes,No,,,,
20260506,539,Sales,ccde5e46-22b1-4fd7-8009-ffe387e3e86a-00005976,22902,42458,12  ATM  A,,Yes,12  ATM  A,1107.0,Yes,Yes,No,,,,
20260506,540,Sales,ccde5e46-22b1-4fd7-8009-ffe387e3e86a-00005980,22912,42468,02 Rsa Afternoon Milk Counter,,Yes,02 Rsa Afternoon Milk Counter,1505.4,Yes,Yes,No,,,,
20260506,541,Sales,ccde5e46-22b1-4fd7-8009-ffe387e3e86a-000059fa,23034,42730,04 GHEE COUNTER,,Yes,04 GHEE COUNTER,-42193.44,Yes,Yes,No,,,,
20260506,542,Sales,ccde5e46-22b1-4fd7-8009-ffe387e3e86a-000059fb,23035,42731,04 GHEE COUNTER,,Yes,04 GHEE COUNTER,-9763.2,Yes,Yes,No,,,,
20260506,543,Sales,ccde5e46-22b1-4fd7-8009-ffe387e3e86a-00005a16,23062,42758,08  Wadgaonkar  Sales,,Yes,08  Wadgaonkar  Sales,-13082.0,Yes,Yes,No,,,,
20260506,544,Sales,ccde5e46-22b1-4fd7-8009-ffe387e3e86a-00006eb3,28339,52167,Hattekar's Girija Catterors,,Yes,Hattekar's Girija Catterors,-600.0,Yes,Yes,No,,,,
20260507,545,Sales,ccde5e46-22b1-4fd7-8009-ffe387e3e86a-00005982,22914,42470,HOTEL LADLI,,Yes,HOTEL LADLI,-640.0,Yes,Yes,No,,,,
20260507,546,Sales,ccde5e46-22b1-4fd7-8009-ffe387e3e86a-00005984,22916,42472,THE VEGAN  HOTEL,,Yes,THE VEGAN  HOTEL,-3180.0,Yes,Yes,No,,,,
20260507,546,Sales,ccde5e46-22b1-4fd7-8009-ffe387e3e86a-00005984,22916,42472,THE VEGAN  HOTEL,,Yes,Transport,140.0,No,No,No,,,,
20260507,547,Sales,ccde5e46-22b1-4fd7-8009-ffe387e3e86a-000059e0,23008,42664,01   Yash Morning  Milk Counter,,Yes,01   Yash Morning  Milk Counter,70.0,Yes,Yes,No,,,,
20260507,548,Sales,ccde5e46-22b1-4fd7-8009-ffe387e3e86a-000059ea,23018,42713,01   Yash Morning  Milk Counter,,Yes,01   Yash Morning  Milk Counter,569.4,Yes,Yes,No,,,,
20260507,549,Sales,ccde5e46-22b1-4fd7-8009-ffe387e3e86a-000059f6,23030,42726,12  ATM  A,,Yes,12  ATM  A,4491.2,Yes,Yes,No,,,,
20260507,550,Sales,ccde5e46-22b1-4fd7-8009-ffe387e3e86a-000059f9,23033,42729,12  ATM  A,,Yes,12  ATM  A,3320.4,Yes,Yes,No,,,,
20260507,551,Sales,ccde5e46-22b1-4fd7-8009-ffe387e3e86a-00005a12,23058,42754,02 Rsa Afternoon Milk Counter,,Yes,02 Rsa Afternoon Milk Counter,4731.04,Yes,Yes,No,,,,
20260507,552,Sales,ccde5e46-22b1-4fd7-8009-ffe387e3e86a-00005a3f,23103,42799,08  Wadgaonkar  Sales,,Yes,08  Wadgaonkar  Sales,-8972.0,Yes,Yes,No,,,,
20260507,553,Sales,ccde5e46-22b1-4fd7-8009-ffe387e3e86a-00005a43,23107,43178,04 GHEE COUNTER,,Yes,04 GHEE COUNTER,-20032.64,Yes,Yes,No,,,,
20260508,554,Sales,ccde5e46-22b1-4fd7-8009-ffe387e3e86a-00005a1a,23066,42762,HOTEL LADLI,,Yes,HOTEL LADLI,-640.0,Yes,Yes,No,,,,
20260508,555,Sales,ccde5e46-22b1-4fd7-8009-ffe387e3e86a-00005a1c,23068,42764,THE VEGAN  HOTEL,,Yes,THE VEGAN  HOTEL,-3180.0,Yes,Yes,No,,,,
20260508,555,Sales,ccde5e46-22b1-4fd7-8009-ffe387e3e86a-00005a1c,23068,42764,THE VEGAN  HOTEL,,Yes,Transport,140.0,No,No,No,,,,
20260508,556,Sales,ccde5e46-22b1-4fd7-8009-ffe387e3e86a-00005a46,23110,42806,04 GHEE COUNTER,,Yes,04 GHEE COUNTER,-55371.6,Yes,Yes,No,,,,
20260508,557,Sales,ccde5e46-22b1-4fd7-8009-ffe387e3e86a-00005a6c,23148,42844,01   Yash Morning  Milk Counter,,Yes,01   Yash Morning  Milk Counter,1987.8,Yes,Yes,No,,,,
20260508,558,Sales,ccde5e46-22b1-4fd7-8009-ffe387e3e86a-00005a6f,23151,42847,02 Rsa Afternoon Milk Counter,,Yes,02 Rsa Afternoon Milk Counter,-3855.6,Yes,Yes,No,,,,
20260508,559,Sales,ccde5e46-22b1-4fd7-8009-ffe387e3e86a-00007a0b,31243,57123,09   Pandurang  Sales,,Yes,09   Pandurang  Sales,-1820.0,Yes,Yes,No,,,,
20260508,560,Sales,ccde5e46-22b1-4fd7-8009-ffe387e3e86a-00005a86,23174,42871,02 Rsa Afternoon Milk Counter,,Yes,02 Rsa Afternoon Milk Counter,6396.6,Yes,Yes,No,,,,
20260508,561,Sales,ccde5e46-22b1-4fd7-8009-ffe387e3e86a-00005b9c,23452,43159,04 GHEE COUNTER,,Yes,04 GHEE COUNTER,-2089.6,Yes,Yes,No,,,,
20260508,562,Sales,ccde5e46-22b1-4fd7-8009-ffe387e3e86a-00005a95,23189,42886,08  Wadgaonkar  Sales,,Yes,08  Wadgaonkar  Sales,-10004.0,Yes,Yes,No,,,,
20260508,563,Sales,ccde5e46-22b1-4fd7-8009-ffe387e3e86a-00005a97,23191,42888,08  Wadgaonkar  Sales,,Yes,08  Wadgaonkar  Sales,592.0,Yes,Yes,No,,,,
20260508,564,Sales,ccde5e46-22b1-4fd7-8009-ffe387e3e86a-000062b5,25269,45622,08  Wadgaonkar  Sales,,Yes,08  Wadgaonkar  Sales,-640.0,Yes,Yes,No,,,,
20260508,565,Sales,ccde5e46-22b1-4fd7-8009-ffe387e3e86a-00005a98,23192,42889,04 GHEE COUNTER,,Yes,04 GHEE COUNTER,1350.0,Yes,Yes,No,,,,
20260509,566,Sales,ccde5e46-22b1-4fd7-8009-ffe387e3e86a-00005a92,23186,42883,HOTEL LADLI,,Yes,HOTEL LADLI,-640.0,Yes,Yes,No,,,,
20260509,567,Sales,ccde5e46-22b1-4fd7-8009-ffe387e3e86a-00005ab9,23225,42922,THE VEGAN  HOTEL,,Yes,THE VEGAN  HOTEL,-3180.0,Yes,Yes,No,,,,
20260509,567,Sales,ccde5e46-22b1-4fd7-8009-ffe387e3e86a-00005ab9,23225,42922,THE VEGAN  HOTEL,,Yes,Transport,140.0,No,No,No,,,,
20260509,568,Sales,ccde5e46-22b1-4fd7-8009-ffe387e3e86a-00005ade,23262,42959,01   Yash Morning  Milk Counter,,Yes,01   Yash Morning  Milk Counter,2165.8,Yes,Yes,No,,,,
20260509,569,Sales,ccde5e46-22b1-4fd7-8009-ffe387e3e86a-00005ae5,23269,42967,02 Rsa Afternoon Milk Counter,,Yes,02 Rsa Afternoon Milk Counter,-8104.8,Yes,Yes,No,,,,
20260509,570,Sales,ccde5e46-22b1-4fd7-8009-ffe387e3e86a-00005ae6,23270,42968,02 Rsa Afternoon Milk Counter,,Yes,02 Rsa Afternoon Milk Counter,-3439.8,Yes,Yes,No,,,,
20260509,571,Sales,ccde5e46-22b1-4fd7-8009-ffe387e3e86a-00005ae7,23271,42969,02 Rsa Afternoon Milk Counter,,Yes,02 Rsa Afternoon Milk Counter,-1655.5,Yes,Yes,No,,,,
20260509,572,Sales,ccde5e46-22b1-4fd7-8009-ffe387e3e86a-00005ae8,23272,42970,02 Rsa Afternoon Milk Counter,,Yes,02 Rsa Afternoon Milk Counter,-4608.8,Yes,Yes,No,,,,
20260509,573,Sales,ccde5e46-22b1-4fd7-8009-ffe387e3e86a-00005ae9,23273,42971,12  ATM  A,,Yes,12  ATM  A,-8256.6,Yes,Yes,No,,,,
20260509,574,Sales,ccde5e46-22b1-4fd7-8009-ffe387e3e86a-00005aea,23274,42972,12  ATM  A,,Yes,12  ATM  A,-4393.44,Yes,Yes,No,,,,
20260509,575,Sales,ccde5e46-22b1-4fd7-8009-ffe387e3e86a-00005aeb,23275,42973,12  ATM  A,,Yes,12  ATM  A,-6859.44,Yes,Yes,No,,,,
20260509,576,Sales,ccde5e46-22b1-4fd7-8009-ffe387e3e86a-00005aec,23276,42974,12  ATM  A,,Yes,12  ATM  A,-8058.6,Yes,Yes,No,,,,
20260509,577,Sales,ccde5e46-22b1-4fd7-8009-ffe387e3e86a-00005aef,23279,42977,08  Wadgaonkar  Sales,,Yes,08  Wadgaonkar  Sales,3324.0,Yes,Yes,No,,,,
20260509,578,Sales,ccde5e46-22b1-4fd7-8009-ffe387e3e86a-00005b44,23364,43065,08  Wadgaonkar  Sales,,Yes,08  Wadgaonkar  Sales,-720.0,Yes,Yes,No,,,,
20260509,579,Sales,ccde5e46-22b1-4fd7-8009-ffe387e3e86a-00005b43,23363,43064,08  Wadgaonkar  Sales,,Yes,08  Wadgaonkar  Sales,-4000.0,Yes,Yes,No,,,,
20260509,580,Sales,ccde5e46-22b1-4fd7-8009-ffe387e3e86a-00005b42,23362,43063,08  Wadgaonkar  Sales,,Yes,08  Wadgaonkar  Sales,-9364.0,Yes,Yes,No,,,,
20260509,581,Sales,ccde5e46-22b1-4fd7-8009-ffe387e3e86a-00005af0,23280,42978,09   Pandurang  Sales,,Yes,09   Pandurang  Sales,1007.0,Yes,Yes,No,,,,
20260509,582,Sales,ccde5e46-22b1-4fd7-8009-ffe387e3e86a-00007a0d,31245,57125,09   Pandurang  Sales,,Yes,09   Pandurang  Sales,-4918.0,Yes,Yes,No,,,,
20260509,583,Sales,ccde5e46-22b1-4fd7-8009-ffe387e3e86a-00007a0f,31247,57127,09   Pandurang  Sales,,Yes,09   Pandurang  Sales,-1750.0,Yes,Yes,No,,,,
20260509,584,Sales,ccde5e46-22b1-4fd7-8009-ffe387e3e86a-00005af1,23281,42979,02 Rsa Afternoon Milk Counter,,Yes,02 Rsa Afternoon Milk Counter,8611.22,Yes,Yes,No,,,,
20260509,585,Sales,ccde5e46-22b1-4fd7-8009-ffe387e3e86a-00005af2,23282,42980,13  ATM   B,,Yes,13  ATM   B,3057.0,Yes,Yes,No,,,,
20260509,586,Sales,ccde5e46-22b1-4fd7-8009-ffe387e3e86a-00006127,24871,45164,04 GHEE COUNTER,,Yes,04 GHEE COUNTER,-53989.92,Yes,Yes,No,,,,
20260510,587,Sales,ccde5e46-22b1-4fd7-8009-ffe387e3e86a-00005afb,23291,42989,HOTEL LADLI,,Yes,HOTEL LADLI,-640.0,Yes,Yes,No,,,,
20260510,588,Sales,ccde5e46-22b1-4fd7-8009-ffe387e3e86a-00007a17,31255,57144,09   Pandurang  Sales,,Yes,09   Pandurang  Sales,-3708.0,Yes,Yes,No,,,,
20260510,589,Sales,ccde5e46-22b1-4fd7-8009-ffe387e3e86a-00007a18,31256,57145,09   Pandurang  Sales,,Yes,09   Pandurang  Sales,39.0,Yes,Yes,No,,,,
20260510,590,Sales,ccde5e46-22b1-4fd7-8009-ffe387e3e86a-00007a19,31257,57152,09   Pandurang  Sales,,Yes,09   Pandurang  Sales,126.0,Yes,Yes,No,,,,
20260510,591,Sales,ccde5e46-22b1-4fd7-8009-ffe387e3e86a-00007a13,31251,57146,08  Wadgaonkar  Sales,,Yes,08  Wadgaonkar  Sales,-9364.0,Yes,Yes,No,,,,
20260510,592,Sales,ccde5e46-22b1-4fd7-8009-ffe387e3e86a-00007a15,31253,57147,08  Wadgaonkar  Sales,,Yes,08  Wadgaonkar  Sales,755.0,Yes,Yes,No,,,,
20260510,593,Sales,ccde5e46-22b1-4fd7-8009-ffe387e3e86a-00007a16,31254,57148,08  Wadgaonkar  Sales,,Yes,08  Wadgaonkar  Sales,16.0,Yes,Yes,No,,,,
20260510,594,Sales,ccde5e46-22b1-4fd7-8009-ffe387e3e86a-00006129,24873,57149,04 GHEE COUNTER,,Yes,04 GHEE COUNTER,-29658.48,Yes,Yes,No,,,,
20260510,595,Sales,ccde5e46-22b1-4fd7-8009-ffe387e3e86a-00005b26,23334,43032,THE VEGAN  HOTEL,,Yes,THE VEGAN  HOTEL,-3180.0,Yes,Yes,No,,,,
20260510,595,Sales,ccde5e46-22b1-4fd7-8009-ffe387e3e86a-00005b26,23334,43032,THE VEGAN  HOTEL,,Yes,Transport,140.0,No,No,No,,,,
20260510,596,Sales,ccde5e46-22b1-4fd7-8009-ffe387e3e86a-00005b49,23369,43070,01   Yash Morning  Milk Counter,,Yes,01   Yash Morning  Milk Counter,3031.0,Yes,Yes,No,,,,
20260510,597,Sales,ccde5e46-22b1-4fd7-8009-ffe387e3e86a-00005af3,23283,43097,01   Yash Morning  Milk Counter,,Yes,01   Yash Morning  Milk Counter,-1294.8,Yes,Yes,No,,,,
20260510,598,Sales,ccde5e46-22b1-4fd7-8009-ffe387e3e86a-00005b67,23399,43103,02 Rsa Afternoon Milk Counter,,Yes,02 Rsa Afternoon Milk Counter,6980.6,Yes,Yes,No,,,,
20260511,599,Sales,ccde5e46-22b1-4fd7-8009-ffe387e3e86a-00005b7c,23420,43125,04 GHEE COUNTER,6435,Yes,04 GHEE COUNTER,3826.12,Yes,Yes,No,,,,
20260511,600,Sales,ccde5e46-22b1-4fd7-8009-ffe387e3e86a-0000612f,24879,45178,04 GHEE COUNTER,,Yes,04 GHEE COUNTER,-9941.2,Yes,Yes,No,,,,
20260511,601,Sales,ccde5e46-22b1-4fd7-8009-ffe387e3e86a-00007a1e,31262,57157,09   Pandurang  Sales,,Yes,09   Pandurang  Sales,-3342.0,Yes,Yes,No,,,,
20260511,602,Sales,ccde5e46-22b1-4fd7-8009-ffe387e3e86a-00007a1f,31263,57158,09   Pandurang  Sales,,Yes,09   Pandurang  Sales,-780.0,Yes,Yes,No,,,,
20260511,603,Sales,ccde5e46-22b1-4fd7-8009-ffe387e3e86a-00007a20,31264,57165,09   Pandurang  Sales,,Yes,09   Pandurang  Sales,301.0,Yes,Yes,No,,,,
20260511,604,Sales,ccde5e46-22b1-4fd7-8009-ffe387e3e86a-00007a1a,31258,57159,08  Wadgaonkar  Sales,,Yes,08  Wadgaonkar  Sales,-9364.0,Yes,Yes,No,,,,
20260511,605,Sales,ccde5e46-22b1-4fd7-8009-ffe387e3e86a-00007a1b,31259,57160,08  Wadgaonkar  Sales,,Yes,08  Wadgaonkar  Sales,448.0,Yes,Yes,No,,,,
20260511,606,Sales,ccde5e46-22b1-4fd7-8009-ffe387e3e86a-00005b96,23446,45067,THE VEGAN  HOTEL,,Yes,THE VEGAN  HOTEL,-3180.0,Yes,Yes,No,,,,
20260511,606,Sales,ccde5e46-22b1-4fd7-8009-ffe387e3e86a-00005b96,23446,45067,THE VEGAN  HOTEL,,Yes,Transport,140.0,No,No,No,,,,
20260511,607,Sales,ccde5e46-22b1-4fd7-8009-ffe387e3e86a-00005bbd,23485,43195,01   Yash Morning  Milk Counter,,Yes,01   Yash Morning  Milk Counter,2448.8,Yes,Yes,No,,,,
20260511,608,Sales,ccde5e46-22b1-4fd7-8009-ffe387e3e86a-00005bc3,23491,43201,13  ATM   B,,Yes,13  ATM   B,7594.0,Yes,Yes,No,,,,
20260511,609,Sales,ccde5e46-22b1-4fd7-8009-ffe387e3e86a-00005bd6,23510,43220,02 Rsa Afternoon Milk Counter,,Yes,02 Rsa Afternoon Milk Counter,2354.0,Yes,Yes,No,,,,
20260511,610,Sales,ccde5e46-22b1-4fd7-8009-ffe387e3e86a-00005bdb,23515,43225,HOTEL LADLI,,Yes,HOTEL LADLI,-640.0,Yes,Yes,No,,,,
20260511,611,Sales,ccde5e46-22b1-4fd7-8009-ffe387e3e86a-0000612e,24878,45177,04 GHEE COUNTER,6435,Yes,04 GHEE COUNTER,765.92,Yes,Yes,No,,,,
20260512,612,Sales,ccde5e46-22b1-4fd7-8009-ffe387e3e86a-00005bdc,23516,43226,HOTEL LADLI,,Yes,HOTEL LADLI,-640.0,Yes,Yes,No,,,,
20260512,613,Sales,ccde5e46-22b1-4fd7-8009-ffe387e3e86a-00005c01,23553,43264,THE VEGAN  HOTEL,,Yes,THE VEGAN  HOTEL,-3180.0,Yes,Yes,No,,,,
20260512,613,Sales,ccde5e46-22b1-4fd7-8009-ffe387e3e86a-00005c01,23553,43264,THE VEGAN  HOTEL,,Yes,Transport,140.0,No,No,No,,,,
20260512,614,Sales,ccde5e46-22b1-4fd7-8009-ffe387e3e86a-00005c25,23589,43303,01   Yash Morning  Milk Counter,,Yes,01   Yash Morning  Milk Counter,2341.2,Yes,Yes,No,,,,
20260512,615,Sales,ccde5e46-22b1-4fd7-8009-ffe387e3e86a-00005c42,23618,43347,04 GHEE COUNTER,6459,Yes,04 GHEE COUNTER,-39895.76,Yes,Yes,No,,,,
20260512,616,Sales,ccde5e46-22b1-4fd7-8009-ffe387e3e86a-00005c44,23620,43349,04 GHEE COUNTER,6467,Yes,04 GHEE COUNTER,-9000.0,Yes,Yes,No,,,,
20260512,617,Sales,ccde5e46-22b1-4fd7-8009-ffe387e3e86a-00005c45,23621,43350,04 GHEE COUNTER,6471,Yes,04 GHEE COUNTER,-1327.2,Yes,Yes,No,,,,
20260512,618,Sales,ccde5e46-22b1-4fd7-8009-ffe387e3e86a-00005c46,23622,43351,08  Wadgaonkar  Sales,6462,Yes,08  Wadgaonkar  Sales,-11544.0,Yes,Yes,No,,,,
20260512,619,Sales,ccde5e46-22b1-4fd7-8009-ffe387e3e86a-00007a21,31265,57166,08  Wadgaonkar  Sales,,Yes,08  Wadgaonkar  Sales,-260.0,Yes,Yes,No,,,,
20260512,620,Sales,ccde5e46-22b1-4fd7-8009-ffe387e3e86a-00005c48,23624,43353,09   Pandurang  Sales,6460,Yes,09   Pandurang  Sales,-3218.0,Yes,Yes,No,,,,
20260512,621,Sales,ccde5e46-22b1-4fd7-8009-ffe387e3e86a-00005c49,23625,43354,09   Pandurang  Sales,6470,Yes,09   Pandurang  Sales,96.0,Yes,Yes,No,,,,
20260512,622,Sales,ccde5e46-22b1-4fd7-8009-ffe387e3e86a-00005c4a,23626,43355,08  Wadgaonkar  Sales,6479,Yes,08  Wadgaonkar  Sales,280.0,Yes,Yes,No,,,,
20260512,623,Sales,ccde5e46-22b1-4fd7-8009-ffe387e3e86a-00005c56,23638,43371,02 Rsa Afternoon Milk Counter,,Yes,02 Rsa Afternoon Milk Counter,2579.8,Yes,Yes,No,,,,
20260512,624,Sales,ccde5e46-22b1-4fd7-8009-ffe387e3e86a-00005c57,23639,43368,04 GHEE COUNTER,6480,Yes,04 GHEE COUNTER,928.8,Yes,Yes,No,,,,
20260512,625,Sales,ccde5e46-22b1-4fd7-8009-ffe387e3e86a-00006139,24889,45188,09   Pandurang  Sales,,Yes,09   Pandurang  Sales,-260.0,Yes,Yes,No,,,,
20260513,626,Sales,ccde5e46-22b1-4fd7-8009-ffe387e3e86a-00005c5c,23644,43388,04 GHEE COUNTER,,Yes,04 GHEE COUNTER,-27839.36,Yes,Yes,No,,,,
20260513,627,Sales,ccde5e46-22b1-4fd7-8009-ffe387e3e86a-00005c83,23683,43415,04 GHEE COUNTER,6490,Yes,04 GHEE COUNTER,-1626.0,Yes,Yes,No,,,,
20260513,628,Sales,ccde5e46-22b1-4fd7-8009-ffe387e3e86a-00005c8c,23692,43424,THE VEGAN  HOTEL,,Yes,THE VEGAN  HOTEL,-3180.0,Yes,Yes,No,,,,
20260513,628,Sales,ccde5e46-22b1-4fd7-8009-ffe387e3e86a-00005c8c,23692,43424,THE VEGAN  HOTEL,,Yes,Transport,140.0,No,No,No,,,,
20260513,629,Sales,ccde5e46-22b1-4fd7-8009-ffe387e3e86a-00005c93,23699,43431,04 GHEE COUNTER,6490,Yes,04 GHEE COUNTER,7400.0,Yes,Yes,No,,,,
20260513,630,Sales,ccde5e46-22b1-4fd7-8009-ffe387e3e86a-00005ca4,23716,43448,01   Yash Morning  Milk Counter,,Yes,01   Yash Morning  Milk Counter,1755.0,Yes,Yes,No,,,,
20260513,631,Sales,ccde5e46-22b1-4fd7-8009-ffe387e3e86a-00005cae,23726,43462,12  ATM  A,,Yes,12  ATM  A,5846.8,Yes,Yes,No,,,,
20260513,632,Sales,ccde5e46-22b1-4fd7-8009-ffe387e3e86a-00005cb2,23730,43466,04 GHEE COUNTER,,Yes,04 GHEE COUNTER,-900.0,Yes,Yes,No,,,,
20260513,633,Sales,ccde5e46-22b1-4fd7-8009-ffe387e3e86a-00005cbb,23739,43475,04 GHEE COUNTER,6503,Yes,04 GHEE COUNTER,-2719.2,Yes,Yes,No,,,,
20260513,634,Sales,ccde5e46-22b1-4fd7-8009-ffe387e3e86a-00005cc5,23749,43485,02 Rsa Afternoon Milk Counter,,Yes,02 Rsa Afternoon Milk Counter,4862.0,Yes,Yes,No,,,,
20260513,635,Sales,ccde5e46-22b1-4fd7-8009-ffe387e3e86a-00005ccb,23755,43491,04 GHEE COUNTER,6503,Yes,04 GHEE COUNTER,2020.8,Yes,Yes,No,,,,
20260514,636,Sales,ccde5e46-22b1-4fd7-8009-ffe387e3e86a-00005cd0,23760,43496,THE VEGAN  HOTEL,,Yes,THE VEGAN  HOTEL,-3180.0,Yes,Yes,No,,,,
20260514,636,Sales,ccde5e46-22b1-4fd7-8009-ffe387e3e86a-00005cd0,23760,43496,THE VEGAN  HOTEL,,Yes,Transport,140.0,No,No,No,,,,
20260514,637,Sales,ccde5e46-22b1-4fd7-8009-ffe387e3e86a-00005cd2,23762,43498,HOTEL LADLI,,Yes,HOTEL LADLI,-640.0,Yes,Yes,No,,,,
20260514,638,Sales,ccde5e46-22b1-4fd7-8009-ffe387e3e86a-00005cde,23774,43612,04 GHEE COUNTER,6513,Yes,04 GHEE COUNTER,-43776.8,Yes,Yes,No,,,,
20260514,639,Sales,ccde5e46-22b1-4fd7-8009-ffe387e3e86a-00005d07,23815,43551,04 GHEE COUNTER,,Yes,04 GHEE COUNTER,-1800.0,Yes,Yes,No,,,,
20260514,640,Sales,ccde5e46-22b1-4fd7-8009-ffe387e3e86a-00005d1e,23838,43609,04 GHEE COUNTER,6522,Yes,04 GHEE COUNTER,-28179.6,Yes,Yes,No,,,,
20260514,641,Sales,ccde5e46-22b1-4fd7-8009-ffe387e3e86a-00005d1f,23839,43610,01   Yash Morning  Milk Counter,,Yes,01   Yash Morning  Milk Counter,2043.8,Yes,Yes,No,,,,
20260514,642,Sales,ccde5e46-22b1-4fd7-8009-ffe387e3e86a-00005d26,23846,43619,02 Rsa Afternoon Milk Counter,,Yes,02 Rsa Afternoon Milk Counter,-8124.6,Yes,Yes,No,,,,
20260514,643,Sales,ccde5e46-22b1-4fd7-8009-ffe387e3e86a-00005d27,23847,43620,02 Rsa Afternoon Milk Counter,,Yes,02 Rsa Afternoon Milk Counter,-3455.4,Yes,Yes,No,,,,
20260514,644,Sales,ccde5e46-22b1-4fd7-8009-ffe387e3e86a-00005d28,23848,43621,02 Rsa Afternoon Milk Counter,,Yes,02 Rsa Afternoon Milk Counter,-4496.8,Yes,Yes,No,,,,
20260514,645,Sales,ccde5e46-22b1-4fd7-8009-ffe387e3e86a-00005d40,23872,43647,02 Rsa Afternoon Milk Counter,,Yes,02 Rsa Afternoon Milk Counter,5836.8,Yes,Yes,No,,,,
20260514,646,Sales,ccde5e46-22b1-4fd7-8009-ffe387e3e86a-00005d9a,23962,43811,04 GHEE COUNTER,6525,Yes,04 GHEE COUNTER,-1380.0,Yes,Yes,No,,,,
20260514,647,Sales,ccde5e46-22b1-4fd7-8009-ffe387e3e86a-00005d9b,23963,43812,04 GHEE COUNTER,6523,Yes,04 GHEE COUNTER,2047.2,Yes,Yes,No,,,,
20260514,648,Sales,ccde5e46-22b1-4fd7-8009-ffe387e3e86a-00007a22,31266,57167,08  Wadgaonkar  Sales,,Yes,08  Wadgaonkar  Sales,-11472.0,Yes,Yes,No,,,,
20260514,649,Sales,ccde5e46-22b1-4fd7-8009-ffe387e3e86a-00007a24,31268,57169,08  Wadgaonkar  Sales,,Yes,08  Wadgaonkar  Sales,641.0,Yes,Yes,No,,,,
20260514,650,Sales,ccde5e46-22b1-4fd7-8009-ffe387e3e86a-00007a23,31267,57168,08  Wadgaonkar  Sales,,Yes,08  Wadgaonkar  Sales,-7942.0,Yes,Yes,No,,,,
20260515,651,Sales,ccde5e46-22b1-4fd7-8009-ffe387e3e86a-000056b2,22194,43654,HOTEL LADLI,,Yes,HOTEL LADLI,-640.0,Yes,Yes,No,,,,
20260515,652,Sales,ccde5e46-22b1-4fd7-8009-ffe387e3e86a-00005d47,23879,43655,THE VEGAN  HOTEL,,Yes,THE VEGAN  HOTEL,-3180.0,Yes,Yes,No,,,,
20260515,652,Sales,ccde5e46-22b1-4fd7-8009-ffe387e3e86a-00005d47,23879,43655,THE VEGAN  HOTEL,,Yes,Transport,140.0,No,No,No,,,,
20260515,653,Sales,ccde5e46-22b1-4fd7-8009-ffe387e3e86a-00007a25,31269,57170,08  Wadgaonkar  Sales,,Yes,08  Wadgaonkar  Sales,-10014.0,Yes,Yes,No,,,,
20260515,654,Sales,ccde5e46-22b1-4fd7-8009-ffe387e3e86a-00007a26,31270,57171,08  Wadgaonkar  Sales,,Yes,08  Wadgaonkar  Sales,-3180.0,Yes,Yes,No,,,,
20260515,655,Sales,ccde5e46-22b1-4fd7-8009-ffe387e3e86a-00007a27,31271,57172,08  Wadgaonkar  Sales,,Yes,08  Wadgaonkar  Sales,511.0,Yes,Yes,No,,,,
20260515,656,Sales,ccde5e46-22b1-4fd7-8009-ffe387e3e86a-00005da1,23969,43820,01   Yash Morning  Milk Counter,,Yes,01   Yash Morning  Milk Counter,1882.4,Yes,Yes,No,,,,
20260515,657,Sales,ccde5e46-22b1-4fd7-8009-ffe387e3e86a-00005da5,23973,43833,04 GHEE COUNTER,6540,Yes,04 GHEE COUNTER,-17728.84,Yes,Yes,No,,,,
20260515,658,Sales,ccde5e46-22b1-4fd7-8009-ffe387e3e86a-00005da7,23975,43836,04 GHEE COUNTER,6536,Yes,04 GHEE COUNTER,-27018.0,Yes,Yes,No,,,,
20260515,659,Sales,ccde5e46-22b1-4fd7-8009-ffe387e3e86a-00005dc4,24004,43873,04 GHEE COUNTER,6551,Yes,04 GHEE COUNTER,-15450.24,Yes,Yes,No,,,,
20260515,660,Sales,ccde5e46-22b1-4fd7-8009-ffe387e3e86a-00005dcb,24011,43880,02 Rsa Afternoon Milk Counter,,Yes,02 Rsa Afternoon Milk Counter,5348.6,Yes,Yes,No,,,,
20260515,661,Sales,ccde5e46-22b1-4fd7-8009-ffe387e3e86a-00005e3a,24122,44061,04 GHEE COUNTER,6552,Yes,04 GHEE COUNTER,2076.0,Yes,Yes,No,,,,
20260516,662,Sales,ccde5e46-22b1-4fd7-8009-ffe387e3e86a-00005dd2,24018,43887,HOTEL LADLI,,Yes,HOTEL LADLI,-640.0,Yes,Yes,No,,,,
20260516,663,Sales,ccde5e46-22b1-4fd7-8009-ffe387e3e86a-00005df4,24052,43922,04 GHEE COUNTER,6561,Yes,04 GHEE COUNTER,-13811.92,Yes,Yes,No,,,,
20260516,664,Sales,ccde5e46-22b1-4fd7-8009-ffe387e3e86a-00005eb1,24241,44186,01   Yash Morning  Milk Counter,,Yes,01   Yash Morning  Milk Counter,0.0,Yes,Yes,No,,,,
20260516,665,Sales,ccde5e46-22b1-4fd7-8009-ffe387e3e86a-00005dfc,24060,43988,THE VEGAN  HOTEL,,Yes,THE VEGAN  HOTEL,-3180.0,Yes,Yes,No,,,,
20260516,665,Sales,ccde5e46-22b1-4fd7-8009-ffe387e3e86a-00005dfc,24060,43988,THE VEGAN  HOTEL,,Yes,Transport,140.0,No,No,No,,,,
20260516,666,Sales,ccde5e46-22b1-4fd7-8009-ffe387e3e86a-00005e19,24089,44019,01   Yash Morning  Milk Counter,,Yes,01   Yash Morning  Milk Counter,3054.4,Yes,Yes,No,,,,
20260516,667,Sales,ccde5e46-22b1-4fd7-8009-ffe387e3e86a-00005e27,24103,44039,13  ATM   B,,Yes,13  ATM   B,4872.2,Yes,Yes,No,,,,
20260516,668,Sales,ccde5e46-22b1-4fd7-8009-ffe387e3e86a-00005e31,24113,44049,08  Wadgaonkar  Sales,6565,Yes,08  Wadgaonkar  Sales,-6640.0,Yes,Yes,No,,,,
20260516,669,Sales,ccde5e46-22b1-4fd7-8009-ffe387e3e86a-00005e2d,24109,44050,09   Pandurang  Sales,6562,Yes,09   Pandurang  Sales,-2918.0,Yes,Yes,No,,,,
20260516,670,Sales,ccde5e46-22b1-4fd7-8009-ffe387e3e86a-00005e2e,24110,44051,09   Pandurang  Sales,,Yes,09   Pandurang  Sales,-1460.0,Yes,Yes,No,,,,
20260516,671,Sales,ccde5e46-22b1-4fd7-8009-ffe387e3e86a-00007a29,31273,57174,09   Pandurang  Sales,,Yes,09   Pandurang  Sales,386.0,Yes,Yes,No,,,,
20260516,672,Sales,ccde5e46-22b1-4fd7-8009-ffe387e3e86a-00007a2a,31274,57175,09   Pandurang  Sales,,Yes,09   Pandurang  Sales,108.0,Yes,Yes,No,,,,
20260516,673,Sales,ccde5e46-22b1-4fd7-8009-ffe387e3e86a-00005e2b,24107,44065,04 GHEE COUNTER,6570,Yes,04 GHEE COUNTER,-14080.0,Yes,Yes,No,,,,
20260516,674,Sales,ccde5e46-22b1-4fd7-8009-ffe387e3e86a-00005e32,24114,44053,08  Wadgaonkar  Sales,6566,Yes,08  Wadgaonkar  Sales,-10014.0,Yes,Yes,No,,,,
20260516,675,Sales,ccde5e46-22b1-4fd7-8009-ffe387e3e86a-00007a28,31272,57173,08  Wadgaonkar  Sales,,Yes,08  Wadgaonkar  Sales,78.0,Yes,Yes,No,,,,
20260516,676,Sales,ccde5e46-22b1-4fd7-8009-ffe387e3e86a-00005e42,24130,44070,02 Rsa Afternoon Milk Counter,,Yes,02 Rsa Afternoon Milk Counter,2042.0,Yes,Yes,No,,,,
20260516,677,Sales,ccde5e46-22b1-4fd7-8009-ffe387e3e86a-000007d0,2000,5064,SHRI 1008 KPSDJ MANDIR,,Yes,SHRI 1008 KPSDJ MANDIR,-680.0,Yes,Yes,No,,,,
20260517,678,Sales,ccde5e46-22b1-4fd7-8009-ffe387e3e86a-00007a37,31287,57189,09   Pandurang  Sales,,Yes,09   Pandurang  Sales,-2424.0,Yes,Yes,No,,,,
20260517,679,Sales,ccde5e46-22b1-4fd7-8009-ffe387e3e86a-00007a38,31288,57190,09   Pandurang  Sales,,Yes,09   Pandurang  Sales,-1760.0,Yes,Yes,No,,,,
20260517,680,Sales,ccde5e46-22b1-4fd7-8009-ffe387e3e86a-00007a39,31289,57201,09   Pandurang  Sales,,Yes,09   Pandurang  Sales,400.0,Yes,Yes,No,,,,
20260517,681,Sales,ccde5e46-22b1-4fd7-8009-ffe387e3e86a-00007a2e,31278,57191,08  Wadgaonkar  Sales,,Yes,08  Wadgaonkar  Sales,-4748.0,Yes,Yes,No,,,,
20260517,682,Sales,ccde5e46-22b1-4fd7-8009-ffe387e3e86a-00007a30,31280,57192,08  Wadgaonkar  Sales,,Yes,08  Wadgaonkar  Sales,-3808.0,Yes,Yes,No,,,,
20260517,683,Sales,ccde5e46-22b1-4fd7-8009-ffe387e3e86a-00007a31,31281,57193,08  Wadgaonkar  Sales,,Yes,08  Wadgaonkar  Sales,-2100.0,Yes,Yes,No,,,,
20260517,684,Sales,ccde5e46-22b1-4fd7-8009-ffe387e3e86a-00007a33,31283,57194,08  Wadgaonkar  Sales,,Yes,08  Wadgaonkar  Sales,524.0,Yes,Yes,No,,,,
20260517,685,Sales,ccde5e46-22b1-4fd7-8009-ffe387e3e86a-00005e59,24153,44093,HOTEL LADLI,,Yes,HOTEL LADLI,-640.0,Yes,Yes,No,,,,
20260517,686,Sales,ccde5e46-22b1-4fd7-8009-ffe387e3e86a-00005e5a,24154,44094,THE VEGAN  HOTEL,,Yes,THE VEGAN  HOTEL,-3180.0,Yes,Yes,No,,,,
20260517,686,Sales,ccde5e46-22b1-4fd7-8009-ffe387e3e86a-00005e5a,24154,44094,THE VEGAN  HOTEL,,Yes,Transport,140.0,No,No,No,,,,
20260517,687,Sales,ccde5e46-22b1-4fd7-8009-ffe387e3e86a-00005e92,24210,44151,01   Yash Morning  Milk Counter,,Yes,01   Yash Morning  Milk Counter,780.0,Yes,Yes,No,,,,
20260517,688,Sales,ccde5e46-22b1-4fd7-8009-ffe387e3e86a-00005eb3,24243,44188,04 GHEE COUNTER,,Yes,04 GHEE COUNTER,-12720.96,Yes,Yes,No,,,,
20260517,689,Sales,ccde5e46-22b1-4fd7-8009-ffe387e3e86a-00005eb4,24244,44189,04 GHEE COUNTER,,Yes,04 GHEE COUNTER,-17040.48,Yes,Yes,No,,,,
20260517,690,Sales,ccde5e46-22b1-4fd7-8009-ffe387e3e86a-00005eb5,24245,44190,04 GHEE COUNTER,,Yes,04 GHEE COUNTER,3172.0,Yes,Yes,No,,,,
20260517,691,Sales,ccde5e46-22b1-4fd7-8009-ffe387e3e86a-00005eb6,24246,44191,04 GHEE COUNTER,,Yes,04 GHEE COUNTER,-900.0,Yes,Yes,No,,,,
20260517,692,Sales,ccde5e46-22b1-4fd7-8009-ffe387e3e86a-00005ec5,24261,44207,02 Rsa Afternoon Milk Counter,,Yes,02 Rsa Afternoon Milk Counter,4387.6,Yes,Yes,No,,,,
20260517,693,Sales,ccde5e46-22b1-4fd7-8009-ffe387e3e86a-00005ee4,24292,44239,04 GHEE COUNTER,8422,Yes,04 GHEE COUNTER,-1248.8,Yes,Yes,No,,,,
20260517,694,Sales,ccde5e46-22b1-4fd7-8009-ffe387e3e86a-00005ee7,24295,44242,04 GHEE COUNTER,8426,Yes,04 GHEE COUNTER,2148.72,Yes,Yes,No,,,,
20260517,695,Sales,ccde5e46-22b1-4fd7-8009-ffe387e3e86a-00005f01,24321,44338,04 GHEE COUNTER,,Yes,04 GHEE COUNTER,-43970.6,Yes,Yes,No,,,,
20260518,696,Sales,ccde5e46-22b1-4fd7-8009-ffe387e3e86a-00005ed0,24272,44219,HOTEL LADLI,,Yes,HOTEL LADLI,-640.0,Yes,Yes,No,,,,
20260518,697,Sales,ccde5e46-22b1-4fd7-8009-ffe387e3e86a-00005ed1,24273,44220,THE VEGAN  HOTEL,,Yes,THE VEGAN  HOTEL,-3180.0,Yes,Yes,No,,,,
20260518,697,Sales,ccde5e46-22b1-4fd7-8009-ffe387e3e86a-00005ed1,24273,44220,THE VEGAN  HOTEL,,Yes,Transport,140.0,No,No,No,,,,
20260518,698,Sales,ccde5e46-22b1-4fd7-8009-ffe387e3e86a-00005f2b,24363,44385,01   Yash Morning  Milk Counter,,Yes,01   Yash Morning  Milk Counter,2519.4,Yes,Yes,No,,,,
20260518,699,Sales,ccde5e46-22b1-4fd7-8009-ffe387e3e86a-00005f2c,24364,44386,02 Rsa Afternoon Milk Counter,,Yes,02 Rsa Afternoon Milk Counter,-7920.0,Yes,Yes,No,,,,
20260518,700,Sales,ccde5e46-22b1-4fd7-8009-ffe387e3e86a-00005f2d,24365,44387,02 Rsa Afternoon Milk Counter,,Yes,02 Rsa Afternoon Milk Counter,-3363.36,Yes,Yes,No,,,,
20260518,701,Sales,ccde5e46-22b1-4fd7-8009-ffe387e3e86a-00005f2e,24366,44388,02 Rsa Afternoon Milk Counter,,Yes,02 Rsa Afternoon Milk Counter,-1703.8,Yes,Yes,No,,,,
20260518,702,Sales,ccde5e46-22b1-4fd7-8009-ffe387e3e86a-00005f2f,24367,44389,02 Rsa Afternoon Milk Counter,,Yes,02 Rsa Afternoon Milk Counter,-4383.12,Yes,Yes,No,,,,
20260518,703,Sales,ccde5e46-22b1-4fd7-8009-ffe387e3e86a-00005f30,24368,44390,12  ATM  A,,Yes,12  ATM  A,3186.3,Yes,Yes,No,,,,
20260518,704,Sales,ccde5e46-22b1-4fd7-8009-ffe387e3e86a-00005f31,24369,44391,04 GHEE COUNTER,8441,Yes,04 GHEE COUNTER,-26370.0,Yes,Yes,No,,,,
20260518,705,Sales,ccde5e46-22b1-4fd7-8009-ffe387e3e86a-00005f32,24370,44392,08  Wadgaonkar  Sales,8442,Yes,08  Wadgaonkar  Sales,-10254.0,Yes,Yes,No,,,,
20260518,706,Sales,ccde5e46-22b1-4fd7-8009-ffe387e3e86a-00005f33,24371,44393,13  ATM   B,,Yes,13  ATM   B,-8157.6,Yes,Yes,No,,,,
20260518,707,Sales,ccde5e46-22b1-4fd7-8009-ffe387e3e86a-00005f34,24372,44394,13  ATM   B,,Yes,13  ATM   B,-4320.0,Yes,Yes,No,,,,
20260518,708,Sales,ccde5e46-22b1-4fd7-8009-ffe387e3e86a-00005f35,24373,44395,13  ATM   B,,Yes,13  ATM   B,-6725.6,Yes,Yes,No,,,,
20260518,709,Sales,ccde5e46-22b1-4fd7-8009-ffe387e3e86a-00005f36,24374,44396,09   Pandurang  Sales,8438,Yes,09   Pandurang  Sales,-3668.0,Yes,Yes,No,,,,
20260518,710,Sales,ccde5e46-22b1-4fd7-8009-ffe387e3e86a-00007a3a,31290,57202,09   Pandurang  Sales,,Yes,09   Pandurang  Sales,266.0,Yes,Yes,No,,,,
20260518,711,Sales,ccde5e46-22b1-4fd7-8009-ffe387e3e86a-00005f38,24376,44398,13  ATM   B,,Yes,13  ATM   B,-5049.0,Yes,Yes,No,,,,
20260518,712,Sales,ccde5e46-22b1-4fd7-8009-ffe387e3e86a-00005f3b,24379,44401,08  Wadgaonkar  Sales,8443,Yes,08  Wadgaonkar  Sales,-8200.0,Yes,Yes,No,,,,
20260518,713,Sales,ccde5e46-22b1-4fd7-8009-ffe387e3e86a-00007a35,31285,57187,08  Wadgaonkar  Sales,,Yes,08  Wadgaonkar  Sales,288.0,Yes,Yes,No,,,,
20260518,714,Sales,ccde5e46-22b1-4fd7-8009-ffe387e3e86a-00005f3c,24380,44402,04 GHEE COUNTER,8449,Yes,04 GHEE COUNTER,-3913.6,Yes,Yes,No,,,,
20260518,715,Sales,ccde5e46-22b1-4fd7-8009-ffe387e3e86a-00005f4b,24395,44417,02 Rsa Afternoon Milk Counter,,Yes,02 Rsa Afternoon Milk Counter,4417.22,Yes,Yes,No,,,,
20260518,716,Sales,ccde5e46-22b1-4fd7-8009-ffe387e3e86a-00006eb6,28342,52170,Hattekar's Girija Catterors,,Yes,Hattekar's Girija Catterors,-1100.0,Yes,Yes,No,,,,
20260519,717,Sales,ccde5e46-22b1-4fd7-8009-ffe387e3e86a-00005f56,24406,44428,HOTEL LADLI,,Yes,HOTEL LADLI,-640.0,Yes,Yes,No,,,,
20260519,718,Sales,ccde5e46-22b1-4fd7-8009-ffe387e3e86a-00005f57,24407,44429,THE VEGAN  HOTEL,,Yes,THE VEGAN  HOTEL,-3180.0,Yes,Yes,No,,,,
20260519,718,Sales,ccde5e46-22b1-4fd7-8009-ffe387e3e86a-00005f57,24407,44429,THE VEGAN  HOTEL,,Yes,Transport,140.0,No,No,No,,,,
20260519,719,Sales,ccde5e46-22b1-4fd7-8009-ffe387e3e86a-00005fa8,24488,44578,04 GHEE COUNTER,,Yes,04 GHEE COUNTER,-27786.08,Yes,Yes,No,,,,
20260519,720,Sales,ccde5e46-22b1-4fd7-8009-ffe387e3e86a-00005fac,24492,44582,01   Yash Morning  Milk Counter,,Yes,01   Yash Morning  Milk Counter,2128.6,Yes,Yes,No,,,,
20260519,721,Sales,ccde5e46-22b1-4fd7-8009-ffe387e3e86a-00005fc8,24520,44612,09   Pandurang  Sales,8478,Yes,09   Pandurang  Sales,-2976.0,Yes,Yes,No,,,,
20260519,722,Sales,ccde5e46-22b1-4fd7-8009-ffe387e3e86a-00005fc9,24521,44613,04 GHEE COUNTER,8476,Yes,04 GHEE COUNTER,-362.4,Yes,Yes,No,,,,
20260519,723,Sales,ccde5e46-22b1-4fd7-8009-ffe387e3e86a-00005fcc,24524,44616,08  Wadgaonkar  Sales,8473,Yes,08  Wadgaonkar  Sales,-12112.0,Yes,Yes,No,,,,
20260519,724,Sales,ccde5e46-22b1-4fd7-8009-ffe387e3e86a-00007a3b,31291,57203,08  Wadgaonkar  Sales,,Yes,08  Wadgaonkar  Sales,841.0,Yes,Yes,No,,,,
20260519,725,Sales,ccde5e46-22b1-4fd7-8009-ffe387e3e86a-00005fcd,24525,44617,09   Pandurang  Sales,8484,Yes,09   Pandurang  Sales,-650.0,Yes,Yes,No,,,,
20260519,726,Sales,ccde5e46-22b1-4fd7-8009-ffe387e3e86a-00007a3d,31293,57205,09   Pandurang  Sales,,Yes,09   Pandurang  Sales,266.0,Yes,Yes,No,,,,
20260519,727,Sales,ccde5e46-22b1-4fd7-8009-ffe387e3e86a-00005fd6,24534,44626,04 GHEE COUNTER,8490,Yes,04 GHEE COUNTER,-892.64,Yes,Yes,No,,,,
20260519,728,Sales,ccde5e46-22b1-4fd7-8009-ffe387e3e86a-00005fd7,24535,44627,04 GHEE COUNTER,8488,Yes,04 GHEE COUNTER,2659.68,Yes,Yes,No,,,,
20260519,729,Sales,ccde5e46-22b1-4fd7-8009-ffe387e3e86a-00005fdc,24540,44632,02 Rsa Afternoon Milk Counter,,Yes,02 Rsa Afternoon Milk Counter,4145.7,Yes,Yes,No,,,,
20260519,730,Sales,ccde5e46-22b1-4fd7-8009-ffe387e3e86a-00005f37,24375,44699,01   Yash Morning  Milk Counter,,Yes,01   Yash Morning  Milk Counter,-1049.1,Yes,Yes,No,,,,
20260519,731,Sales,ccde5e46-22b1-4fd7-8009-ffe387e3e86a-00006eb8,28344,52172,Hattekar's Girija Catterors,,Yes,Hattekar's Girija Catterors,-900.0,Yes,Yes,No,,,,
20260520,732,Sales,ccde5e46-22b1-4fd7-8009-ffe387e3e86a-00005fe8,24552,44644,01   Yash Morning  Milk Counter,,Yes,01   Yash Morning  Milk Counter,-2725.8,Yes,Yes,No,,,,
20260520,733,Sales,ccde5e46-22b1-4fd7-8009-ffe387e3e86a-00005fe9,24553,44645,13  ATM   B,,Yes,13  ATM   B,2256.8,Yes,Yes,No,,,,
20260520,734,Sales,ccde5e46-22b1-4fd7-8009-ffe387e3e86a-00006000,24576,44668,04 GHEE COUNTER,8499,Yes,04 GHEE COUNTER,-77177.4,Yes,Yes,No,,,,
20260520,735,Sales,ccde5e46-22b1-4fd7-8009-ffe387e3e86a-00006001,24577,44669,04 GHEE COUNTER,,Yes,04 GHEE COUNTER,186.0,Yes,Yes,No,,,,
20260520,736,Sales,ccde5e46-22b1-4fd7-8009-ffe387e3e86a-00006003,24579,44671,13  ATM   B,,Yes,13  ATM   B,2861.6,Yes,Yes,No,,,,
20260520,737,Sales,ccde5e46-22b1-4fd7-8009-ffe387e3e86a-0000600a,24586,44678,THE VEGAN  HOTEL,,Yes,THE VEGAN  HOTEL,-3180.0,Yes,Yes,No,,,,
20260520,737,Sales,ccde5e46-22b1-4fd7-8009-ffe387e3e86a-0000600a,24586,44678,THE VEGAN  HOTEL,,Yes,Transport,140.0,No,No,No,,,,
20260520,738,Sales,ccde5e46-22b1-4fd7-8009-ffe387e3e86a-00006013,24595,44687,04 GHEE COUNTER,,Yes,04 GHEE COUNTER,-560.0,Yes,Yes,No,,,,
20260520,739,Sales,ccde5e46-22b1-4fd7-8009-ffe387e3e86a-0000605c,24668,44763,04 GHEE COUNTER,,Yes,04 GHEE COUNTER,-9658.4,Yes,Yes,No,,,,
20260520,740,Sales,ccde5e46-22b1-4fd7-8009-ffe387e3e86a-00006025,24613,44708,HOTEL LADLI,,Yes,HOTEL LADLI,-640.0,Yes,Yes,No,,,,
20260520,741,Sales,ccde5e46-22b1-4fd7-8009-ffe387e3e86a-00006026,24614,44709,01   Yash Morning  Milk Counter,,Yes,01   Yash Morning  Milk Counter,2038.0,Yes,Yes,No,,,,
20260520,742,Sales,ccde5e46-22b1-4fd7-8009-ffe387e3e86a-00006037,24631,44726,13  ATM   B,,Yes,13  ATM   B,4078.8,Yes,Yes,No,,,,
20260520,743,Sales,ccde5e46-22b1-4fd7-8009-ffe387e3e86a-00006039,24633,44728,13  ATM   B,,Yes,13  ATM   B,1971.0,Yes,Yes,No,,,,
20260520,744,Sales,ccde5e46-22b1-4fd7-8009-ffe387e3e86a-0000605e,24670,44765,08  Wadgaonkar  Sales,,Yes,08  Wadgaonkar  Sales,-6616.0,Yes,Yes,No,,,,
20260520,745,Sales,ccde5e46-22b1-4fd7-8009-ffe387e3e86a-0000605f,24671,44766,09   Pandurang  Sales,,Yes,09   Pandurang  Sales,-3018.0,Yes,Yes,No,,,,
20260520,746,Sales,ccde5e46-22b1-4fd7-8009-ffe387e3e86a-00006060,24672,44767,09   Pandurang  Sales,,Yes,09   Pandurang  Sales,-1590.0,Yes,Yes,No,,,,
20260520,747,Sales,ccde5e46-22b1-4fd7-8009-ffe387e3e86a-00006061,24673,44768,08  Wadgaonkar  Sales,,Yes,08  Wadgaonkar  Sales,-2108.0,Yes,Yes,No,,,,
20260520,748,Sales,ccde5e46-22b1-4fd7-8009-ffe387e3e86a-00006066,24678,44773,08  Wadgaonkar  Sales,8512,Yes,08  Wadgaonkar  Sales,-320.0,Yes,Yes,No,,,,
20260520,749,Sales,ccde5e46-22b1-4fd7-8009-ffe387e3e86a-0000606c,24684,44779,08  Wadgaonkar  Sales,,Yes,08  Wadgaonkar  Sales,1471.0,Yes,Yes,No,,,,
20260520,750,Sales,ccde5e46-22b1-4fd7-8009-ffe387e3e86a-00007a41,31297,57261,08  Wadgaonkar  Sales,,Yes,08  Wadgaonkar  Sales,240.0,Yes,Yes,No,,,,
20260520,751,Sales,ccde5e46-22b1-4fd7-8009-ffe387e3e86a-00006071,24689,44784,09   Pandurang  Sales,,Yes,09   Pandurang  Sales,364.0,Yes,Yes,No,,,,
20260520,752,Sales,ccde5e46-22b1-4fd7-8009-ffe387e3e86a-00006075,24693,44788,02 Rsa Afternoon Milk Counter,,Yes,02 Rsa Afternoon Milk Counter,1935.8,Yes,Yes,No,,,,
20260520,753,Sales,ccde5e46-22b1-4fd7-8009-ffe387e3e86a-00006077,24695,44790,04 GHEE COUNTER,8511,Yes,04 GHEE COUNTER,1932.0,Yes,Yes,No,,,,
20260520,754,Sales,ccde5e46-22b1-4fd7-8009-ffe387e3e86a-00006eb9,28345,52173,Hattekar's Girija Catterors,,Yes,Hattekar's Girija Catterors,-600.0,Yes,Yes,No,,,,
20260521,755,Sales,ccde5e46-22b1-4fd7-8009-ffe387e3e86a-0000607d,24701,44796,HOTEL LADLI,,Yes,HOTEL LADLI,-640.0,Yes,Yes,No,,,,
20260521,756,Sales,ccde5e46-22b1-4fd7-8009-ffe387e3e86a-00006082,24706,44801,THE VEGAN  HOTEL,,Yes,THE VEGAN  HOTEL,-3180.0,Yes,Yes,No,,,,
20260521,756,Sales,ccde5e46-22b1-4fd7-8009-ffe387e3e86a-00006082,24706,44801,THE VEGAN  HOTEL,,Yes,Transport,140.0,No,No,No,,,,
20260521,757,Sales,ccde5e46-22b1-4fd7-8009-ffe387e3e86a-000060ae,24750,44987,04 GHEE COUNTER,,Yes,04 GHEE COUNTER,-22509.36,Yes,Yes,No,,,,
20260521,758,Sales,ccde5e46-22b1-4fd7-8009-ffe387e3e86a-0000611e,24862,45155,04 GHEE COUNTER,,Yes,04 GHEE COUNTER,-12840.0,Yes,Yes,No,,,,
20260521,759,Sales,ccde5e46-22b1-4fd7-8009-ffe387e3e86a-000060b0,24752,44989,08  Wadgaonkar  Sales,,Yes,08  Wadgaonkar  Sales,-10014.0,Yes,Yes,No,,,,
20260521,760,Sales,ccde5e46-22b1-4fd7-8009-ffe387e3e86a-00007a46,31302,57268,08  Wadgaonkar  Sales,,Yes,08  Wadgaonkar  Sales,423.0,Yes,Yes,No,,,,
20260521,761,Sales,ccde5e46-22b1-4fd7-8009-ffe387e3e86a-000060b1,24753,44990,09   Pandurang  Sales,,Yes,09   Pandurang  Sales,-3128.0,Yes,Yes,No,,,,
20260521,762,Sales,ccde5e46-22b1-4fd7-8009-ffe387e3e86a-00007a47,31303,57269,09   Pandurang  Sales,,Yes,09   Pandurang  Sales,-260.0,Yes,Yes,No,,,,
20260521,763,Sales,ccde5e46-22b1-4fd7-8009-ffe387e3e86a-00007a48,31304,57270,09   Pandurang  Sales,,Yes,09   Pandurang  Sales,150.0,Yes,Yes,No,,,,
20260521,764,Sales,ccde5e46-22b1-4fd7-8009-ffe387e3e86a-000060f6,24822,45107,01   Yash Morning  Milk Counter,,Yes,01   Yash Morning  Milk Counter,2331.06,Yes,Yes,No,,,,
20260521,765,Sales,ccde5e46-22b1-4fd7-8009-ffe387e3e86a-0000613c,24892,45191,02 Rsa Afternoon Milk Counter,,Yes,02 Rsa Afternoon Milk Counter,4552.2,Yes,Yes,No,,,,
20260521,766,Sales,ccde5e46-22b1-4fd7-8009-ffe387e3e86a-00006144,24900,45213,04 GHEE COUNTER,8535,Yes,04 GHEE COUNTER,-1232.0,Yes,Yes,No,,,,
20260521,767,Sales,ccde5e46-22b1-4fd7-8009-ffe387e3e86a-00006145,24901,45214,04 GHEE COUNTER,8542,Yes,04 GHEE COUNTER,1620.0,Yes,Yes,No,,,,
20260521,768,Sales,ccde5e46-22b1-4fd7-8009-ffe387e3e86a-00006ebb,28347,52175,Hattekar's Girija Catterors,,Yes,Hattekar's Girija Catterors,-450.0,Yes,Yes,No,,,,
20260522,769,Sales,ccde5e46-22b1-4fd7-8009-ffe387e3e86a-00006141,24897,45196,01   Yash Morning  Milk Counter,,Yes,01   Yash Morning  Milk Counter,-7861.4,Yes,Yes,No,,,,
20260522,770,Sales,ccde5e46-22b1-4fd7-8009-ffe387e3e86a-00006149,24905,45204,HOTEL LADLI,,Yes,HOTEL LADLI,-640.0,Yes,Yes,No,,,,
20260522,771,Sales,ccde5e46-22b1-4fd7-8009-ffe387e3e86a-00006150,24912,45211,01   Yash Morning  Milk Counter,,Yes,01   Yash Morning  Milk Counter,-1456.0,Yes,Yes,No,,,,
20260522,772,Sales,ccde5e46-22b1-4fd7-8009-ffe387e3e86a-00006153,24915,45216,THE VEGAN  HOTEL,,Yes,THE VEGAN  HOTEL,-3180.0,Yes,Yes,No,,,,
20260522,772,Sales,ccde5e46-22b1-4fd7-8009-ffe387e3e86a-00006153,24915,45216,THE VEGAN  HOTEL,,Yes,Transport,140.0,No,No,No,,,,
20260522,773,Sales,ccde5e46-22b1-4fd7-8009-ffe387e3e86a-00006166,24934,45235,12  ATM  A,,Yes,12  ATM  A,-5260.2,Yes,Yes,No,,,,
20260522,774,Sales,ccde5e46-22b1-4fd7-8009-ffe387e3e86a-0000617f,24959,45260,04 GHEE COUNTER,8552,Yes,04 GHEE COUNTER,-10400.32,Yes,Yes,No,,,,
20260522,775,Sales,ccde5e46-22b1-4fd7-8009-ffe387e3e86a-00006181,24961,45262,09   Pandurang  Sales,8554,Yes,09   Pandurang  Sales,-9364.0,Yes,Yes,No,,,,
20260522,776,Sales,ccde5e46-22b1-4fd7-8009-ffe387e3e86a-00006182,24962,45263,04 GHEE COUNTER,8562,Yes,04 GHEE COUNTER,-28235.2,Yes,Yes,No,,,,
20260522,777,Sales,ccde5e46-22b1-4fd7-8009-ffe387e3e86a-000061af,25007,45311,04 GHEE COUNTER,,Yes,04 GHEE COUNTER,-17748.0,Yes,Yes,No,,,,
20260522,778,Sales,ccde5e46-22b1-4fd7-8009-ffe387e3e86a-00006184,24964,45265,08  Wadgaonkar  Sales,8560,Yes,08  Wadgaonkar  Sales,-1562.0,Yes,Yes,No,,,,
20260522,779,Sales,ccde5e46-22b1-4fd7-8009-ffe387e3e86a-0000618b,24971,45273,02 Rsa Afternoon Milk Counter,,Yes,02 Rsa Afternoon Milk Counter,-3699.0,Yes,Yes,No,,,,
20260522,780,Sales,ccde5e46-22b1-4fd7-8009-ffe387e3e86a-0000618c,24972,45274,02 Rsa Afternoon Milk Counter,,Yes,02 Rsa Afternoon Milk Counter,-1921.92,Yes,Yes,No,,,,
20260522,781,Sales,ccde5e46-22b1-4fd7-8009-ffe387e3e86a-0000618d,24973,45275,02 Rsa Afternoon Milk Counter,,Yes,02 Rsa Afternoon Milk Counter,-1557.36,Yes,Yes,No,,,,
20260522,782,Sales,ccde5e46-22b1-4fd7-8009-ffe387e3e86a-0000618e,24974,45276,12  ATM  A,,Yes,12  ATM  A,-2684.22,Yes,Yes,No,,,,
20260522,783,Sales,ccde5e46-22b1-4fd7-8009-ffe387e3e86a-0000619a,24986,45288,08  Wadgaonkar  Sales,8559,Yes,08  Wadgaonkar  Sales,-5058.0,Yes,Yes,No,,,,
20260522,784,Sales,ccde5e46-22b1-4fd7-8009-ffe387e3e86a-0000619c,24988,45290,01   Yash Morning  Milk Counter,,Yes,01   Yash Morning  Milk Counter,2767.48,Yes,Yes,No,,,,
20260522,785,Sales,ccde5e46-22b1-4fd7-8009-ffe387e3e86a-0000619e,24990,45292,02 Rsa Afternoon Milk Counter,,Yes,02 Rsa Afternoon Milk Counter,-1224.6,Yes,Yes,No,,,,
20260522,786,Sales,ccde5e46-22b1-4fd7-8009-ffe387e3e86a-000061a9,25001,45304,12  ATM  A,,Yes,12  ATM  A,5628.6,Yes,Yes,No,,,,
20260522,787,Sales,ccde5e46-22b1-4fd7-8009-ffe387e3e86a-000061c0,25024,45330,02 Rsa Afternoon Milk Counter,,Yes,02 Rsa Afternoon Milk Counter,1429.4,Yes,Yes,No,,,,
20260522,788,Sales,ccde5e46-22b1-4fd7-8009-ffe387e3e86a-000061c3,25027,45333,04 GHEE COUNTER,8570,Yes,04 GHEE COUNTER,1812.0,Yes,Yes,No,,,,
20260522,789,Sales,ccde5e46-22b1-4fd7-8009-ffe387e3e86a-00006ebd,28349,52177,Hattekar's Girija Catterors,,Yes,Hattekar's Girija Catterors,-450.0,Yes,Yes,No,,,,
20260523,790,Sales,ccde5e46-22b1-4fd7-8009-ffe387e3e86a-000061c8,25032,45338,HOTEL LADLI,,Yes,HOTEL LADLI,-640.0,Yes,Yes,No,,,,
20260523,791,Sales,ccde5e46-22b1-4fd7-8009-ffe387e3e86a-000061ca,25034,45340,THE VEGAN  HOTEL,,Yes,THE VEGAN  HOTEL,-3180.0,Yes,Yes,No,,,,
20260523,791,Sales,ccde5e46-22b1-4fd7-8009-ffe387e3e86a-000061ca,25034,45340,THE VEGAN  HOTEL,,Yes,Transport,140.0,No,No,No,,,,
20260523,792,Sales,ccde5e46-22b1-4fd7-8009-ffe387e3e86a-000061e2,25058,45364,04 GHEE COUNTER,8583,Yes,04 GHEE COUNTER,-7919.68,Yes,Yes,No,,,,
20260523,793,Sales,ccde5e46-22b1-4fd7-8009-ffe387e3e86a-000061e4,25060,45366,08  Wadgaonkar  Sales,8591,Yes,08  Wadgaonkar  Sales,-8814.0,Yes,Yes,No,,,,
20260523,794,Sales,ccde5e46-22b1-4fd7-8009-ffe387e3e86a-000061e6,25062,45368,09   Pandurang  Sales,8592,Yes,09   Pandurang  Sales,-3048.0,Yes,Yes,No,,,,
20260523,795,Sales,ccde5e46-22b1-4fd7-8009-ffe387e3e86a-00006200,25088,45429,04 GHEE COUNTER,8590,Yes,04 GHEE COUNTER,-1750.0,Yes,Yes,No,,,,
20260523,796,Sales,ccde5e46-22b1-4fd7-8009-ffe387e3e86a-00006201,25089,45430,01   Yash Morning  Milk Counter,,Yes,01   Yash Morning  Milk Counter,-3322.8,Yes,Yes,No,,,,
20260523,797,Sales,ccde5e46-22b1-4fd7-8009-ffe387e3e86a-00006202,25090,45431,01   Yash Morning  Milk Counter,,Yes,01   Yash Morning  Milk Counter,-1470.0,Yes,Yes,No,,,,
20260523,798,Sales,ccde5e46-22b1-4fd7-8009-ffe387e3e86a-00006220,25120,45471,04 GHEE COUNTER,8590,Yes,04 GHEE COUNTER,-7363.2,Yes,Yes,No,,,,
20260523,799,Sales,ccde5e46-22b1-4fd7-8009-ffe387e3e86a-00006225,25125,45477,01   Yash Morning  Milk Counter,,Yes,01   Yash Morning  Milk Counter,2330.0,Yes,Yes,No,,,,
20260523,800,Sales,ccde5e46-22b1-4fd7-8009-ffe387e3e86a-00006226,25126,45478,Direct Counter Bal Bill,,Yes,Direct Counter Bal Bill,-3210.0,Yes,Yes,No,,,,
20260523,800,Sales,ccde5e46-22b1-4fd7-8009-ffe387e3e86a-00006226,25126,45478,Direct Counter Bal Bill,,Yes,"Discounts,MiscExp,Gifts,Milk Damages",-162.0,No,No,No,,,,
20260523,801,Sales,ccde5e46-22b1-4fd7-8009-ffe387e3e86a-0000622f,25135,45487,04 GHEE COUNTER,8588,Yes,04 GHEE COUNTER,-9648.0,Yes,Yes,No,,,,
20260523,802,Sales,ccde5e46-22b1-4fd7-8009-ffe387e3e86a-00006230,25136,45488,09   Pandurang  Sales,8597,Yes,09   Pandurang  Sales,-900.0,Yes,Yes,No,,,,
20260523,803,Sales,ccde5e46-22b1-4fd7-8009-ffe387e3e86a-00006231,25137,45489,08  Wadgaonkar  Sales,8598,Yes,08  Wadgaonkar  Sales,-960.0,Yes,Yes,No,,,,
20260523,804,Sales,ccde5e46-22b1-4fd7-8009-ffe387e3e86a-00006240,25152,45504,02 Rsa Afternoon Milk Counter,,Yes,02 Rsa Afternoon Milk Counter,4748.4,Yes,Yes,No,,,,
20260523,805,Sales,ccde5e46-22b1-4fd7-8009-ffe387e3e86a-00006299,25241,45594,04 GHEE COUNTER,,Yes,04 GHEE COUNTER,1514.16,Yes,Yes,No,,,,
20260523,806,Sales,ccde5e46-22b1-4fd7-8009-ffe387e3e86a-00006ebe,28350,52178,Hattekar's Girija Catterors,,Yes,Hattekar's Girija Catterors,-600.0,Yes,Yes,No,,,,
20260524,807,Sales,ccde5e46-22b1-4fd7-8009-ffe387e3e86a-0000624c,25164,45517,HOTEL LADLI,,Yes,HOTEL LADLI,-640.0,Yes,Yes,No,,,,
20260524,808,Sales,ccde5e46-22b1-4fd7-8009-ffe387e3e86a-0000624e,25166,45519,THE VEGAN  HOTEL,,Yes,THE VEGAN  HOTEL,-3180.0,Yes,Yes,No,,,,
20260524,808,Sales,ccde5e46-22b1-4fd7-8009-ffe387e3e86a-0000624e,25166,45519,THE VEGAN  HOTEL,,Yes,Transport,140.0,No,No,No,,,,
20260524,809,Sales,ccde5e46-22b1-4fd7-8009-ffe387e3e86a-0000628f,25231,45584,01   Yash Morning  Milk Counter,,Yes,01   Yash Morning  Milk Counter,3176.4,Yes,Yes,No,,,,
20260524,810,Sales,ccde5e46-22b1-4fd7-8009-ffe387e3e86a-00006297,25239,45592,08  Wadgaonkar  Sales,,Yes,08  Wadgaonkar  Sales,739.0,Yes,Yes,No,,,,
20260524,811,Sales,ccde5e46-22b1-4fd7-8009-ffe387e3e86a-00006298,25240,45593,09   Pandurang  Sales,,Yes,09   Pandurang  Sales,181.0,Yes,Yes,No,,,,
20260524,812,Sales,ccde5e46-22b1-4fd7-8009-ffe387e3e86a-0000629e,25246,45599,13  ATM   B,,Yes,13  ATM   B,2736.6,Yes,Yes,No,,,,
20260524,813,Sales,ccde5e46-22b1-4fd7-8009-ffe387e3e86a-0000629f,25247,45600,08  Wadgaonkar  Sales,,Yes,08  Wadgaonkar  Sales,-10014.0,Yes,Yes,No,,,,
20260524,814,Sales,ccde5e46-22b1-4fd7-8009-ffe387e3e86a-000062a0,25248,45601,09   Pandurang  Sales,,Yes,09   Pandurang  Sales,-2840.0,Yes,Yes,No,,,,
20260524,815,Sales,ccde5e46-22b1-4fd7-8009-ffe387e3e86a-000062a1,25249,45602,04 GHEE COUNTER,,Yes,04 GHEE COUNTER,-13295.6,Yes,Yes,No,,,,
20260524,816,Sales,ccde5e46-22b1-4fd7-8009-ffe387e3e86a-000062a2,25250,45603,04 GHEE COUNTER,,Yes,04 GHEE COUNTER,-28743.2,Yes,Yes,No,,,,
20260524,817,Sales,ccde5e46-22b1-4fd7-8009-ffe387e3e86a-000062a4,25252,45605,04 GHEE COUNTER,,Yes,04 GHEE COUNTER,-17042.4,Yes,Yes,No,,,,
20260524,818,Sales,ccde5e46-22b1-4fd7-8009-ffe387e3e86a-000062a5,25253,45606,08  Wadgaonkar  Sales,,Yes,08  Wadgaonkar  Sales,-4200.0,Yes,Yes,No,,,,
20260524,819,Sales,ccde5e46-22b1-4fd7-8009-ffe387e3e86a-000062a7,25255,45608,09   Pandurang  Sales,,Yes,09   Pandurang  Sales,-1020.0,Yes,Yes,No,,,,
20260524,820,Sales,ccde5e46-22b1-4fd7-8009-ffe387e3e86a-000062bd,25277,45630,08  Wadgaonkar  Sales,,Yes,08  Wadgaonkar  Sales,1064.0,Yes,Yes,No,,,,
20260524,821,Sales,ccde5e46-22b1-4fd7-8009-ffe387e3e86a-000062be,25278,45631,09   Pandurang  Sales,,Yes,09   Pandurang  Sales,380.0,Yes,Yes,No,,,,
20260524,822,Sales,ccde5e46-22b1-4fd7-8009-ffe387e3e86a-000062c2,25282,45635,04 GHEE COUNTER,,Yes,04 GHEE COUNTER,1946.16,Yes,Yes,No,,,,
20260524,823,Sales,ccde5e46-22b1-4fd7-8009-ffe387e3e86a-000062c4,25284,45637,02 Rsa Afternoon Milk Counter,,Yes,02 Rsa Afternoon Milk Counter,2833.8,Yes,Yes,No,,,,
20260524,824,Sales,ccde5e46-22b1-4fd7-8009-ffe387e3e86a-00006ebf,28351,52179,Hattekar's Girija Catterors,,Yes,Hattekar's Girija Catterors,-450.0,Yes,Yes,No,,,,
20260525,825,Sales,ccde5e46-22b1-4fd7-8009-ffe387e3e86a-000062d4,25300,45653,HOTEL LADLI,,Yes,HOTEL LADLI,-640.0,Yes,Yes,No,,,,
20260525,826,Sales,ccde5e46-22b1-4fd7-8009-ffe387e3e86a-000062fd,25341,45694,THE VEGAN  HOTEL,,Yes,THE VEGAN  HOTEL,-3180.0,Yes,Yes,No,,,,
20260525,826,Sales,ccde5e46-22b1-4fd7-8009-ffe387e3e86a-000062fd,25341,45694,THE VEGAN  HOTEL,,Yes,Transport,140.0,No,No,No,,,,
20260525,827,Sales,ccde5e46-22b1-4fd7-8009-ffe387e3e86a-00006316,25366,45719,01   Yash Morning  Milk Counter,,Yes,01   Yash Morning  Milk Counter,830.2,Yes,Yes,No,,,,
20260525,828,Sales,ccde5e46-22b1-4fd7-8009-ffe387e3e86a-0000633c,25404,45760,02 Rsa Afternoon Milk Counter,,Yes,02 Rsa Afternoon Milk Counter,5591.6,Yes,Yes,No,,,,
20260525,829,Sales,ccde5e46-22b1-4fd7-8009-ffe387e3e86a-00006343,25411,45767,04 GHEE COUNTER,8637,Yes,04 GHEE COUNTER,-46841.88,Yes,Yes,No,,,,
20260525,830,Sales,ccde5e46-22b1-4fd7-8009-ffe387e3e86a-00006345,25413,45769,04 GHEE COUNTER,8641,Yes,04 GHEE COUNTER,-7872.8,Yes,Yes,No,,,,
20260525,831,Sales,ccde5e46-22b1-4fd7-8009-ffe387e3e86a-00006347,25415,45771,04 GHEE COUNTER,8652,Yes,04 GHEE COUNTER,1416.0,Yes,Yes,No,,,,
20260525,832,Sales,ccde5e46-22b1-4fd7-8009-ffe387e3e86a-000063ba,25530,45921,08  Wadgaonkar  Sales,8639,Yes,08  Wadgaonkar  Sales,-9364.0,Yes,Yes,No,,,,
20260525,833,Sales,ccde5e46-22b1-4fd7-8009-ffe387e3e86a-000063c3,25539,45930,09   Pandurang  Sales,8640,Yes,09   Pandurang  Sales,-3718.0,Yes,Yes,No,,,,
20260525,834,Sales,ccde5e46-22b1-4fd7-8009-ffe387e3e86a-000063c4,25540,45931,09   Pandurang  Sales,8642,Yes,09   Pandurang  Sales,104.0,Yes,Yes,No,,,,
20260525,835,Sales,ccde5e46-22b1-4fd7-8009-ffe387e3e86a-000063c7,25543,45934,08  Wadgaonkar  Sales,8651,Yes,08  Wadgaonkar  Sales,3036.0,Yes,Yes,No,,,,
20260525,836,Sales,ccde5e46-22b1-4fd7-8009-ffe387e3e86a-00006ec0,28352,52181,Hattekar's Girija Catterors,,Yes,Hattekar's Girija Catterors,-450.0,Yes,Yes,No,,,,
20260526,837,Sales,ccde5e46-22b1-4fd7-8009-ffe387e3e86a-0000634a,25418,45774,HOTEL LADLI,,Yes,HOTEL LADLI,-640.0,Yes,Yes,No,,,,
20260526,838,Sales,ccde5e46-22b1-4fd7-8009-ffe387e3e86a-0000634b,25419,45775,THE VEGAN  HOTEL,,Yes,THE VEGAN  HOTEL,-3180.0,Yes,Yes,No,,,,
20260526,838,Sales,ccde5e46-22b1-4fd7-8009-ffe387e3e86a-0000634b,25419,45775,THE VEGAN  HOTEL,,Yes,Transport,140.0,No,No,No,,,,
20260526,839,Sales,ccde5e46-22b1-4fd7-8009-ffe387e3e86a-00006394,25492,46008,04 GHEE COUNTER,8661,Yes,04 GHEE COUNTER,-17434.96,Yes,Yes,No,,,,
20260526,840,Sales,ccde5e46-22b1-4fd7-8009-ffe387e3e86a-000063a6,25510,45901,01   Yash Morning  Milk Counter,,Yes,01   Yash Morning  Milk Counter,2168.4,Yes,Yes,No,,,,
20260526,841,Sales,ccde5e46-22b1-4fd7-8009-ffe387e3e86a-000063aa,25514,45905,12  ATM  A,,Yes,12  ATM  A,4938.4,Yes,Yes,No,,,,
20260526,842,Sales,ccde5e46-22b1-4fd7-8009-ffe387e3e86a-000063b2,25522,45913,09   Pandurang  Sales,8667,Yes,09   Pandurang  Sales,-3810.0,Yes,Yes,No,,,,
20260526,843,Sales,ccde5e46-22b1-4fd7-8009-ffe387e3e86a-000063b3,25523,45914,08  Wadgaonkar  Sales,8668,Yes,08  Wadgaonkar  Sales,-8714.0,Yes,Yes,No,,,,
20260526,844,Sales,ccde5e46-22b1-4fd7-8009-ffe387e3e86a-000063b4,25524,45915,04 GHEE COUNTER,8665,Yes,04 GHEE COUNTER,-10980.0,Yes,Yes,No,,,,
20260526,845,Sales,ccde5e46-22b1-4fd7-8009-ffe387e3e86a-000063c1,25537,45928,09   Pandurang  Sales,8676,Yes,09   Pandurang  Sales,88.0,Yes,Yes,No,,,,
20260526,846,Sales,ccde5e46-22b1-4fd7-8009-ffe387e3e86a-000063c9,25545,45936,08  Wadgaonkar  Sales,8673,Yes,08  Wadgaonkar  Sales,325.0,Yes,Yes,No,,,,
20260526,847,Sales,ccde5e46-22b1-4fd7-8009-ffe387e3e86a-000063cb,25547,45938,02 Rsa Afternoon Milk Counter,,Yes,02 Rsa Afternoon Milk Counter,3954.6,Yes,Yes,No,,,,
20260526,848,Sales,ccde5e46-22b1-4fd7-8009-ffe387e3e86a-000063cf,25551,45942,04 GHEE COUNTER,8674,Yes,04 GHEE COUNTER,1900.8,Yes,Yes,No,,,,
20260526,849,Sales,ccde5e46-22b1-4fd7-8009-ffe387e3e86a-00007d38,32056,59150,Hattekar's Girija Catterors,,Yes,Hattekar's Girija Catterors,-7650.0,Yes,Yes,No,,,,
20260527,850,Sales,ccde5e46-22b1-4fd7-8009-ffe387e3e86a-000063d8,25560,45951,HOTEL LADLI,,Yes,HOTEL LADLI,-640.0,Yes,Yes,No,,,,
20260527,851,Sales,ccde5e46-22b1-4fd7-8009-ffe387e3e86a-000063d9,25561,45952,THE VEGAN  HOTEL,,Yes,THE VEGAN  HOTEL,-3180.0,Yes,Yes,No,,,,
20260527,851,Sales,ccde5e46-22b1-4fd7-8009-ffe387e3e86a-000063d9,25561,45952,THE VEGAN  HOTEL,,Yes,Transport,140.0,No,No,No,,,,
20260527,852,Sales,ccde5e46-22b1-4fd7-8009-ffe387e3e86a-000063f9,25593,45984,04 GHEE COUNTER,8685,Yes,04 GHEE COUNTER,-29473.7,Yes,Yes,No,,,,
20260527,853,Sales,ccde5e46-22b1-4fd7-8009-ffe387e3e86a-000063ff,25599,45990,01   Yash Morning  Milk Counter,,Yes,01   Yash Morning  Milk Counter,0.0,Yes,Yes,No,,,,
20260527,854,Sales,ccde5e46-22b1-4fd7-8009-ffe387e3e86a-00006405,25605,45997,08  Wadgaonkar  Sales,8688,Yes,08  Wadgaonkar  Sales,-10014.0,Yes,Yes,No,,,,
20260527,855,Sales,ccde5e46-22b1-4fd7-8009-ffe387e3e86a-00006408,25608,46000,09   Pandurang  Sales,8693,Yes,09   Pandurang  Sales,-2518.0,Yes,Yes,No,,,,
20260527,856,Sales,ccde5e46-22b1-4fd7-8009-ffe387e3e86a-0000640a,25610,46002,04 GHEE COUNTER,8694,Yes,04 GHEE COUNTER,-1010.4,Yes,Yes,No,,,,
20260527,857,Sales,ccde5e46-22b1-4fd7-8009-ffe387e3e86a-0000641d,25629,46024,04 GHEE COUNTER,8692,Yes,04 GHEE COUNTER,-44854.6,Yes,Yes,No,,,,
20260527,858,Sales,ccde5e46-22b1-4fd7-8009-ffe387e3e86a-00006424,25636,46031,01   Yash Morning  Milk Counter,,Yes,01   Yash Morning  Milk Counter,1232.2,Yes,Yes,No,,,,
20260527,859,Sales,ccde5e46-22b1-4fd7-8009-ffe387e3e86a-00006431,25649,46044,09   Pandurang  Sales,8690,Yes,09   Pandurang  Sales,-1475.0,Yes,Yes,No,,,,
20260527,860,Sales,ccde5e46-22b1-4fd7-8009-ffe387e3e86a-00006434,25652,46047,08  Wadgaonkar  Sales,8699,Yes,08  Wadgaonkar  Sales,-4200.0,Yes,Yes,No,,,,
20260527,861,Sales,ccde5e46-22b1-4fd7-8009-ffe387e3e86a-0000643c,25660,46055,08  Wadgaonkar  Sales,8696,Yes,08  Wadgaonkar  Sales,1222.0,Yes,Yes,No,,,,
20260527,862,Sales,ccde5e46-22b1-4fd7-8009-ffe387e3e86a-0000643e,25662,46057,04 GHEE COUNTER,8705,Yes,04 GHEE COUNTER,-1234.8,Yes,Yes,No,,,,
20260527,863,Sales,ccde5e46-22b1-4fd7-8009-ffe387e3e86a-00006442,25666,46061,09   Pandurang  Sales,8706,Yes,09   Pandurang  Sales,119.0,Yes,Yes,No,,,,
20260527,864,Sales,ccde5e46-22b1-4fd7-8009-ffe387e3e86a-00006443,25667,46062,04 GHEE COUNTER,8705,Yes,04 GHEE COUNTER,-1354.8,Yes,Yes,No,,,,
20260527,865,Sales,ccde5e46-22b1-4fd7-8009-ffe387e3e86a-00006449,25673,46068,02 Rsa Afternoon Milk Counter,,Yes,02 Rsa Afternoon Milk Counter,2824.04,Yes,Yes,No,,,,
20260527,866,Sales,ccde5e46-22b1-4fd7-8009-ffe387e3e86a-0000644a,25674,46069,04 GHEE COUNTER,8703,Yes,04 GHEE COUNTER,1431.6,Yes,Yes,No,,,,
20260527,867,Sales,ccde5e46-22b1-4fd7-8009-ffe387e3e86a-00007d39,32057,59053,Hattekar's Girija Catterors,,Yes,Hattekar's Girija Catterors,-450.0,Yes,Yes,No,,,,
20260528,868,Sales,ccde5e46-22b1-4fd7-8009-ffe387e3e86a-00006456,25686,46081,13  ATM   B,,Yes,13  ATM   B,1322.46,Yes,Yes,No,,,,
20260528,869,Sales,ccde5e46-22b1-4fd7-8009-ffe387e3e86a-00006466,25702,46099,HOTEL LADLI,,Yes,HOTEL LADLI,-640.0,Yes,Yes,No,,,,
20260528,870,Sales,ccde5e46-22b1-4fd7-8009-ffe387e3e86a-00006480,25728,46124,13  ATM   B,,Yes,13  ATM   B,2656.8,Yes,Yes,No,,,,
20260528,871,Sales,ccde5e46-22b1-4fd7-8009-ffe387e3e86a-00006485,25733,46129,THE VEGAN  HOTEL,,Yes,THE VEGAN  HOTEL,-3180.0,Yes,Yes,No,,,,
20260528,871,Sales,ccde5e46-22b1-4fd7-8009-ffe387e3e86a-00006485,25733,46129,THE VEGAN  HOTEL,,Yes,Transport,140.0,No,No,No,,,,
20260528,872,Sales,ccde5e46-22b1-4fd7-8009-ffe387e3e86a-00006493,25747,53347,04 GHEE COUNTER,8717,Yes,04 GHEE COUNTER,-12285.8,Yes,Yes,No,,,,
20260528,873,Sales,ccde5e46-22b1-4fd7-8009-ffe387e3e86a-00006494,25748,46144,09   Pandurang  Sales,8711,Yes,09   Pandurang  Sales,-9364.0,Yes,Yes,No,,,,
20260528,874,Sales,ccde5e46-22b1-4fd7-8009-ffe387e3e86a-0000649a,25754,46150,04 GHEE COUNTER,8723,Yes,04 GHEE COUNTER,-1820.0,Yes,Yes,No,,,,
20260528,875,Sales,ccde5e46-22b1-4fd7-8009-ffe387e3e86a-0000649f,25759,46155,04 GHEE COUNTER,8723,Yes,04 GHEE COUNTER,-900.0,Yes,Yes,No,,,,
20260528,876,Sales,ccde5e46-22b1-4fd7-8009-ffe387e3e86a-000064a4,25764,46161,04 GHEE COUNTER,8723,Yes,04 GHEE COUNTER,-3080.0,Yes,Yes,No,,,,
20260528,877,Sales,ccde5e46-22b1-4fd7-8009-ffe387e3e86a-000064a7,25767,46164,01   Yash Morning  Milk Counter,,Yes,01   Yash Morning  Milk Counter,5563.2,Yes,Yes,No,,,,
20260528,878,Sales,ccde5e46-22b1-4fd7-8009-ffe387e3e86a-000064ab,25771,46168,02 Rsa Afternoon Milk Counter,,Yes,02 Rsa Afternoon Milk Counter,-4519.2,Yes,Yes,No,,,,
20260528,879,Sales,ccde5e46-22b1-4fd7-8009-ffe387e3e86a-000064ac,25772,46169,13  ATM   B,,Yes,13  ATM   B,462.0,Yes,Yes,No,,,,
20260528,880,Sales,ccde5e46-22b1-4fd7-8009-ffe387e3e86a-000064ad,25773,46170,02 Rsa Afternoon Milk Counter,,Yes,02 Rsa Afternoon Milk Counter,-3400.8,Yes,Yes,No,,,,
20260528,881,Sales,ccde5e46-22b1-4fd7-8009-ffe387e3e86a-000064af,25775,46172,04 GHEE COUNTER,8719,Yes,04 GHEE COUNTER,-950.4,Yes,Yes,No,,,,
20260528,882,Sales,ccde5e46-22b1-4fd7-8009-ffe387e3e86a-000064b1,25777,46174,09   Pandurang  Sales,8720,Yes,09   Pandurang  Sales,-800.0,Yes,Yes,No,,,,
20260528,883,Sales,ccde5e46-22b1-4fd7-8009-ffe387e3e86a-000064b2,25778,46175,08  Wadgaonkar  Sales,8722,Yes,08  Wadgaonkar  Sales,-650.0,Yes,Yes,No,,,,
20260528,884,Sales,ccde5e46-22b1-4fd7-8009-ffe387e3e86a-000064bf,25791,46188,08  Wadgaonkar  Sales,8722,Yes,08  Wadgaonkar  Sales,-400.0,Yes,Yes,No,,,,
20260528,885,Sales,ccde5e46-22b1-4fd7-8009-ffe387e3e86a-000064c0,25792,46189,04 GHEE COUNTER,8730,Yes,04 GHEE COUNTER,-6840.0,Yes,Yes,No,,,,
20260528,886,Sales,ccde5e46-22b1-4fd7-8009-ffe387e3e86a-000064c5,25797,46194,09   Pandurang  Sales,8723,Yes,09   Pandurang  Sales,270.0,Yes,Yes,No,,,,
20260528,887,Sales,ccde5e46-22b1-4fd7-8009-ffe387e3e86a-000064c6,25798,46195,08  Wadgaonkar  Sales,8723,Yes,08  Wadgaonkar  Sales,91.0,Yes,Yes,No,,,,
20260528,888,Sales,ccde5e46-22b1-4fd7-8009-ffe387e3e86a-000064ca,25802,53348,04 GHEE COUNTER,8725,Yes,04 GHEE COUNTER,1212.0,Yes,Yes,No,,,,
20260528,889,Sales,ccde5e46-22b1-4fd7-8009-ffe387e3e86a-000064cc,25804,46201,02 Rsa Afternoon Milk Counter,,Yes,02 Rsa Afternoon Milk Counter,952.0,Yes,Yes,No,,,,
20260528,890,Sales,ccde5e46-22b1-4fd7-8009-ffe387e3e86a-00007d3c,32060,59058,Hattekar's Girija Catterors,,Yes,Hattekar's Girija Catterors,1230.0,Yes,Yes,No,,,,
20260529,891,Sales,ccde5e46-22b1-4fd7-8009-ffe387e3e86a-000064e0,25824,46221,01   Yash Morning  Milk Counter,,Yes,01   Yash Morning  Milk Counter,1421.0,Yes,Yes,No,,,,
20260529,892,Sales,ccde5e46-22b1-4fd7-8009-ffe387e3e86a-00006500,25856,46257,HOTEL LADLI,,Yes,HOTEL LADLI,-640.0,Yes,Yes,No,,,,
20260529,893,Sales,ccde5e46-22b1-4fd7-8009-ffe387e3e86a-00006501,25857,46258,THE VEGAN  HOTEL,,Yes,THE VEGAN  HOTEL,-3180.0,Yes,Yes,No,,,,
20260529,893,Sales,ccde5e46-22b1-4fd7-8009-ffe387e3e86a-00006501,25857,46258,THE VEGAN  HOTEL,,Yes,Transport,140.0,No,No,No,,,,
20260529,894,Sales,ccde5e46-22b1-4fd7-8009-ffe387e3e86a-0000650c,25868,46269,04 GHEE COUNTER,8739,Yes,04 GHEE COUNTER,-17637.2,Yes,Yes,No,,,,
20260529,895,Sales,ccde5e46-22b1-4fd7-8009-ffe387e3e86a-0000650e,25870,46271,09   Pandurang  Sales,8742,Yes,09   Pandurang  Sales,-3048.0,Yes,Yes,No,,,,
20260529,896,Sales,ccde5e46-22b1-4fd7-8009-ffe387e3e86a-0000650f,25871,46272,08  Wadgaonkar  Sales,8738,Yes,08  Wadgaonkar  Sales,-5406.0,Yes,Yes,No,,,,
20260529,897,Sales,ccde5e46-22b1-4fd7-8009-ffe387e3e86a-00006511,25873,46274,04 GHEE COUNTER,8747,Yes,04 GHEE COUNTER,-84.0,Yes,Yes,No,,,,
20260529,898,Sales,ccde5e46-22b1-4fd7-8009-ffe387e3e86a-00006520,25888,46289,01   Yash Morning  Milk Counter,,Yes,01   Yash Morning  Milk Counter,1029.9,Yes,Yes,No,,,,
20260529,899,Sales,ccde5e46-22b1-4fd7-8009-ffe387e3e86a-0000652a,25898,46299,04 GHEE COUNTER,8747,Yes,04 GHEE COUNTER,-4060.8,Yes,Yes,No,,,,
20260529,900,Sales,ccde5e46-22b1-4fd7-8009-ffe387e3e86a-0000652c,25900,46301,08  Wadgaonkar  Sales,8748,Yes,08  Wadgaonkar  Sales,-2678.0,Yes,Yes,No,,,,
20260529,901,Sales,ccde5e46-22b1-4fd7-8009-ffe387e3e86a-0000652d,25901,46302,09   Pandurang  Sales,8746,Yes,09   Pandurang  Sales,-860.0,Yes,Yes,No,,,,
20260529,902,Sales,ccde5e46-22b1-4fd7-8009-ffe387e3e86a-00006530,25904,46305,04 GHEE COUNTER,8741,Yes,04 GHEE COUNTER,-29928.0,Yes,Yes,No,,,,
20260529,903,Sales,ccde5e46-22b1-4fd7-8009-ffe387e3e86a-00006538,25912,46313,08  Wadgaonkar  Sales,8754,Yes,08  Wadgaonkar  Sales,-360.0,Yes,Yes,No,,,,
20260529,904,Sales,ccde5e46-22b1-4fd7-8009-ffe387e3e86a-0000653a,25914,46315,08  Wadgaonkar  Sales,8754,Yes,08  Wadgaonkar  Sales,354.0,Yes,Yes,No,,,,
20260529,905,Sales,ccde5e46-22b1-4fd7-8009-ffe387e3e86a-0000653c,25916,46317,04 GHEE COUNTER,8752,Yes,04 GHEE COUNTER,-108.0,Yes,Yes,No,,,,
20260529,906,Sales,ccde5e46-22b1-4fd7-8009-ffe387e3e86a-00006541,25921,46322,04 GHEE COUNTER,8752,Yes,04 GHEE COUNTER,-472.8,Yes,Yes,No,,,,
20260529,907,Sales,ccde5e46-22b1-4fd7-8009-ffe387e3e86a-00006543,25923,46324,02 Rsa Afternoon Milk Counter,,Yes,02 Rsa Afternoon Milk Counter,4500.6,Yes,Yes,No,,,,
20260529,908,Sales,ccde5e46-22b1-4fd7-8009-ffe387e3e86a-00007d3d,32061,59054,Hattekar's Girija Catterors,,Yes,Hattekar's Girija Catterors,-450.0,Yes,Yes,No,,,,
20260530,909,Sales,ccde5e46-22b1-4fd7-8009-ffe387e3e86a-00006559,25945,46346,09   Pandurang  Sales,8765,Yes,09   Pandurang  Sales,-2245.5,Yes,Yes,No,,,,
20260530,910,Sales,ccde5e46-22b1-4fd7-8009-ffe387e3e86a-0000655b,25947,46348,08  Wadgaonkar  Sales,8766,Yes,08  Wadgaonkar  Sales,-2098.0,Yes,Yes,No,,,,
20260530,911,Sales,ccde5e46-22b1-4fd7-8009-ffe387e3e86a-00006573,25971,46372,01   Yash Morning  Milk Counter,,Yes,01   Yash Morning  Milk Counter,0.0,Yes,Yes,No,,,,
20260530,912,Sales,ccde5e46-22b1-4fd7-8009-ffe387e3e86a-00006576,25974,46375,THE VEGAN  HOTEL,,Yes,THE VEGAN  HOTEL,-3180.0,Yes,Yes,No,,,,
20260530,912,Sales,ccde5e46-22b1-4fd7-8009-ffe387e3e86a-00006576,25974,46375,THE VEGAN  HOTEL,,Yes,Transport,140.0,No,No,No,,,,
20260530,913,Sales,ccde5e46-22b1-4fd7-8009-ffe387e3e86a-00006580,25984,46385,04 GHEE COUNTER,8763,Yes,04 GHEE COUNTER,-77802.2,Yes,Yes,No,,,,
20260530,914,Sales,ccde5e46-22b1-4fd7-8009-ffe387e3e86a-0000659d,26013,46415,01   Yash Morning  Milk Counter,,Yes,01   Yash Morning  Milk Counter,1905.4,Yes,Yes,No,,,,
20260530,915,Sales,ccde5e46-22b1-4fd7-8009-ffe387e3e86a-0000659e,26014,46416,HOTEL LADLI,,Yes,HOTEL LADLI,-640.0,Yes,Yes,No,,,,
20260530,916,Sales,ccde5e46-22b1-4fd7-8009-ffe387e3e86a-000065a8,26024,46433,08  Wadgaonkar  Sales,8769,Yes,08  Wadgaonkar  Sales,-1458.0,Yes,Yes,No,,,,
20260530,917,Sales,ccde5e46-22b1-4fd7-8009-ffe387e3e86a-000065bf,26047,46457,04 GHEE COUNTER,8767,Yes,04 GHEE COUNTER,-9072.0,Yes,Yes,No,,,,
20260530,918,Sales,ccde5e46-22b1-4fd7-8009-ffe387e3e86a-000065c3,26051,46461,04 GHEE COUNTER,8767,Yes,04 GHEE COUNTER,-840.0,Yes,Yes,No,,,,
20260530,919,Sales,ccde5e46-22b1-4fd7-8009-ffe387e3e86a-000065d0,26064,46479,04 GHEE COUNTER,8767,Yes,04 GHEE COUNTER,-3496.8,Yes,Yes,No,,,,
20260530,920,Sales,ccde5e46-22b1-4fd7-8009-ffe387e3e86a-000065dd,26077,46493,08  Wadgaonkar  Sales,8777,Yes,08  Wadgaonkar  Sales,18.0,Yes,Yes,No,,,,
20260530,921,Sales,ccde5e46-22b1-4fd7-8009-ffe387e3e86a-000065e3,26083,46499,04 GHEE COUNTER,8778,Yes,04 GHEE COUNTER,2483.52,Yes,Yes,No,,,,
20260530,922,Sales,ccde5e46-22b1-4fd7-8009-ffe387e3e86a-000065e5,26085,46501,02 Rsa Afternoon Milk Counter,,Yes,02 Rsa Afternoon Milk Counter,4221.12,Yes,Yes,No,,,,
20260530,923,Sales,ccde5e46-22b1-4fd7-8009-ffe387e3e86a-000065f4,26100,46516,HOTEL LADLI,,Yes,HOTEL LADLI,-640.0,Yes,Yes,No,,,,
20260530,924,Sales,ccde5e46-22b1-4fd7-8009-ffe387e3e86a-00007d3e,32062,59055,Hattekar's Girija Catterors,,Yes,Hattekar's Girija Catterors,-450.0,Yes,Yes,No,,,,
20260531,925,Sales,ccde5e46-22b1-4fd7-8009-ffe387e3e86a-000065e9,26089,46505,01   Yash Morning  Milk Counter,,Yes,01   Yash Morning  Milk Counter,-2501.4,Yes,Yes,No,,,,
20260531,926,Sales,ccde5e46-22b1-4fd7-8009-ffe387e3e86a-000065ea,26090,46506,01   Yash Morning  Milk Counter,,Yes,01   Yash Morning  Milk Counter,-2712.6,Yes,Yes,No,,,,
20260531,927,Sales,ccde5e46-22b1-4fd7-8009-ffe387e3e86a-000065f6,26102,46518,HOTEL LADLI,,Yes,HOTEL LADLI,-640.0,Yes,Yes,No,,,,
20260531,928,Sales,ccde5e46-22b1-4fd7-8009-ffe387e3e86a-00006608,26120,46536,THE VEGAN  HOTEL,,Yes,THE VEGAN  HOTEL,-3180.0,Yes,Yes,No,,,,
20260531,928,Sales,ccde5e46-22b1-4fd7-8009-ffe387e3e86a-00006608,26120,46536,THE VEGAN  HOTEL,,Yes,Transport,140.0,No,No,No,,,,
20260531,929,Sales,ccde5e46-22b1-4fd7-8009-ffe387e3e86a-00006628,26152,46572,12  ATM  A,,Yes,12  ATM  A,772.8,Yes,Yes,No,,,,
20260531,930,Sales,ccde5e46-22b1-4fd7-8009-ffe387e3e86a-00006633,26163,49397,04 GHEE COUNTER,8787,Yes,04 GHEE COUNTER,-20313.0,Yes,Yes,No,,,,
20260531,931,Sales,ccde5e46-22b1-4fd7-8009-ffe387e3e86a-00006634,26164,46584,08  Wadgaonkar  Sales,,Yes,08  Wadgaonkar  Sales,-10014.0,Yes,Yes,No,,,,
20260531,932,Sales,ccde5e46-22b1-4fd7-8009-ffe387e3e86a-00006636,26166,46586,09   Pandurang  Sales,,Yes,09   Pandurang  Sales,-3308.0,Yes,Yes,No,,,,
20260531,933,Sales,ccde5e46-22b1-4fd7-8009-ffe387e3e86a-00006640,26176,46596,12  ATM  A,,Yes,12  ATM  A,1188.0,Yes,Yes,No,,,,
20260531,934,Sales,ccde5e46-22b1-4fd7-8009-ffe387e3e86a-0000664d,26189,46611,01   Yash Morning  Milk Counter,,Yes,01   Yash Morning  Milk Counter,768.8,Yes,Yes,No,,,,
20260531,935,Sales,ccde5e46-22b1-4fd7-8009-ffe387e3e86a-0000666d,26221,49398,04 GHEE COUNTER,8791,Yes,04 GHEE COUNTER,2510.0,Yes,Yes,No,,,,
20260531,936,Sales,ccde5e46-22b1-4fd7-8009-ffe387e3e86a-0000666f,26223,46690,08  Wadgaonkar  Sales,,Yes,08  Wadgaonkar  Sales,-3548.0,Yes,Yes,No,,,,
20260531,937,Sales,ccde5e46-22b1-4fd7-8009-ffe387e3e86a-00006670,26224,46698,09   Pandurang  Sales,,Yes,09   Pandurang  Sales,-2140.0,Yes,Yes,No,,,,
20260531,938,Sales,ccde5e46-22b1-4fd7-8009-ffe387e3e86a-00006671,26225,49399,04 GHEE COUNTER,8801,Yes,04 GHEE COUNTER,-9130.4,Yes,Yes,No,,,,
20260531,939,Sales,ccde5e46-22b1-4fd7-8009-ffe387e3e86a-00006686,26246,46721,09   Pandurang  Sales,,Yes,09   Pandurang  Sales,685.0,Yes,Yes,No,,,,
20260531,940,Sales,ccde5e46-22b1-4fd7-8009-ffe387e3e86a-00006687,26247,46722,12  ATM  A,,Yes,12  ATM  A,4699.2,Yes,Yes,No,,,,
20260531,941,Sales,ccde5e46-22b1-4fd7-8009-ffe387e3e86a-0000668a,26250,46725,08  Wadgaonkar  Sales,,Yes,08  Wadgaonkar  Sales,1095.0,Yes,Yes,No,,,,
20260531,942,Sales,ccde5e46-22b1-4fd7-8009-ffe387e3e86a-0000668b,26251,46726,02 Rsa Afternoon Milk Counter,,Yes,02 Rsa Afternoon Milk Counter,2218.8,Yes,Yes,No,,,,
20260531,943,Sales,ccde5e46-22b1-4fd7-8009-ffe387e3e86a-0000668d,26253,49400,04 GHEE COUNTER,8806,Yes,04 GHEE COUNTER,6357.6,Yes,Yes,No,,,,
20260531,944,Sales,ccde5e46-22b1-4fd7-8009-ffe387e3e86a-00006793,26515,47579,09   Pandurang  Sales,,Yes,09   Pandurang  Sales,-2710.0,Yes,Yes,No,,,,
20260601,945,Sales,ccde5e46-22b1-4fd7-8009-ffe387e3e86a-0000669b,26267,46742,HOTEL LADLI,,Yes,HOTEL LADLI,-640.0,Yes,Yes,No,,,,
20260601,946,Sales,ccde5e46-22b1-4fd7-8009-ffe387e3e86a-0000669c,26268,50435,THE VEGAN  HOTEL,,Yes,THE VEGAN  HOTEL,-3290.0,Yes,Yes,No,,,,
20260601,946,Sales,ccde5e46-22b1-4fd7-8009-ffe387e3e86a-0000669c,26268,50435,THE VEGAN  HOTEL,,Yes,Transport,170.0,No,No,No,,,,
20260601,947,Sales,ccde5e46-22b1-4fd7-8009-ffe387e3e86a-000066e9,26345,46930,01   Yash Morning  Milk Counter,,Yes,01   Yash Morning  Milk Counter,2839.8,Yes,Yes,No,,,,
20260601,948,Sales,ccde5e46-22b1-4fd7-8009-ffe387e3e86a-000066eb,26347,46932,02 Rsa Afternoon Milk Counter,,Yes,02 Rsa Afternoon Milk Counter,-6029.4,Yes,Yes,No,,,,
20260601,949,Sales,ccde5e46-22b1-4fd7-8009-ffe387e3e86a-000066ec,26348,46933,02 Rsa Afternoon Milk Counter,,Yes,02 Rsa Afternoon Milk Counter,-4561.76,Yes,Yes,No,,,,
20260601,950,Sales,ccde5e46-22b1-4fd7-8009-ffe387e3e86a-000066ed,26349,46934,02 Rsa Afternoon Milk Counter,,Yes,02 Rsa Afternoon Milk Counter,-8022.96,Yes,Yes,No,,,,
20260601,951,Sales,ccde5e46-22b1-4fd7-8009-ffe387e3e86a-000066f0,26352,46937,04 GHEE COUNTER,8817,Yes,04 GHEE COUNTER,-13646.8,Yes,Yes,No,,,,
20260601,952,Sales,ccde5e46-22b1-4fd7-8009-ffe387e3e86a-000066f1,26353,46938,08  Wadgaonkar  Sales,8819,Yes,08  Wadgaonkar  Sales,-7414.0,Yes,Yes,No,,,,
20260601,953,Sales,ccde5e46-22b1-4fd7-8009-ffe387e3e86a-000066f2,26354,46939,09   Pandurang  Sales,8820,Yes,09   Pandurang  Sales,-3757.0,Yes,Yes,No,,,,
20260601,954,Sales,ccde5e46-22b1-4fd7-8009-ffe387e3e86a-000066f3,26355,46940,13  ATM   B,,Yes,13  ATM   B,-8098.2,Yes,Yes,No,,,,
20260601,955,Sales,ccde5e46-22b1-4fd7-8009-ffe387e3e86a-000066f4,26356,46941,04 GHEE COUNTER,8828,Yes,04 GHEE COUNTER,-42040.64,Yes,Yes,No,,,,
20260601,956,Sales,ccde5e46-22b1-4fd7-8009-ffe387e3e86a-000066f5,26357,46942,13  ATM   B,,Yes,13  ATM   B,-4444.74,Yes,Yes,No,,,,
20260601,957,Sales,ccde5e46-22b1-4fd7-8009-ffe387e3e86a-000066f6,26358,46943,13  ATM   B,,Yes,13  ATM   B,-5425.2,Yes,Yes,No,,,,
20260601,958,Sales,ccde5e46-22b1-4fd7-8009-ffe387e3e86a-000066f9,26361,46946,04 GHEE COUNTER,8821,Yes,04 GHEE COUNTER,-900.0,Yes,Yes,No,,,,
20260601,959,Sales,ccde5e46-22b1-4fd7-8009-ffe387e3e86a-000066fd,26365,46950,02 Rsa Afternoon Milk Counter,,Yes,02 Rsa Afternoon Milk Counter,-1416.1,Yes,Yes,No,,,,
20260601,960,Sales,ccde5e46-22b1-4fd7-8009-ffe387e3e86a-00006701,26369,46954,09   Pandurang  Sales,8822,Yes,09   Pandurang  Sales,264.0,Yes,Yes,No,,,,
20260601,961,Sales,ccde5e46-22b1-4fd7-8009-ffe387e3e86a-00006702,26370,46955,04 GHEE COUNTER,8821,Yes,04 GHEE COUNTER,892.8,Yes,Yes,No,,,,
20260601,962,Sales,ccde5e46-22b1-4fd7-8009-ffe387e3e86a-00006703,26371,46956,08  Wadgaonkar  Sales,8831,Yes,08  Wadgaonkar  Sales,126.0,Yes,Yes,No,,,,
20260601,963,Sales,ccde5e46-22b1-4fd7-8009-ffe387e3e86a-00006708,26376,46961,02 Rsa Afternoon Milk Counter,,Yes,02 Rsa Afternoon Milk Counter,7411.4,Yes,Yes,No,,,,
20260601,964,Sales,ccde5e46-22b1-4fd7-8009-ffe387e3e86a-00006709,26377,49384,01   Yash Morning  Milk Counter,,Yes,01   Yash Morning  Milk Counter,-1152.84,Yes,Yes,No,,,,
20260602,965,Sales,ccde5e46-22b1-4fd7-8009-ffe387e3e86a-00006721,26401,47017,HOTEL LADLI,,Yes,HOTEL LADLI,-640.0,Yes,Yes,No,,,,
20260602,966,Sales,ccde5e46-22b1-4fd7-8009-ffe387e3e86a-0000672b,26411,47028,SHRI 1008 KPSDJ MANDIR,,Yes,SHRI 1008 KPSDJ MANDIR,-10310.0,Yes,Yes,No,,,,
20260602,967,Sales,ccde5e46-22b1-4fd7-8009-ffe387e3e86a-00006740,26432,50436,THE VEGAN  HOTEL,,Yes,THE VEGAN  HOTEL,-3290.0,Yes,Yes,No,,,,
20260602,967,Sales,ccde5e46-22b1-4fd7-8009-ffe387e3e86a-00006740,26432,50436,THE VEGAN  HOTEL,,Yes,Transport,170.0,No,No,No,,,,
20260602,968,Sales,ccde5e46-22b1-4fd7-8009-ffe387e3e86a-00006752,26450,47318,04 GHEE COUNTER,,Yes,04 GHEE COUNTER,-37314.96,Yes,Yes,No,,,,
20260602,969,Sales,ccde5e46-22b1-4fd7-8009-ffe387e3e86a-00006756,26454,47322,04 GHEE COUNTER,,Yes,04 GHEE COUNTER,-1411.2,Yes,Yes,No,,,,
20260602,970,Sales,ccde5e46-22b1-4fd7-8009-ffe387e3e86a-0000675f,26463,47331,08  Wadgaonkar  Sales,,Yes,08  Wadgaonkar  Sales,-6071.0,Yes,Yes,No,,,,
20260602,971,Sales,ccde5e46-22b1-4fd7-8009-ffe387e3e86a-00006764,26468,47336,08  Wadgaonkar  Sales,,Yes,08  Wadgaonkar  Sales,-2108.0,Yes,Yes,No,,,,
20260602,972,Sales,ccde5e46-22b1-4fd7-8009-ffe387e3e86a-00006760,26464,49390,04 GHEE COUNTER,,Yes,04 GHEE COUNTER,-360.0,Yes,Yes,No,,,,
20260602,973,Sales,ccde5e46-22b1-4fd7-8009-ffe387e3e86a-0000676e,26478,47349,01   Yash Morning  Milk Counter,,Yes,01   Yash Morning  Milk Counter,2047.0,Yes,Yes,No,,,,
20260602,974,Sales,ccde5e46-22b1-4fd7-8009-ffe387e3e86a-00006794,26516,52856,08  Wadgaonkar  Sales,,Yes,08  Wadgaonkar  Sales,-1030.0,Yes,Yes,No,,,,
20260602,975,Sales,ccde5e46-22b1-4fd7-8009-ffe387e3e86a-000067a1,26529,52854,08  Wadgaonkar  Sales,,Yes,08  Wadgaonkar  Sales,731.0,Yes,Yes,No,,,,
20260602,976,Sales,ccde5e46-22b1-4fd7-8009-ffe387e3e86a-000067a7,26535,47599,02 Rsa Afternoon Milk Counter,,Yes,02 Rsa Afternoon Milk Counter,2762.4,Yes,Yes,No,,,,
20260602,977,Sales,ccde5e46-22b1-4fd7-8009-ffe387e3e86a-000067e5,26597,48054,04 GHEE COUNTER,,Yes,04 GHEE COUNTER,1561.92,Yes,Yes,No,,,,
20260602,978,Sales,ccde5e46-22b1-4fd7-8009-ffe387e3e86a-000068a7,26791,49392,04 GHEE COUNTER,8845,Yes,04 GHEE COUNTER,-8244.0,Yes,Yes,No,,,,
20260602,979,Sales,ccde5e46-22b1-4fd7-8009-ffe387e3e86a-000007d1,2001,5065,SHRI 1008 KPSDJ MANDIR,,Yes,SHRI 1008 KPSDJ MANDIR,-635.0,Yes,Yes,No,,,,
20260603,980,Sales,ccde5e46-22b1-4fd7-8009-ffe387e3e86a-000067c1,26561,51254,THE VEGAN  HOTEL,,Yes,THE VEGAN  HOTEL,-3290.0,Yes,Yes,No,,,,
20260603,980,Sales,ccde5e46-22b1-4fd7-8009-ffe387e3e86a-000067c1,26561,51254,THE VEGAN  HOTEL,,Yes,Transport,170.0,No,No,No,,,,
20260603,981,Sales,ccde5e46-22b1-4fd7-8009-ffe387e3e86a-000067c5,26565,47796,HOTEL LADLI,,Yes,HOTEL LADLI,-640.0,Yes,Yes,No,,,,
20260603,982,Sales,ccde5e46-22b1-4fd7-8009-ffe387e3e86a-000067f6,26614,48196,01   Yash Morning  Milk Counter,,Yes,01   Yash Morning  Milk Counter,602.8,Yes,Yes,No,,,,
20260603,983,Sales,ccde5e46-22b1-4fd7-8009-ffe387e3e86a-000067fc,26620,48235,08  Wadgaonkar  Sales,,Yes,08  Wadgaonkar  Sales,-1458.0,Yes,Yes,No,,,,
20260603,984,Sales,ccde5e46-22b1-4fd7-8009-ffe387e3e86a-000067ff,26623,48301,09   Pandurang  Sales,,Yes,09   Pandurang  Sales,-2450.0,Yes,Yes,No,,,,
20260603,985,Sales,ccde5e46-22b1-4fd7-8009-ffe387e3e86a-0000680e,26638,48532,13  ATM   B,,Yes,13  ATM   B,2351.1,Yes,Yes,No,,,,
20260603,986,Sales,ccde5e46-22b1-4fd7-8009-ffe387e3e86a-00006815,26645,48541,08  Wadgaonkar  Sales,,Yes,08  Wadgaonkar  Sales,-3458.0,Yes,Yes,No,,,,
20260603,987,Sales,ccde5e46-22b1-4fd7-8009-ffe387e3e86a-00006d88,28040,51764,08  Wadgaonkar  Sales,,Yes,08  Wadgaonkar  Sales,-2708.0,Yes,Yes,No,,,,
20260603,988,Sales,ccde5e46-22b1-4fd7-8009-ffe387e3e86a-00006d85,28037,51761,08  Wadgaonkar  Sales,,Yes,08  Wadgaonkar  Sales,-2708.0,Yes,Yes,No,,,,
20260603,989,Sales,ccde5e46-22b1-4fd7-8009-ffe387e3e86a-00006816,26646,48542,09   Pandurang  Sales,,Yes,09   Pandurang  Sales,-1340.0,Yes,Yes,No,,,,
20260603,990,Sales,ccde5e46-22b1-4fd7-8009-ffe387e3e86a-00006817,26647,48543,04 GHEE COUNTER,,Yes,04 GHEE COUNTER,-2484.0,Yes,Yes,No,,,,
20260603,991,Sales,ccde5e46-22b1-4fd7-8009-ffe387e3e86a-00006818,26648,48544,04 GHEE COUNTER,,Yes,04 GHEE COUNTER,-21112.8,Yes,Yes,No,,,,
20260603,992,Sales,ccde5e46-22b1-4fd7-8009-ffe387e3e86a-00006822,26658,52861,08  Wadgaonkar  Sales,,Yes,08  Wadgaonkar  Sales,563.0,Yes,Yes,No,,,,
20260603,993,Sales,ccde5e46-22b1-4fd7-8009-ffe387e3e86a-00006823,26659,48555,09   Pandurang  Sales,,Yes,09   Pandurang  Sales,138.0,Yes,Yes,No,,,,
20260603,994,Sales,ccde5e46-22b1-4fd7-8009-ffe387e3e86a-00006826,26662,48558,02 Rsa Afternoon Milk Counter,,Yes,02 Rsa Afternoon Milk Counter,2004.0,Yes,Yes,No,,,,
20260603,995,Sales,ccde5e46-22b1-4fd7-8009-ffe387e3e86a-000067f3,26611,49393,04 GHEE COUNTER,8867,Yes,04 GHEE COUNTER,-30386.8,Yes,Yes,No,,,,
20260603,996,Sales,ccde5e46-22b1-4fd7-8009-ffe387e3e86a-000068b7,26807,49424,04 GHEE COUNTER,8877,Yes,04 GHEE COUNTER,-3917.6,Yes,Yes,No,,,,
20260603,997,Sales,ccde5e46-22b1-4fd7-8009-ffe387e3e86a-000068b9,26809,49426,04 GHEE COUNTER,8881,Yes,04 GHEE COUNTER,1997.12,Yes,Yes,No,,,,
20260603,998,Sales,ccde5e46-22b1-4fd7-8009-ffe387e3e86a-000007d2,2002,5066,SHRI 1008 KPSDJ MANDIR,,Yes,SHRI 1008 KPSDJ MANDIR,-1930.0,Yes,Yes,No,,,,
20260604,1001,Sales,ccde5e46-22b1-4fd7-8009-ffe387e3e86a-00006897,26775,49322,01   Yash Morning  Milk Counter,,Yes,01   Yash Morning  Milk Counter,897.12,Yes,Yes,No,,,,
20260604,1002,Sales,ccde5e46-22b1-4fd7-8009-ffe387e3e86a-000068a2,26786,49373,02 Rsa Afternoon Milk Counter,,Yes,02 Rsa Afternoon Milk Counter,-3421.98,Yes,Yes,No,,,,
20260604,1003,Sales,ccde5e46-22b1-4fd7-8009-ffe387e3e86a-000068a3,26787,49374,02 Rsa Afternoon Milk Counter,0,Yes,02 Rsa Afternoon Milk Counter,-1397.2,Yes,Yes,No,,,,
20260604,1004,Sales,ccde5e46-22b1-4fd7-8009-ffe387e3e86a-000068a4,26788,49375,02 Rsa Afternoon Milk Counter,,Yes,02 Rsa Afternoon Milk Counter,-1836.12,Yes,Yes,No,,,,
20260604,1005,Sales,ccde5e46-22b1-4fd7-8009-ffe387e3e86a-000068a5,26789,49376,13  ATM   B,,Yes,13  ATM   B,-2178.9,Yes,Yes,No,,,,
20260604,1006,Sales,ccde5e46-22b1-4fd7-8009-ffe387e3e86a-000068a6,26790,49378,13  ATM   B,,Yes,13  ATM   B,-5124.24,Yes,Yes,No,,,,
20260604,1007,Sales,ccde5e46-22b1-4fd7-8009-ffe387e3e86a-00006863,26723,49419,08  Wadgaonkar  Sales,,Yes,08  Wadgaonkar  Sales,-4258.0,Yes,Yes,No,,,,
20260604,1008,Sales,ccde5e46-22b1-4fd7-8009-ffe387e3e86a-00006865,26725,49420,09   Pandurang  Sales,,Yes,09   Pandurang  Sales,-1700.0,Yes,Yes,No,,,,
20260604,1009,Sales,ccde5e46-22b1-4fd7-8009-ffe387e3e86a-000068bd,26813,49430,04 GHEE COUNTER,8897,Yes,04 GHEE COUNTER,-17936.16,Yes,Yes,No,,,,
20260604,1010,Sales,ccde5e46-22b1-4fd7-8009-ffe387e3e86a-000068be,26814,49431,04 GHEE COUNTER,8903,Yes,04 GHEE COUNTER,40.0,Yes,Yes,No,,,,
20260604,1011,Sales,ccde5e46-22b1-4fd7-8009-ffe387e3e86a-000068bf,26815,49432,04 GHEE COUNTER,89.08,Yes,04 GHEE COUNTER,-4530.0,Yes,Yes,No,,,,
20260604,1012,Sales,ccde5e46-22b1-4fd7-8009-ffe387e3e86a-000068c0,26816,49433,09   Pandurang  Sales,8908,Yes,09   Pandurang  Sales,-1550.0,Yes,Yes,No,,,,
20260604,1013,Sales,ccde5e46-22b1-4fd7-8009-ffe387e3e86a-000068c1,26817,52862,08  Wadgaonkar  Sales,8910,Yes,08  Wadgaonkar  Sales,-3588.0,Yes,Yes,No,,,,
20260604,1014,Sales,ccde5e46-22b1-4fd7-8009-ffe387e3e86a-000068cd,26829,49447,02 Rsa Afternoon Milk Counter,,Yes,02 Rsa Afternoon Milk Counter,2831.4,Yes,Yes,No,,,,
20260604,1015,Sales,ccde5e46-22b1-4fd7-8009-ffe387e3e86a-000068ce,26830,49448,09   Pandurang  Sales,8918,Yes,09   Pandurang  Sales,233.0,Yes,Yes,No,,,,
20260604,1016,Sales,ccde5e46-22b1-4fd7-8009-ffe387e3e86a-000068cf,26831,49449,04 GHEE COUNTER,8916,Yes,04 GHEE COUNTER,-25946.08,Yes,Yes,No,,,,
20260604,1017,Sales,ccde5e46-22b1-4fd7-8009-ffe387e3e86a-000007d3,2003,5067,SHRI 1008 KPSDJ MANDIR,,Yes,SHRI 1008 KPSDJ MANDIR,-7325.0,Yes,Yes,No,,,,
20260604,999,Sales,ccde5e46-22b1-4fd7-8009-ffe387e3e86a-00006831,26673,48602,HOTEL LADLI,,Yes,HOTEL LADLI,-640.0,Yes,Yes,No,,,,
20260604,1000,Sales,ccde5e46-22b1-4fd7-8009-ffe387e3e86a-00006833,26675,51256,THE VEGAN  HOTEL,,Yes,THE VEGAN  HOTEL,-3290.0,Yes,Yes,No,,,,
20260604,1000,Sales,ccde5e46-22b1-4fd7-8009-ffe387e3e86a-00006833,26675,51256,THE VEGAN  HOTEL,,Yes,Transport,170.0,No,No,No,,,,
20260605,1018,Sales,ccde5e46-22b1-4fd7-8009-ffe387e3e86a-000068da,26842,49460,HOTEL LADLI,,Yes,HOTEL LADLI,-640.0,Yes,Yes,No,,,,
20260605,1019,Sales,ccde5e46-22b1-4fd7-8009-ffe387e3e86a-000068db,26843,51260,THE VEGAN  HOTEL,,Yes,THE VEGAN  HOTEL,-3290.0,Yes,Yes,No,,,,
20260605,1019,Sales,ccde5e46-22b1-4fd7-8009-ffe387e3e86a-000068db,26843,51260,THE VEGAN  HOTEL,,Yes,Transport,170.0,No,No,No,,,,
20260605,1020,Sales,ccde5e46-22b1-4fd7-8009-ffe387e3e86a-000068e4,26852,49470,08  Wadgaonkar  Sales,8924,Yes,08  Wadgaonkar  Sales,-3948.0,Yes,Yes,No,,,,
20260605,1021,Sales,ccde5e46-22b1-4fd7-8009-ffe387e3e86a-0000690b,26891,49745,04 GHEE COUNTER,8925,Yes,04 GHEE COUNTER,-19822.96,Yes,Yes,No,,,,
20260605,1022,Sales,ccde5e46-22b1-4fd7-8009-ffe387e3e86a-0000690c,26892,49746,09   Pandurang  Sales,8926,Yes,09   Pandurang  Sales,-2918.0,Yes,Yes,No,,,,
20260605,1023,Sales,ccde5e46-22b1-4fd7-8009-ffe387e3e86a-00006915,26901,49819,08  Wadgaonkar  Sales,8933,Yes,08  Wadgaonkar  Sales,-2108.0,Yes,Yes,No,,,,
20260605,1024,Sales,ccde5e46-22b1-4fd7-8009-ffe387e3e86a-00006940,26944,49890,01   Yash Morning  Milk Counter,,Yes,01   Yash Morning  Milk Counter,-3400.8,Yes,Yes,No,,,,
20260605,1025,Sales,ccde5e46-22b1-4fd7-8009-ffe387e3e86a-00006941,26945,49891,01   Yash Morning  Milk Counter,,Yes,01   Yash Morning  Milk Counter,-2653.2,Yes,Yes,No,,,,
20260605,1026,Sales,ccde5e46-22b1-4fd7-8009-ffe387e3e86a-00006942,26946,49892,01   Yash Morning  Milk Counter,,Yes,01   Yash Morning  Milk Counter,-1484.0,Yes,Yes,No,,,,
20260605,1027,Sales,ccde5e46-22b1-4fd7-8009-ffe387e3e86a-00006944,26948,49895,01   Yash Morning  Milk Counter,,Yes,01   Yash Morning  Milk Counter,2671.86,Yes,Yes,No,,,,
20260605,1028,Sales,ccde5e46-22b1-4fd7-8009-ffe387e3e86a-0000694b,26955,49903,04 GHEE COUNTER,8929,Yes,04 GHEE COUNTER,-11160.0,Yes,Yes,No,,,,
20260605,1029,Sales,ccde5e46-22b1-4fd7-8009-ffe387e3e86a-0000694d,26957,49905,09   Pandurang  Sales,8939,Yes,09   Pandurang  Sales,-930.0,Yes,Yes,No,,,,
20260605,1030,Sales,ccde5e46-22b1-4fd7-8009-ffe387e3e86a-00006951,26961,49909,08  Wadgaonkar  Sales,8940,Yes,08  Wadgaonkar  Sales,-2108.0,Yes,Yes,No,,,,
20260605,1031,Sales,ccde5e46-22b1-4fd7-8009-ffe387e3e86a-0000695d,26973,49921,08  Wadgaonkar  Sales,8936,Yes,08  Wadgaonkar  Sales,511.0,Yes,Yes,No,,,,
20260605,1032,Sales,ccde5e46-22b1-4fd7-8009-ffe387e3e86a-00006964,26980,49928,09   Pandurang  Sales,8943,Yes,09   Pandurang  Sales,299.0,Yes,Yes,No,,,,
20260605,1033,Sales,ccde5e46-22b1-4fd7-8009-ffe387e3e86a-00006966,26982,49930,02 Rsa Afternoon Milk Counter,,Yes,02 Rsa Afternoon Milk Counter,3137.08,Yes,Yes,No,,,,
20260605,1034,Sales,ccde5e46-22b1-4fd7-8009-ffe387e3e86a-00006969,26985,49933,04 GHEE COUNTER,8944,Yes,04 GHEE COUNTER,1711.2,Yes,Yes,No,,,,
20260605,1035,Sales,ccde5e46-22b1-4fd7-8009-ffe387e3e86a-000007d4,2004,5068,SHRI 1008 KPSDJ MANDIR,,Yes,SHRI 1008 KPSDJ MANDIR,-1000.0,Yes,Yes,No,,,,
20260606,1036,Sales,ccde5e46-22b1-4fd7-8009-ffe387e3e86a-00006976,26998,49946,THE VEGAN  HOTEL,,Yes,THE VEGAN  HOTEL,-3180.0,Yes,Yes,No,,,,
20260606,1036,Sales,ccde5e46-22b1-4fd7-8009-ffe387e3e86a-00006976,26998,49946,THE VEGAN  HOTEL,,Yes,Transport,140.0,No,No,No,,,,
20260606,1037,Sales,ccde5e46-22b1-4fd7-8009-ffe387e3e86a-00006977,26999,49947,01   Yash Morning  Milk Counter,,Yes,01   Yash Morning  Milk Counter,-2245.6,Yes,Yes,No,,,,
20260606,1038,Sales,ccde5e46-22b1-4fd7-8009-ffe387e3e86a-00006978,27000,49948,HOTEL LADLI,,Yes,HOTEL LADLI,-640.0,Yes,Yes,No,,,,
20260606,1039,Sales,ccde5e46-22b1-4fd7-8009-ffe387e3e86a-0000698a,27018,49968,12  ATM  A,,Yes,12  ATM  A,4563.0,Yes,Yes,No,,,,
20260606,1040,Sales,ccde5e46-22b1-4fd7-8009-ffe387e3e86a-00006990,27024,49974,12  ATM  A,,Yes,12  ATM  A,1359.6,Yes,Yes,No,,,,
20260606,1041,Sales,ccde5e46-22b1-4fd7-8009-ffe387e3e86a-000069bc,27068,50018,01   Yash Morning  Milk Counter,,Yes,01   Yash Morning  Milk Counter,1780.8,Yes,Yes,No,,,,
20260606,1042,Sales,ccde5e46-22b1-4fd7-8009-ffe387e3e86a-000069c1,27073,50023,04 GHEE COUNTER,,Yes,04 GHEE COUNTER,-10277.16,Yes,Yes,No,,,,
20260606,1043,Sales,ccde5e46-22b1-4fd7-8009-ffe387e3e86a-000069c2,27074,50024,08  Wadgaonkar  Sales,,Yes,08  Wadgaonkar  Sales,-3308.0,Yes,Yes,No,,,,
20260606,1044,Sales,ccde5e46-22b1-4fd7-8009-ffe387e3e86a-000069c4,27076,50026,09   Pandurang  Sales,,Yes,09   Pandurang  Sales,-2518.0,Yes,Yes,No,,,,
20260606,1045,Sales,ccde5e46-22b1-4fd7-8009-ffe387e3e86a-000069c5,27077,50027,04 GHEE COUNTER,,Yes,04 GHEE COUNTER,-30510.6,Yes,Yes,No,,,,
20260606,1046,Sales,ccde5e46-22b1-4fd7-8009-ffe387e3e86a-000069c6,27078,51331,04 GHEE COUNTER,,Yes,04 GHEE COUNTER,-3780.0,Yes,Yes,No,,,,
20260606,1047,Sales,ccde5e46-22b1-4fd7-8009-ffe387e3e86a-000069c7,27079,50029,08  Wadgaonkar  Sales,,Yes,08  Wadgaonkar  Sales,-3308.0,Yes,Yes,No,,,,
20260606,1048,Sales,ccde5e46-22b1-4fd7-8009-ffe387e3e86a-000069c8,27080,50030,09   Pandurang  Sales,,Yes,09   Pandurang  Sales,-1060.0,Yes,Yes,No,,,,
20260606,1049,Sales,ccde5e46-22b1-4fd7-8009-ffe387e3e86a-000069cf,27087,50067,09   Pandurang  Sales,,Yes,09   Pandurang  Sales,-640.0,Yes,Yes,No,,,,
20260606,1050,Sales,ccde5e46-22b1-4fd7-8009-ffe387e3e86a-000069d3,27091,50102,03  Nammokar Evening Milk Counter,,Yes,03  Nammokar Evening Milk Counter,-2613.6,Yes,Yes,No,,,,
20260606,1051,Sales,ccde5e46-22b1-4fd7-8009-ffe387e3e86a-000069dc,27100,50179,04 GHEE COUNTER,,Yes,04 GHEE COUNTER,-3570.0,Yes,Yes,No,,,,
20260606,1052,Sales,ccde5e46-22b1-4fd7-8009-ffe387e3e86a-000069de,27102,50181,04 GHEE COUNTER,,Yes,04 GHEE COUNTER,-25612.0,Yes,Yes,No,,,,
20260606,1053,Sales,ccde5e46-22b1-4fd7-8009-ffe387e3e86a-000069e0,27104,50183,09   Pandurang  Sales,,Yes,09   Pandurang  Sales,240.0,Yes,Yes,No,,,,
20260606,1054,Sales,ccde5e46-22b1-4fd7-8009-ffe387e3e86a-000069e4,27108,50187,03  Nammokar Evening Milk Counter,,Yes,03  Nammokar Evening Milk Counter,125.4,Yes,Yes,No,,,,
20260606,1055,Sales,ccde5e46-22b1-4fd7-8009-ffe387e3e86a-000069ef,27119,50198,04 GHEE COUNTER,,Yes,04 GHEE COUNTER,2045.28,Yes,Yes,No,,,,
20260606,1056,Sales,ccde5e46-22b1-4fd7-8009-ffe387e3e86a-000069f2,27122,50201,02 Rsa Afternoon Milk Counter,,Yes,02 Rsa Afternoon Milk Counter,3386.2,Yes,Yes,No,,,,
20260606,1057,Sales,ccde5e46-22b1-4fd7-8009-ffe387e3e86a-00007128,28968,53057,ANNAAMRITA FOUNDATION,,Yes,ANNAAMRITA FOUNDATION,-2200.0,Yes,Yes,No,,,,
20260606,1058,Sales,ccde5e46-22b1-4fd7-8009-ffe387e3e86a-000007d5,2005,5069,SHRI 1008 KPSDJ MANDIR,,Yes,SHRI 1008 KPSDJ MANDIR,-10459.0,Yes,Yes,No,,,,
20260607,1059,Sales,ccde5e46-22b1-4fd7-8009-ffe387e3e86a-00006a14,27156,50235,THE VEGAN  HOTEL,,Yes,THE VEGAN  HOTEL,-3180.0,Yes,Yes,No,,,,
20260607,1059,Sales,ccde5e46-22b1-4fd7-8009-ffe387e3e86a-00006a14,27156,50235,THE VEGAN  HOTEL,,Yes,Transport,140.0,No,No,No,,,,
20260607,1060,Sales,ccde5e46-22b1-4fd7-8009-ffe387e3e86a-00006a2f,27183,50263,13  ATM   B,,Yes,13  ATM   B,1944.0,Yes,Yes,No,,,,
20260607,1061,Sales,ccde5e46-22b1-4fd7-8009-ffe387e3e86a-00006a37,27191,50271,13  ATM   B,,Yes,13  ATM   B,1436.4,Yes,Yes,No,,,,
20260607,1062,Sales,ccde5e46-22b1-4fd7-8009-ffe387e3e86a-00006a3d,27197,50277,13  ATM   B,,Yes,13  ATM   B,2844.6,Yes,Yes,No,,,,
20260607,1063,Sales,ccde5e46-22b1-4fd7-8009-ffe387e3e86a-00006a46,27206,50286,01   Yash Morning  Milk Counter,,Yes,01   Yash Morning  Milk Counter,2191.8,Yes,Yes,No,,,,
20260607,1064,Sales,ccde5e46-22b1-4fd7-8009-ffe387e3e86a-00006a4c,27212,50292,04 GHEE COUNTER,,Yes,04 GHEE COUNTER,-9991.2,Yes,Yes,No,,,,
20260607,1065,Sales,ccde5e46-22b1-4fd7-8009-ffe387e3e86a-00006a4e,27214,50294,08  Wadgaonkar  Sales,,Yes,08  Wadgaonkar  Sales,-6016.0,Yes,Yes,No,,,,
20260607,1066,Sales,ccde5e46-22b1-4fd7-8009-ffe387e3e86a-00006a4f,27215,50295,09   Pandurang  Sales,,Yes,09   Pandurang  Sales,-4568.0,Yes,Yes,No,,,,
20260607,1067,Sales,ccde5e46-22b1-4fd7-8009-ffe387e3e86a-00006a50,27216,50296,08  Wadgaonkar  Sales,,Yes,08  Wadgaonkar  Sales,-1850.0,Yes,Yes,No,,,,
20260607,1068,Sales,ccde5e46-22b1-4fd7-8009-ffe387e3e86a-00006a51,27217,50297,04 GHEE COUNTER,,Yes,04 GHEE COUNTER,-13320.0,Yes,Yes,No,,,,
20260607,1069,Sales,ccde5e46-22b1-4fd7-8009-ffe387e3e86a-00006a5c,27228,50308,04 GHEE COUNTER,,Yes,04 GHEE COUNTER,-2764.8,Yes,Yes,No,,,,
20260607,1070,Sales,ccde5e46-22b1-4fd7-8009-ffe387e3e86a-00006a5d,27229,50309,09   Pandurang  Sales,,Yes,09   Pandurang  Sales,76.0,Yes,Yes,No,,,,
20260607,1071,Sales,ccde5e46-22b1-4fd7-8009-ffe387e3e86a-00007029,28713,52655,09   Pandurang  Sales,,Yes,09   Pandurang  Sales,8.0,Yes,Yes,No,,,,
20260607,1072,Sales,ccde5e46-22b1-4fd7-8009-ffe387e3e86a-00006a5f,27231,50311,08  Wadgaonkar  Sales,,Yes,08  Wadgaonkar  Sales,98.0,Yes,Yes,No,,,,
20260607,1073,Sales,ccde5e46-22b1-4fd7-8009-ffe387e3e86a-00006a62,27234,50314,04 GHEE COUNTER,,Yes,04 GHEE COUNTER,-988.96,Yes,Yes,No,,,,
20260607,1074,Sales,ccde5e46-22b1-4fd7-8009-ffe387e3e86a-00006a64,27236,50316,04 GHEE COUNTER,,Yes,04 GHEE COUNTER,2130.0,Yes,Yes,No,,,,
20260607,1075,Sales,ccde5e46-22b1-4fd7-8009-ffe387e3e86a-00006a66,27238,50318,02 Rsa Afternoon Milk Counter,,Yes,02 Rsa Afternoon Milk Counter,3525.8,Yes,Yes,No,,,,
20260607,1076,Sales,ccde5e46-22b1-4fd7-8009-ffe387e3e86a-00007cf8,31992,58963,09   Pandurang  Sales,+,Yes,09   Pandurang  Sales,377.0,Yes,Yes,No,,,,
20260607,1077,Sales,ccde5e46-22b1-4fd7-8009-ffe387e3e86a-000007d6,2006,5070,SHRI 1008 KPSDJ MANDIR,,Yes,SHRI 1008 KPSDJ MANDIR,-1250.0,Yes,Yes,No,,,,
20260608,1078,Sales,ccde5e46-22b1-4fd7-8009-ffe387e3e86a-00006a77,27255,50335,HOTEL LADLI,,Yes,HOTEL LADLI,-640.0,Yes,Yes,No,,,,
20260608,1079,Sales,ccde5e46-22b1-4fd7-8009-ffe387e3e86a-00006a79,27257,50337,THE VEGAN  HOTEL,,Yes,THE VEGAN  HOTEL,-3180.0,Yes,Yes,No,,,,
20260608,1079,Sales,ccde5e46-22b1-4fd7-8009-ffe387e3e86a-00006a79,27257,50337,THE VEGAN  HOTEL,,Yes,Transport,140.0,No,No,No,,,,
20260608,1080,Sales,ccde5e46-22b1-4fd7-8009-ffe387e3e86a-00006a89,27273,50353,08  Wadgaonkar  Sales,9030,Yes,08  Wadgaonkar  Sales,-3948.0,Yes,Yes,No,,,,
20260608,1081,Sales,ccde5e46-22b1-4fd7-8009-ffe387e3e86a-00006a96,27286,50398,04 GHEE COUNTER,9027,Yes,04 GHEE COUNTER,-12774.8,Yes,Yes,No,,,,
20260608,1082,Sales,ccde5e46-22b1-4fd7-8009-ffe387e3e86a-00006a9f,27295,50407,09   Pandurang  Sales,9026,Yes,09   Pandurang  Sales,-2658.0,Yes,Yes,No,,,,
20260608,1083,Sales,ccde5e46-22b1-4fd7-8009-ffe387e3e86a-00006ac1,27329,50443,01   Yash Morning  Milk Counter,,Yes,01   Yash Morning  Milk Counter,1901.0,Yes,Yes,No,,,,
20260608,1084,Sales,ccde5e46-22b1-4fd7-8009-ffe387e3e86a-00006ac7,27335,50449,04 GHEE COUNTER,9036,Yes,04 GHEE COUNTER,-31126.4,Yes,Yes,No,,,,
20260608,1085,Sales,ccde5e46-22b1-4fd7-8009-ffe387e3e86a-00006ac8,27336,50450,02 Rsa Afternoon Milk Counter,,Yes,02 Rsa Afternoon Milk Counter,-3452.28,Yes,Yes,No,,,,
20260608,1086,Sales,ccde5e46-22b1-4fd7-8009-ffe387e3e86a-00006ac9,27337,50451,02 Rsa Afternoon Milk Counter,,Yes,02 Rsa Afternoon Milk Counter,-2798.6,Yes,Yes,No,,,,
20260608,1087,Sales,ccde5e46-22b1-4fd7-8009-ffe387e3e86a-00006aca,27338,50452,02 Rsa Afternoon Milk Counter,,Yes,02 Rsa Afternoon Milk Counter,-4592.0,Yes,Yes,No,,,,
20260608,1088,Sales,ccde5e46-22b1-4fd7-8009-ffe387e3e86a-00006acc,27340,50454,09   Pandurang  Sales,9033,Yes,09   Pandurang  Sales,-1690.0,Yes,Yes,No,,,,
20260608,1089,Sales,ccde5e46-22b1-4fd7-8009-ffe387e3e86a-00006acd,27341,50455,08  Wadgaonkar  Sales,9031,Yes,08  Wadgaonkar  Sales,-2258.0,Yes,Yes,No,,,,
20260608,1090,Sales,ccde5e46-22b1-4fd7-8009-ffe387e3e86a-00006ade,27358,50503,09   Pandurang  Sales,9039,Yes,09   Pandurang  Sales,399.0,Yes,Yes,No,,,,
20260608,1091,Sales,ccde5e46-22b1-4fd7-8009-ffe387e3e86a-00006ae0,27360,50505,04 GHEE COUNTER,9042,Yes,04 GHEE COUNTER,-5004.0,Yes,Yes,No,,,,
20260608,1092,Sales,ccde5e46-22b1-4fd7-8009-ffe387e3e86a-00006ae1,27361,50506,08  Wadgaonkar  Sales,9037,Yes,08  Wadgaonkar  Sales,39.0,Yes,Yes,No,,,,
20260608,1093,Sales,ccde5e46-22b1-4fd7-8009-ffe387e3e86a-00006ae4,27364,50509,04 GHEE COUNTER,9038,Yes,04 GHEE COUNTER,1740.0,Yes,Yes,No,,,,
20260608,1094,Sales,ccde5e46-22b1-4fd7-8009-ffe387e3e86a-00006ae5,27365,50510,02 Rsa Afternoon Milk Counter,,Yes,02 Rsa Afternoon Milk Counter,6013.2,Yes,Yes,No,,,,
20260608,1095,Sales,ccde5e46-22b1-4fd7-8009-ffe387e3e86a-00006ae6,27366,50511,01   Yash Morning  Milk Counter,,Yes,01   Yash Morning  Milk Counter,-1319.76,Yes,Yes,No,,,,
20260608,1096,Sales,ccde5e46-22b1-4fd7-8009-ffe387e3e86a-00007d05,32005,58976,08  Wadgaonkar  Sales,14081,Yes,08  Wadgaonkar  Sales,873.0,Yes,Yes,No,,,,
20260609,1097,Sales,ccde5e46-22b1-4fd7-8009-ffe387e3e86a-00006af1,27377,50523,HOTEL LADLI,,Yes,HOTEL LADLI,-640.0,Yes,Yes,No,,,,
20260609,1098,Sales,ccde5e46-22b1-4fd7-8009-ffe387e3e86a-00006af2,27378,50833,THE VEGAN  HOTEL,,Yes,THE VEGAN  HOTEL,-3290.0,Yes,Yes,No,,,,
20260609,1098,Sales,ccde5e46-22b1-4fd7-8009-ffe387e3e86a-00006af2,27378,50833,THE VEGAN  HOTEL,,Yes,Transport,170.0,No,No,No,,,,
20260609,1099,Sales,ccde5e46-22b1-4fd7-8009-ffe387e3e86a-00006b48,27464,50675,01   Yash Morning  Milk Counter,,Yes,01   Yash Morning  Milk Counter,1827.8,Yes,Yes,No,,,,
20260609,1100,Sales,ccde5e46-22b1-4fd7-8009-ffe387e3e86a-00006b58,27480,51323,04 GHEE COUNTER,,Yes,04 GHEE COUNTER,-25318.8,Yes,Yes,No,,,,
20260609,1101,Sales,ccde5e46-22b1-4fd7-8009-ffe387e3e86a-00006b5f,27487,50739,04 GHEE COUNTER,,Yes,04 GHEE COUNTER,-27705.6,Yes,Yes,No,,,,
20260609,1102,Sales,ccde5e46-22b1-4fd7-8009-ffe387e3e86a-00006b59,27481,50733,08  Wadgaonkar  Sales,,Yes,08  Wadgaonkar  Sales,-3358.0,Yes,Yes,No,,,,
20260609,1103,Sales,ccde5e46-22b1-4fd7-8009-ffe387e3e86a-00006b5a,27482,50734,09   Pandurang  Sales,,Yes,09   Pandurang  Sales,-2518.0,Yes,Yes,No,,,,
20260609,1104,Sales,ccde5e46-22b1-4fd7-8009-ffe387e3e86a-00006b5b,27483,50735,09   Pandurang  Sales,,Yes,09   Pandurang  Sales,-1190.0,Yes,Yes,No,,,,
20260609,1105,Sales,ccde5e46-22b1-4fd7-8009-ffe387e3e86a-00006b5c,27484,50736,12  ATM  A,,Yes,12  ATM  A,3972.88,Yes,Yes,No,,,,
20260609,1106,Sales,ccde5e46-22b1-4fd7-8009-ffe387e3e86a-00006b5d,27485,50737,02 Rsa Afternoon Milk Counter,,Yes,02 Rsa Afternoon Milk Counter,-1583.4,Yes,Yes,No,,,,
20260609,1107,Sales,ccde5e46-22b1-4fd7-8009-ffe387e3e86a-00006b5e,27486,50738,02 Rsa Afternoon Milk Counter,,Yes,02 Rsa Afternoon Milk Counter,-3369.6,Yes,Yes,No,,,,
20260609,1108,Sales,ccde5e46-22b1-4fd7-8009-ffe387e3e86a-00006b60,27488,52863,08  Wadgaonkar  Sales,,Yes,08  Wadgaonkar  Sales,-4200.0,Yes,Yes,No,,,,
20260609,1109,Sales,ccde5e46-22b1-4fd7-8009-ffe387e3e86a-00006b61,27489,50741,02 Rsa Afternoon Milk Counter,,Yes,02 Rsa Afternoon Milk Counter,-8111.4,Yes,Yes,No,,,,
20260609,1110,Sales,ccde5e46-22b1-4fd7-8009-ffe387e3e86a-00006b62,27490,50742,02 Rsa Afternoon Milk Counter,,Yes,02 Rsa Afternoon Milk Counter,-4630.08,Yes,Yes,No,,,,
20260609,1111,Sales,ccde5e46-22b1-4fd7-8009-ffe387e3e86a-00006b6b,27499,51324,04 GHEE COUNTER,,Yes,04 GHEE COUNTER,-9146.4,Yes,Yes,No,,,,
20260609,1112,Sales,ccde5e46-22b1-4fd7-8009-ffe387e3e86a-00006b94,27540,50818,08  Wadgaonkar  Sales,,Yes,08  Wadgaonkar  Sales,214.0,Yes,Yes,No,,,,
20260609,1113,Sales,ccde5e46-22b1-4fd7-8009-ffe387e3e86a-0000702c,28716,52658,08  Wadgaonkar  Sales,,Yes,08  Wadgaonkar  Sales,-1280.0,Yes,Yes,No,,,,
20260609,1114,Sales,ccde5e46-22b1-4fd7-8009-ffe387e3e86a-00006b95,27541,50819,09   Pandurang  Sales,,Yes,09   Pandurang  Sales,252.0,Yes,Yes,No,,,,
20260609,1115,Sales,ccde5e46-22b1-4fd7-8009-ffe387e3e86a-00006b98,27544,50822,02 Rsa Afternoon Milk Counter,,Yes,02 Rsa Afternoon Milk Counter,717.4,Yes,Yes,No,,,,
20260610,1116,Sales,ccde5e46-22b1-4fd7-8009-ffe387e3e86a-00006b9f,27551,50829,HOTEL LADLI,,Yes,HOTEL LADLI,-640.0,Yes,Yes,No,,,,
20260610,1117,Sales,ccde5e46-22b1-4fd7-8009-ffe387e3e86a-00006ba1,27553,51251,THE VEGAN  HOTEL,,Yes,THE VEGAN  HOTEL,-3290.0,Yes,Yes,No,,,,
20260610,1117,Sales,ccde5e46-22b1-4fd7-8009-ffe387e3e86a-00006ba1,27553,51251,THE VEGAN  HOTEL,,Yes,Transport,170.0,No,No,No,,,,
20260610,1118,Sales,ccde5e46-22b1-4fd7-8009-ffe387e3e86a-00006bcc,27596,50875,08  Wadgaonkar  Sales,9077,Yes,08  Wadgaonkar  Sales,-3348.0,Yes,Yes,No,,,,
20260610,1119,Sales,ccde5e46-22b1-4fd7-8009-ffe387e3e86a-00006bce,27598,50877,04 GHEE COUNTER,9075,Yes,04 GHEE COUNTER,-18990.0,Yes,Yes,No,,,,
20260610,1120,Sales,ccde5e46-22b1-4fd7-8009-ffe387e3e86a-00006bda,27610,50889,09   Pandurang  Sales,9074,Yes,09   Pandurang  Sales,-3253.0,Yes,Yes,No,,,,
20260610,1121,Sales,ccde5e46-22b1-4fd7-8009-ffe387e3e86a-00006bed,27629,50908,01   Yash Morning  Milk Counter,,Yes,01   Yash Morning  Milk Counter,3511.04,Yes,Yes,No,,,,
20260610,1122,Sales,ccde5e46-22b1-4fd7-8009-ffe387e3e86a-00006bf5,27637,50916,08  Wadgaonkar  Sales,9084,Yes,08  Wadgaonkar  Sales,-1690.0,Yes,Yes,No,,,,
20260610,1123,Sales,ccde5e46-22b1-4fd7-8009-ffe387e3e86a-00006bf6,27638,50917,09   Pandurang  Sales,9089,Yes,09   Pandurang  Sales,-1060.0,Yes,Yes,No,,,,
20260610,1124,Sales,ccde5e46-22b1-4fd7-8009-ffe387e3e86a-00006bf7,27639,50918,02 Rsa Afternoon Milk Counter,,Yes,02 Rsa Afternoon Milk Counter,7744.8,Yes,Yes,No,,,,
20260610,1125,Sales,ccde5e46-22b1-4fd7-8009-ffe387e3e86a-00006c02,27650,50929,04 GHEE COUNTER,9090,Yes,04 GHEE COUNTER,-28296.6,Yes,Yes,No,,,,
20260610,1126,Sales,ccde5e46-22b1-4fd7-8009-ffe387e3e86a-00006c09,27657,50941,09   Pandurang  Sales,9088,Yes,09   Pandurang  Sales,252.0,Yes,Yes,No,,,,
20260610,1127,Sales,ccde5e46-22b1-4fd7-8009-ffe387e3e86a-00006c0e,27662,50946,08  Wadgaonkar  Sales,9085,Yes,08  Wadgaonkar  Sales,552.0,Yes,Yes,No,,,,
20260610,1128,Sales,ccde5e46-22b1-4fd7-8009-ffe387e3e86a-00006c15,27669,50953,02 Rsa Afternoon Milk Counter,,Yes,02 Rsa Afternoon Milk Counter,930.6,Yes,Yes,No,,,,
20260610,1129,Sales,ccde5e46-22b1-4fd7-8009-ffe387e3e86a-00006c68,27752,51258,02 Rsa Afternoon Milk Counter,,Yes,02 Rsa Afternoon Milk Counter,1255.8,Yes,Yes,No,,,,
20260610,1130,Sales,ccde5e46-22b1-4fd7-8009-ffe387e3e86a-00006c16,27670,50954,04 GHEE COUNTER,9095,Yes,04 GHEE COUNTER,1612.8,Yes,Yes,No,,,,
20260610,1131,Sales,ccde5e46-22b1-4fd7-8009-ffe387e3e86a-00007196,29078,53206,01   Yash Morning  Milk Counter,9096,Yes,01   Yash Morning  Milk Counter,-1574.5,Yes,Yes,No,,,,
20260611,1132,Sales,ccde5e46-22b1-4fd7-8009-ffe387e3e86a-00006c1f,27679,50963,HOTEL LADLI,,Yes,HOTEL LADLI,-640.0,Yes,Yes,No,,,,
20260611,1133,Sales,ccde5e46-22b1-4fd7-8009-ffe387e3e86a-00006c20,27680,51253,THE VEGAN  HOTEL,,Yes,THE VEGAN  HOTEL,-3290.0,Yes,Yes,No,,,,
20260611,1133,Sales,ccde5e46-22b1-4fd7-8009-ffe387e3e86a-00006c20,27680,51253,THE VEGAN  HOTEL,,Yes,Transport,170.0,No,No,No,,,,
20260611,1134,Sales,ccde5e46-22b1-4fd7-8009-ffe387e3e86a-00006c7c,27772,51311,01   Yash Morning  Milk Counter,,Yes,01   Yash Morning  Milk Counter,2662.9,Yes,Yes,No,,,,
20260611,1135,Sales,ccde5e46-22b1-4fd7-8009-ffe387e3e86a-00006c9a,27802,51481,04 GHEE COUNTER,9119,Yes,04 GHEE COUNTER,-1400.0,Yes,Yes,No,,,,
20260611,1136,Sales,ccde5e46-22b1-4fd7-8009-ffe387e3e86a-00006c9b,27803,51487,04 GHEE COUNTER,9125,Yes,04 GHEE COUNTER,-2337.6,Yes,Yes,No,,,,
20260611,1137,Sales,ccde5e46-22b1-4fd7-8009-ffe387e3e86a-00006cab,27819,51415,02 Rsa Afternoon Milk Counter,,Yes,02 Rsa Afternoon Milk Counter,7398.0,Yes,Yes,No,,,,
20260611,1138,Sales,ccde5e46-22b1-4fd7-8009-ffe387e3e86a-00006cb9,27833,51483,04 GHEE COUNTER,9101,Yes,04 GHEE COUNTER,-35588.0,Yes,Yes,No,,,,
20260611,1139,Sales,ccde5e46-22b1-4fd7-8009-ffe387e3e86a-00006cba,27834,51484,04 GHEE COUNTER,9119,Yes,04 GHEE COUNTER,-12565.2,Yes,Yes,No,,,,
20260611,1140,Sales,ccde5e46-22b1-4fd7-8009-ffe387e3e86a-00006d18,27928,51579,04 GHEE COUNTER,,Yes,04 GHEE COUNTER,540.16,Yes,Yes,No,,,,
20260611,1141,Sales,ccde5e46-22b1-4fd7-8009-ffe387e3e86a-00006d1d,27933,51585,08  Wadgaonkar  Sales,,Yes,08  Wadgaonkar  Sales,148.0,Yes,Yes,No,,,,
20260611,1142,Sales,ccde5e46-22b1-4fd7-8009-ffe387e3e86a-00007039,28729,52672,08  Wadgaonkar  Sales,,Yes,08  Wadgaonkar  Sales,-3948.0,Yes,Yes,No,,,,
20260611,1143,Sales,ccde5e46-22b1-4fd7-8009-ffe387e3e86a-0000703b,28731,52674,08  Wadgaonkar  Sales,,Yes,08  Wadgaonkar  Sales,-2108.0,Yes,Yes,No,,,,
20260611,1144,Sales,ccde5e46-22b1-4fd7-8009-ffe387e3e86a-0000703c,28732,52675,09   Pandurang  Sales,,Yes,09   Pandurang  Sales,-2518.0,Yes,Yes,No,,,,
20260611,1145,Sales,ccde5e46-22b1-4fd7-8009-ffe387e3e86a-0000703d,28733,52676,09   Pandurang  Sales,,Yes,09   Pandurang  Sales,-1080.0,Yes,Yes,No,,,,
20260611,1146,Sales,ccde5e46-22b1-4fd7-8009-ffe387e3e86a-0000703e,28734,52678,09   Pandurang  Sales,,Yes,09   Pandurang  Sales,54.0,Yes,Yes,No,,,,
20260612,1147,Sales,ccde5e46-22b1-4fd7-8009-ffe387e3e86a-00006cc4,27844,51441,HOTEL LADLI,,Yes,HOTEL LADLI,-640.0,Yes,Yes,No,,,,
20260612,1148,Sales,ccde5e46-22b1-4fd7-8009-ffe387e3e86a-00006cc6,27846,51443,THE VEGAN  HOTEL,,Yes,THE VEGAN  HOTEL,-3290.0,Yes,Yes,No,,,,
20260612,1148,Sales,ccde5e46-22b1-4fd7-8009-ffe387e3e86a-00006cc6,27846,51443,THE VEGAN  HOTEL,,Yes,Transport,170.0,No,No,No,,,,
20260612,1149,Sales,ccde5e46-22b1-4fd7-8009-ffe387e3e86a-00006d03,27907,51558,08  Wadgaonkar  Sales,,Yes,08  Wadgaonkar  Sales,-2258.0,Yes,Yes,No,,,,
20260612,1150,Sales,ccde5e46-22b1-4fd7-8009-ffe387e3e86a-00006d15,27925,51576,04 GHEE COUNTER,,Yes,04 GHEE COUNTER,-10941.44,Yes,Yes,No,,,,
20260612,1151,Sales,ccde5e46-22b1-4fd7-8009-ffe387e3e86a-00006d17,27927,51578,01   Yash Morning  Milk Counter,,Yes,01   Yash Morning  Milk Counter,1342.5,Yes,Yes,No,,,,
20260612,1152,Sales,ccde5e46-22b1-4fd7-8009-ffe387e3e86a-00006d24,27940,51596,ANNAAMRITA FOUNDATION,,Yes,ANNAAMRITA FOUNDATION,-2915.0,Yes,Yes,No,,,,
20260612,1153,Sales,ccde5e46-22b1-4fd7-8009-ffe387e3e86a-00006d3c,27964,51620,13  ATM   B,,Yes,13  ATM   B,4609.8,Yes,Yes,No,,,,
20260612,1154,Sales,ccde5e46-22b1-4fd7-8009-ffe387e3e86a-00006d42,27970,51632,08  Wadgaonkar  Sales,,Yes,08  Wadgaonkar  Sales,-4676.0,Yes,Yes,No,,,,
20260612,1155,Sales,ccde5e46-22b1-4fd7-8009-ffe387e3e86a-00006d45,27973,51637,09   Pandurang  Sales,,Yes,09   Pandurang  Sales,-2578.0,Yes,Yes,No,,,,
20260612,1156,Sales,ccde5e46-22b1-4fd7-8009-ffe387e3e86a-00006d49,27977,51647,04 GHEE COUNTER,,Yes,04 GHEE COUNTER,-5458.8,Yes,Yes,No,,,,
20260612,1157,Sales,ccde5e46-22b1-4fd7-8009-ffe387e3e86a-00006d4b,27979,51649,09   Pandurang  Sales,,Yes,09   Pandurang  Sales,-2110.0,Yes,Yes,No,,,,
20260612,1158,Sales,ccde5e46-22b1-4fd7-8009-ffe387e3e86a-00006d4c,27980,51650,04 GHEE COUNTER,,Yes,04 GHEE COUNTER,-16623.6,Yes,Yes,No,,,,
20260612,1159,Sales,ccde5e46-22b1-4fd7-8009-ffe387e3e86a-00006d4d,27981,51651,08  Wadgaonkar  Sales,,Yes,08  Wadgaonkar  Sales,750.0,Yes,Yes,No,,,,
20260612,1160,Sales,ccde5e46-22b1-4fd7-8009-ffe387e3e86a-00006d4e,27982,51652,09   Pandurang  Sales,,Yes,09   Pandurang  Sales,42.0,Yes,Yes,No,,,,
20260612,1161,Sales,ccde5e46-22b1-4fd7-8009-ffe387e3e86a-00006d52,27986,51656,08  Wadgaonkar  Sales,,Yes,08  Wadgaonkar  Sales,195.0,Yes,Yes,No,,,,
20260612,1162,Sales,ccde5e46-22b1-4fd7-8009-ffe387e3e86a-00006d57,27991,51661,02 Rsa Afternoon Milk Counter,,Yes,02 Rsa Afternoon Milk Counter,2805.2,Yes,Yes,No,,,,
20260612,1163,Sales,ccde5e46-22b1-4fd7-8009-ffe387e3e86a-00006d5a,27994,51664,04 GHEE COUNTER,,Yes,04 GHEE COUNTER,2101.2,Yes,Yes,No,,,,
20260613,1164,Sales,ccde5e46-22b1-4fd7-8009-ffe387e3e86a-00006d8c,28044,51778,HOTEL LADLI,,Yes,HOTEL LADLI,-640.0,Yes,Yes,No,,,,
20260613,1165,Sales,ccde5e46-22b1-4fd7-8009-ffe387e3e86a-00006d8d,28045,51779,THE VEGAN  HOTEL,,Yes,THE VEGAN  HOTEL,-3290.0,Yes,Yes,No,,,,
20260613,1165,Sales,ccde5e46-22b1-4fd7-8009-ffe387e3e86a-00006d8d,28045,51779,THE VEGAN  HOTEL,,Yes,Transport,170.0,No,No,No,,,,
20260613,1166,Sales,ccde5e46-22b1-4fd7-8009-ffe387e3e86a-00006d9e,28062,51808,04 GHEE COUNTER,,Yes,04 GHEE COUNTER,-33656.72,Yes,Yes,No,,,,
20260613,1167,Sales,ccde5e46-22b1-4fd7-8009-ffe387e3e86a-00006d9f,28063,51809,04 GHEE COUNTER,,Yes,04 GHEE COUNTER,720.0,Yes,Yes,No,,,,
20260613,1168,Sales,ccde5e46-22b1-4fd7-8009-ffe387e3e86a-00006db6,28086,51840,01   Yash Morning  Milk Counter,,Yes,01   Yash Morning  Milk Counter,1590.2,Yes,Yes,No,,,,
20260613,1169,Sales,ccde5e46-22b1-4fd7-8009-ffe387e3e86a-00006dce,28110,51879,09   Pandurang  Sales,,Yes,09   Pandurang  Sales,-2748.0,Yes,Yes,No,,,,
20260613,1170,Sales,ccde5e46-22b1-4fd7-8009-ffe387e3e86a-00006ddb,28123,51907,09   Pandurang  Sales,,Yes,09   Pandurang  Sales,-3308.0,Yes,Yes,No,,,,
20260613,1171,Sales,ccde5e46-22b1-4fd7-8009-ffe387e3e86a-00007045,28741,52691,09   Pandurang  Sales,,Yes,09   Pandurang  Sales,-2708.0,Yes,Yes,No,,,,
20260613,1172,Sales,ccde5e46-22b1-4fd7-8009-ffe387e3e86a-00006dde,28126,51910,04 GHEE COUNTER,9182,Yes,04 GHEE COUNTER,-18216.0,Yes,Yes,No,,,,
20260613,1173,Sales,ccde5e46-22b1-4fd7-8009-ffe387e3e86a-00006df3,28147,51963,04 GHEE COUNTER,9187,Yes,04 GHEE COUNTER,-2859.68,Yes,Yes,No,,,,
20260613,1174,Sales,ccde5e46-22b1-4fd7-8009-ffe387e3e86a-00006df9,28153,51971,09   Pandurang  Sales,,Yes,09   Pandurang  Sales,134.0,Yes,Yes,No,,,,
20260613,1175,Sales,ccde5e46-22b1-4fd7-8009-ffe387e3e86a-00006dfb,28155,51973,04 GHEE COUNTER,9198,Yes,04 GHEE COUNTER,-32396.0,Yes,Yes,No,,,,
20260613,1176,Sales,ccde5e46-22b1-4fd7-8009-ffe387e3e86a-00006dff,28159,51978,04 GHEE COUNTER,,Yes,04 GHEE COUNTER,1729.2,Yes,Yes,No,,,,
20260613,1177,Sales,ccde5e46-22b1-4fd7-8009-ffe387e3e86a-00006e01,28161,51980,02 Rsa Afternoon Milk Counter,,Yes,02 Rsa Afternoon Milk Counter,3917.8,Yes,Yes,No,,,,
20260613,1178,Sales,ccde5e46-22b1-4fd7-8009-ffe387e3e86a-00007129,28969,53064,ANNAAMRITA FOUNDATION,,Yes,ANNAAMRITA FOUNDATION,-2200.0,Yes,Yes,No,,,,
20260613,1179,Sales,ccde5e46-22b1-4fd7-8009-ffe387e3e86a-00007d40,32064,59056,Hattekar's Girija Catterors,,Yes,Hattekar's Girija Catterors,-830.0,Yes,Yes,No,,,,
20260614,1180,Sales,ccde5e46-22b1-4fd7-8009-ffe387e3e86a-00006e0c,28172,51991,04 GHEE COUNTER,,Yes,04 GHEE COUNTER,-8912.96,Yes,Yes,No,,,,
20260614,1181,Sales,ccde5e46-22b1-4fd7-8009-ffe387e3e86a-00006e16,28182,52002,HOTEL LADLI,,Yes,HOTEL LADLI,-640.0,Yes,Yes,No,,,,
20260614,1182,Sales,ccde5e46-22b1-4fd7-8009-ffe387e3e86a-00006e18,28184,52005,THE VEGAN  HOTEL,,Yes,THE VEGAN  HOTEL,-3290.0,Yes,Yes,No,,,,
20260614,1182,Sales,ccde5e46-22b1-4fd7-8009-ffe387e3e86a-00006e18,28184,52005,THE VEGAN  HOTEL,,Yes,Transport,170.0,No,No,No,,,,
20260614,1183,Sales,ccde5e46-22b1-4fd7-8009-ffe387e3e86a-00006e32,28210,52212,04 GHEE COUNTER,,Yes,04 GHEE COUNTER,-35755.2,Yes,Yes,No,,,,
20260614,1184,Sales,ccde5e46-22b1-4fd7-8009-ffe387e3e86a-00006e5d,28253,52079,04 GHEE COUNTER,,Yes,04 GHEE COUNTER,-9578.0,Yes,Yes,No,,,,
20260614,1185,Sales,ccde5e46-22b1-4fd7-8009-ffe387e3e86a-00006e5f,28255,52081,01   Yash Morning  Milk Counter,,Yes,01   Yash Morning  Milk Counter,757.0,Yes,Yes,No,,,,
20260614,1186,Sales,ccde5e46-22b1-4fd7-8009-ffe387e3e86a-00006e64,28260,52086,12  ATM  A,,Yes,12  ATM  A,2576.0,Yes,Yes,No,,,,
20260614,1187,Sales,ccde5e46-22b1-4fd7-8009-ffe387e3e86a-00006e65,28261,52087,12  ATM  A,,Yes,12  ATM  A,1954.8,Yes,Yes,No,,,,
20260614,1188,Sales,ccde5e46-22b1-4fd7-8009-ffe387e3e86a-00006e6a,28266,53189,09   Pandurang  Sales,,Yes,09   Pandurang  Sales,-1830.0,Yes,Yes,No,,,,
20260614,1189,Sales,ccde5e46-22b1-4fd7-8009-ffe387e3e86a-00007188,29064,53191,09   Pandurang  Sales,,Yes,09   Pandurang  Sales,269.0,Yes,Yes,No,,,,
20260614,1190,Sales,ccde5e46-22b1-4fd7-8009-ffe387e3e86a-00006e6e,28270,52872,08  Wadgaonkar  Sales,,Yes,08  Wadgaonkar  Sales,-10664.0,Yes,Yes,No,,,,
20260614,1191,Sales,ccde5e46-22b1-4fd7-8009-ffe387e3e86a-00006e6f,28271,52217,04 GHEE COUNTER,y,Yes,04 GHEE COUNTER,-2275.2,Yes,Yes,No,,,,
20260614,1192,Sales,ccde5e46-22b1-4fd7-8009-ffe387e3e86a-00006e72,28274,52214,04 GHEE COUNTER,,Yes,04 GHEE COUNTER,3182.4,Yes,Yes,No,,,,
20260614,1193,Sales,ccde5e46-22b1-4fd7-8009-ffe387e3e86a-00006e76,28278,52104,04 GHEE COUNTER,,Yes,04 GHEE COUNTER,720.0,Yes,Yes,No,,,,
20260614,1194,Sales,ccde5e46-22b1-4fd7-8009-ffe387e3e86a-00006e7c,28284,52110,01   Yash Morning  Milk Counter,,Yes,01   Yash Morning  Milk Counter,-2100.0,Yes,Yes,No,,,,
20260614,1195,Sales,ccde5e46-22b1-4fd7-8009-ffe387e3e86a-00006e89,28297,52125,02 Rsa Afternoon Milk Counter,,Yes,02 Rsa Afternoon Milk Counter,2365.6,Yes,Yes,No,,,,
20260614,1196,Sales,ccde5e46-22b1-4fd7-8009-ffe387e3e86a-00006e92,28306,52216,04 GHEE COUNTER,,Yes,04 GHEE COUNTER,1898.4,Yes,Yes,No,,,,
20260614,1197,Sales,ccde5e46-22b1-4fd7-8009-ffe387e3e86a-00006ee5,28389,52273,04 GHEE COUNTER,9217,Yes,04 GHEE COUNTER,-15202.4,Yes,Yes,No,,,,
20260614,1198,Sales,ccde5e46-22b1-4fd7-8009-ffe387e3e86a-00006ee9,28393,52869,08  Wadgaonkar  Sales,,Yes,08  Wadgaonkar  Sales,1050.0,Yes,Yes,No,,,,
20260615,1199,Sales,ccde5e46-22b1-4fd7-8009-ffe387e3e86a-00006e97,28311,52139,HOTEL LADLI,,Yes,HOTEL LADLI,-640.0,Yes,Yes,No,,,,
20260615,1200,Sales,ccde5e46-22b1-4fd7-8009-ffe387e3e86a-00006e99,28313,52141,THE VEGAN  HOTEL,,Yes,THE VEGAN  HOTEL,-3290.0,Yes,Yes,No,,,,
20260615,1200,Sales,ccde5e46-22b1-4fd7-8009-ffe387e3e86a-00006e99,28313,52141,THE VEGAN  HOTEL,,Yes,Transport,170.0,No,No,No,,,,
20260615,1201,Sales,ccde5e46-22b1-4fd7-8009-ffe387e3e86a-00006ecd,28365,52194,02 Rsa Afternoon Milk Counter,,Yes,02 Rsa Afternoon Milk Counter,-1854.6,Yes,Yes,No,,,,
20260615,1202,Sales,ccde5e46-22b1-4fd7-8009-ffe387e3e86a-00006ece,28366,52195,02 Rsa Afternoon Milk Counter,,Yes,02 Rsa Afternoon Milk Counter,-1528.8,Yes,Yes,No,,,,
20260615,1203,Sales,ccde5e46-22b1-4fd7-8009-ffe387e3e86a-00006ed4,28372,52876,08  Wadgaonkar  Sales,9239,Yes,08  Wadgaonkar  Sales,-3868.0,Yes,Yes,No,,,,
20260615,1204,Sales,ccde5e46-22b1-4fd7-8009-ffe387e3e86a-00006edb,28379,52208,08  Wadgaonkar  Sales,,Yes,08  Wadgaonkar  Sales,-1560.0,Yes,Yes,No,,,,
20260615,1205,Sales,ccde5e46-22b1-4fd7-8009-ffe387e3e86a-00006ed5,28373,52202,01   Yash Morning  Milk Counter,9240,Yes,01   Yash Morning  Milk Counter,-2878.0,Yes,Yes,No,,,,
20260615,1206,Sales,ccde5e46-22b1-4fd7-8009-ffe387e3e86a-00006ed6,28374,52255,04 GHEE COUNTER,9237,Yes,04 GHEE COUNTER,-50964.8,Yes,Yes,No,,,,
20260615,1207,Sales,ccde5e46-22b1-4fd7-8009-ffe387e3e86a-00006ed8,28376,52877,08  Wadgaonkar  Sales,,Yes,08  Wadgaonkar  Sales,-400.0,Yes,Yes,No,,,,
20260615,1208,Sales,ccde5e46-22b1-4fd7-8009-ffe387e3e86a-00006ed9,28377,52206,09   Pandurang  Sales,,Yes,09   Pandurang  Sales,-1060.0,Yes,Yes,No,,,,
20260615,1209,Sales,ccde5e46-22b1-4fd7-8009-ffe387e3e86a-00006eeb,28395,52233,02 Rsa Afternoon Milk Counter,,Yes,02 Rsa Afternoon Milk Counter,-560.0,Yes,Yes,No,,,,
20260615,1210,Sales,ccde5e46-22b1-4fd7-8009-ffe387e3e86a-00006eec,28396,52234,09   Pandurang  Sales,,Yes,09   Pandurang  Sales,52.0,Yes,Yes,No,,,,
20260615,1211,Sales,ccde5e46-22b1-4fd7-8009-ffe387e3e86a-00007373,29555,53740,09   Pandurang  Sales,,Yes,09   Pandurang  Sales,-2678.0,Yes,Yes,No,,,,
20260615,1212,Sales,ccde5e46-22b1-4fd7-8009-ffe387e3e86a-00006ef3,28403,52241,02 Rsa Afternoon Milk Counter,,Yes,02 Rsa Afternoon Milk Counter,4106.2,Yes,Yes,No,,,,
20260615,1213,Sales,ccde5e46-22b1-4fd7-8009-ffe387e3e86a-00006ef5,28405,52243,04 GHEE COUNTER,,Yes,04 GHEE COUNTER,-1434.0,Yes,Yes,No,,,,
20260615,1214,Sales,ccde5e46-22b1-4fd7-8009-ffe387e3e86a-00006eff,28415,52253,04 GHEE COUNTER,9254,Yes,04 GHEE COUNTER,1954.8,Yes,Yes,No,,,,
20260615,1215,Sales,ccde5e46-22b1-4fd7-8009-ffe387e3e86a-000070a6,28838,52879,08  Wadgaonkar  Sales,,Yes,08  Wadgaonkar  Sales,193.0,Yes,Yes,No,,,,
20260616,1216,Sales,ccde5e46-22b1-4fd7-8009-ffe387e3e86a-00006f01,28417,52257,HOTEL LADLI,,Yes,HOTEL LADLI,-640.0,Yes,Yes,No,,,,
20260616,1217,Sales,ccde5e46-22b1-4fd7-8009-ffe387e3e86a-00006f02,28418,52258,THE VEGAN  HOTEL,,Yes,THE VEGAN  HOTEL,-3290.0,Yes,Yes,No,,,,
20260616,1217,Sales,ccde5e46-22b1-4fd7-8009-ffe387e3e86a-00006f02,28418,52258,THE VEGAN  HOTEL,,Yes,Transport,170.0,No,No,No,,,,
20260616,1218,Sales,ccde5e46-22b1-4fd7-8009-ffe387e3e86a-00006f08,28424,52264,13  ATM   B,,Yes,13  ATM   B,5313.0,Yes,Yes,No,,,,
20260616,1219,Sales,ccde5e46-22b1-4fd7-8009-ffe387e3e86a-00006f17,28439,52889,08  Wadgaonkar  Sales,,Yes,08  Wadgaonkar  Sales,-7834.0,Yes,Yes,No,,,,
20260616,1220,Sales,ccde5e46-22b1-4fd7-8009-ffe387e3e86a-00006f1a,28442,52884,08  Wadgaonkar  Sales,,Yes,08  Wadgaonkar  Sales,4771.0,Yes,Yes,No,,,,
20260616,1221,Sales,ccde5e46-22b1-4fd7-8009-ffe387e3e86a-00006f2a,28458,52316,09   Pandurang  Sales,9270,Yes,09   Pandurang  Sales,-2678.0,Yes,Yes,No,,,,
20260616,1222,Sales,ccde5e46-22b1-4fd7-8009-ffe387e3e86a-00006f59,28505,52359,04 GHEE COUNTER,9267,Yes,04 GHEE COUNTER,-11162.0,Yes,Yes,No,,,,
20260616,1223,Sales,ccde5e46-22b1-4fd7-8009-ffe387e3e86a-00006f5a,28506,52360,08  Wadgaonkar  Sales,9276,Yes,08  Wadgaonkar  Sales,-1520.0,Yes,Yes,No,,,,
20260616,1224,Sales,ccde5e46-22b1-4fd7-8009-ffe387e3e86a-00006f83,28547,52429,01   Yash Morning  Milk Counter,,Yes,01   Yash Morning  Milk Counter,1654.2,Yes,Yes,No,,,,
20260616,1225,Sales,ccde5e46-22b1-4fd7-8009-ffe387e3e86a-00006fe4,28644,52580,13  ATM   B,,Yes,13  ATM   B,1513.2,Yes,Yes,No,,,,
20260616,1226,Sales,ccde5e46-22b1-4fd7-8009-ffe387e3e86a-00006fef,28655,52593,04 GHEE COUNTER,9274,Yes,04 GHEE COUNTER,-16080.0,Yes,Yes,No,,,,
20260616,1227,Sales,ccde5e46-22b1-4fd7-8009-ffe387e3e86a-00006ff0,28656,52594,08  Wadgaonkar  Sales,9281,Yes,08  Wadgaonkar  Sales,-2488.0,Yes,Yes,No,,,,
20260616,1228,Sales,ccde5e46-22b1-4fd7-8009-ffe387e3e86a-00006ff1,28657,52595,09   Pandurang  Sales,9279,Yes,09   Pandurang  Sales,-2700.0,Yes,Yes,No,,,,
20260616,1229,Sales,ccde5e46-22b1-4fd7-8009-ffe387e3e86a-00006ff2,28658,52596,09   Pandurang  Sales,9287,Yes,09   Pandurang  Sales,144.0,Yes,Yes,No,,,,
20260616,1230,Sales,ccde5e46-22b1-4fd7-8009-ffe387e3e86a-00006ff7,28663,52601,01   Yash Morning  Milk Counter,9285,Yes,01   Yash Morning  Milk Counter,-1050.0,Yes,Yes,No,,,,
20260616,1231,Sales,ccde5e46-22b1-4fd7-8009-ffe387e3e86a-00006ffe,28670,52610,02 Rsa Afternoon Milk Counter,,Yes,02 Rsa Afternoon Milk Counter,3275.6,Yes,Yes,No,,,,
20260616,1232,Sales,ccde5e46-22b1-4fd7-8009-ffe387e3e86a-00007002,28674,52614,04 GHEE COUNTER,,Yes,04 GHEE COUNTER,1710.0,Yes,Yes,No,,,,
20260616,1233,Sales,ccde5e46-22b1-4fd7-8009-ffe387e3e86a-000073a9,29609,53797,08  Wadgaonkar  Sales,9269,Yes,08  Wadgaonkar  Sales,-9254.0,Yes,Yes,No,,,,
20260617,1234,Sales,ccde5e46-22b1-4fd7-8009-ffe387e3e86a-00007006,28678,52619,HOTEL LADLI,,Yes,HOTEL LADLI,-640.0,Yes,Yes,No,,,,
20260617,1235,Sales,ccde5e46-22b1-4fd7-8009-ffe387e3e86a-00007008,28680,52623,THE VEGAN  HOTEL,,Yes,THE VEGAN  HOTEL,-3290.0,Yes,Yes,No,,,,
20260617,1235,Sales,ccde5e46-22b1-4fd7-8009-ffe387e3e86a-00007008,28680,52623,THE VEGAN  HOTEL,,Yes,Transport,170.0,No,No,No,,,,
20260617,1236,Sales,ccde5e46-22b1-4fd7-8009-ffe387e3e86a-00007085,28805,52787,01   Yash Morning  Milk Counter,,Yes,01   Yash Morning  Milk Counter,1279.8,Yes,Yes,No,,,,
20260617,1237,Sales,ccde5e46-22b1-4fd7-8009-ffe387e3e86a-00007092,28818,53015,08  Wadgaonkar  Sales,,Yes,08  Wadgaonkar  Sales,-8268.0,Yes,Yes,No,,,,
20260617,1238,Sales,ccde5e46-22b1-4fd7-8009-ffe387e3e86a-0000737c,29564,53749,09   Pandurang  Sales,,Yes,09   Pandurang  Sales,337.0,Yes,Yes,No,,,,
20260617,1239,Sales,ccde5e46-22b1-4fd7-8009-ffe387e3e86a-000070b5,28853,52901,08  Wadgaonkar  Sales,9299,Yes,08  Wadgaonkar  Sales,-9718.0,Yes,Yes,No,,,,
20260617,1240,Sales,ccde5e46-22b1-4fd7-8009-ffe387e3e86a-000070b6,28854,52981,04 GHEE COUNTER,9297\9302,Yes,04 GHEE COUNTER,-16987.44,Yes,Yes,No,,,,
20260617,1241,Sales,ccde5e46-22b1-4fd7-8009-ffe387e3e86a-000070e7,28903,52964,04 GHEE COUNTER,,Yes,04 GHEE COUNTER,1518.0,Yes,Yes,No,,,,
20260617,1242,Sales,ccde5e46-22b1-4fd7-8009-ffe387e3e86a-000070bb,28859,52907,02 Rsa Afternoon Milk Counter,,Yes,02 Rsa Afternoon Milk Counter,5363.88,Yes,Yes,No,,,,
20260617,1243,Sales,ccde5e46-22b1-4fd7-8009-ffe387e3e86a-00007103,28931,52995,04 GHEE COUNTER,,Yes,04 GHEE COUNTER,1000.0,Yes,Yes,No,,,,
20260617,1244,Sales,ccde5e46-22b1-4fd7-8009-ffe387e3e86a-00007d41,32065,59057,Hattekar's Girija Catterors,,Yes,Hattekar's Girija Catterors,-6320.0,Yes,Yes,No,,,,
20260618,1245,Sales,ccde5e46-22b1-4fd7-8009-ffe387e3e86a-00007110,28944,53261,04 GHEE COUNTER,,Yes,04 GHEE COUNTER,-51600.96,Yes,Yes,No,,,,
20260618,1246,Sales,ccde5e46-22b1-4fd7-8009-ffe387e3e86a-000070c7,28871,52920,HOTEL LADLI,,Yes,HOTEL LADLI,-640.0,Yes,Yes,No,,,,
20260618,1247,Sales,ccde5e46-22b1-4fd7-8009-ffe387e3e86a-000070c8,28872,52921,THE VEGAN  HOTEL,,Yes,THE VEGAN  HOTEL,-3290.0,Yes,Yes,No,,,,
20260618,1247,Sales,ccde5e46-22b1-4fd7-8009-ffe387e3e86a-000070c8,28872,52921,THE VEGAN  HOTEL,,Yes,Transport,170.0,No,No,No,,,,
20260618,1248,Sales,ccde5e46-22b1-4fd7-8009-ffe387e3e86a-000070e2,28898,52947,01   Yash Morning  Milk Counter,,Yes,01   Yash Morning  Milk Counter,745.5,Yes,Yes,No,,,,
20260618,1249,Sales,ccde5e46-22b1-4fd7-8009-ffe387e3e86a-0000710c,28940,53004,01   Yash Morning  Milk Counter,,Yes,01   Yash Morning  Milk Counter,2704.8,Yes,Yes,No,,,,
20260618,1250,Sales,ccde5e46-22b1-4fd7-8009-ffe387e3e86a-00007111,28945,53009,08  Wadgaonkar  Sales,,Yes,08  Wadgaonkar  Sales,-720.0,Yes,Yes,No,,,,
20260618,1251,Sales,ccde5e46-22b1-4fd7-8009-ffe387e3e86a-00007112,28946,53010,04 GHEE COUNTER,,Yes,04 GHEE COUNTER,-31623.2,Yes,Yes,No,,,,
20260618,1252,Sales,ccde5e46-22b1-4fd7-8009-ffe387e3e86a-00007113,28947,53011,09   Pandurang  Sales,,Yes,09   Pandurang  Sales,-2838.0,Yes,Yes,No,,,,
20260618,1253,Sales,ccde5e46-22b1-4fd7-8009-ffe387e3e86a-00007114,28948,53012,09   Pandurang  Sales,,Yes,09   Pandurang  Sales,-1700.0,Yes,Yes,No,,,,
20260618,1254,Sales,ccde5e46-22b1-4fd7-8009-ffe387e3e86a-0000710f,28943,53013,08  Wadgaonkar  Sales,,Yes,08  Wadgaonkar  Sales,-3308.0,Yes,Yes,No,,,,
20260618,1255,Sales,ccde5e46-22b1-4fd7-8009-ffe387e3e86a-00007121,28961,53030,12  ATM  A,,Yes,12  ATM  A,4238.4,Yes,Yes,No,,,,
20260618,1256,Sales,ccde5e46-22b1-4fd7-8009-ffe387e3e86a-0000712b,28971,53083,04 GHEE COUNTER,,Yes,04 GHEE COUNTER,-5148.0,Yes,Yes,No,,,,
20260618,1257,Sales,ccde5e46-22b1-4fd7-8009-ffe387e3e86a-00007141,28993,53119,04 GHEE COUNTER,,Yes,04 GHEE COUNTER,-1320.0,Yes,Yes,No,,,,
20260618,1258,Sales,ccde5e46-22b1-4fd7-8009-ffe387e3e86a-00007145,28997,53123,09   Pandurang  Sales,,Yes,09   Pandurang  Sales,364.0,Yes,Yes,No,,,,
20260618,1259,Sales,ccde5e46-22b1-4fd7-8009-ffe387e3e86a-00007429,29737,53927,09   Pandurang  Sales,,Yes,09   Pandurang  Sales,-390.0,Yes,Yes,No,,,,
20260618,1260,Sales,ccde5e46-22b1-4fd7-8009-ffe387e3e86a-00007149,29001,53127,04 GHEE COUNTER,,Yes,04 GHEE COUNTER,1652.4,Yes,Yes,No,,,,
20260618,1261,Sales,ccde5e46-22b1-4fd7-8009-ffe387e3e86a-0000714a,29002,53128,02 Rsa Afternoon Milk Counter,,Yes,02 Rsa Afternoon Milk Counter,3884.0,Yes,Yes,No,,,,
20260619,1262,Sales,ccde5e46-22b1-4fd7-8009-ffe387e3e86a-0000714c,29004,53130,HOTEL LADLI,,Yes,HOTEL LADLI,-640.0,Yes,Yes,No,,,,
20260619,1263,Sales,ccde5e46-22b1-4fd7-8009-ffe387e3e86a-0000714d,29005,53131,THE VEGAN  HOTEL,,Yes,THE VEGAN  HOTEL,-3290.0,Yes,Yes,No,,,,
20260619,1263,Sales,ccde5e46-22b1-4fd7-8009-ffe387e3e86a-0000714d,29005,53131,THE VEGAN  HOTEL,,Yes,Transport,170.0,No,No,No,,,,
20260619,1264,Sales,ccde5e46-22b1-4fd7-8009-ffe387e3e86a-000071be,29118,53246,01   Yash Morning  Milk Counter,,Yes,01   Yash Morning  Milk Counter,1689.1,Yes,Yes,No,,,,
20260619,1265,Sales,ccde5e46-22b1-4fd7-8009-ffe387e3e86a-000071c5,29125,53253,08  Wadgaonkar  Sales,9371,Yes,08  Wadgaonkar  Sales,-3146.0,Yes,Yes,No,,,,
20260619,1266,Sales,ccde5e46-22b1-4fd7-8009-ffe387e3e86a-000071ca,29130,53265,08  Wadgaonkar  Sales,9368,Yes,08  Wadgaonkar  Sales,-6160.0,Yes,Yes,No,,,,
20260619,1267,Sales,ccde5e46-22b1-4fd7-8009-ffe387e3e86a-000071cc,29132,53267,09   Pandurang  Sales,9362,Yes,09   Pandurang  Sales,-3368.0,Yes,Yes,No,,,,
20260619,1268,Sales,ccde5e46-22b1-4fd7-8009-ffe387e3e86a-000071cd,29133,53268,09   Pandurang  Sales,9377,Yes,09   Pandurang  Sales,-2332.0,Yes,Yes,No,,,,
20260619,1269,Sales,ccde5e46-22b1-4fd7-8009-ffe387e3e86a-00007383,29571,53756,09   Pandurang  Sales,,Yes,09   Pandurang  Sales,840.0,Yes,Yes,No,,,,
20260619,1270,Sales,ccde5e46-22b1-4fd7-8009-ffe387e3e86a-000071d0,29136,53271,04 GHEE COUNTER,9,Yes,04 GHEE COUNTER,-1150.0,Yes,Yes,No,,,,
20260619,1271,Sales,ccde5e46-22b1-4fd7-8009-ffe387e3e86a-000071e5,29157,53292,02 Rsa Afternoon Milk Counter,,Yes,02 Rsa Afternoon Milk Counter,3371.62,Yes,Yes,No,,,,
20260620,1272,Sales,ccde5e46-22b1-4fd7-8009-ffe387e3e86a-000071f2,29170,53305,HOTEL LADLI,,Yes,HOTEL LADLI,-640.0,Yes,Yes,No,,,,
20260620,1273,Sales,ccde5e46-22b1-4fd7-8009-ffe387e3e86a-000071f4,29172,53307,THE VEGAN  HOTEL,,Yes,THE VEGAN  HOTEL,-3290.0,Yes,Yes,No,,,,
20260620,1273,Sales,ccde5e46-22b1-4fd7-8009-ffe387e3e86a-000071f4,29172,53307,THE VEGAN  HOTEL,,Yes,Transport,170.0,No,No,No,,,,
20260620,1274,Sales,ccde5e46-22b1-4fd7-8009-ffe387e3e86a-00007240,29248,53386,01   Yash Morning  Milk Counter,,Yes,01   Yash Morning  Milk Counter,1676.4,Yes,Yes,No,,,,
20260620,1275,Sales,ccde5e46-22b1-4fd7-8009-ffe387e3e86a-0000724d,29261,53399,13  ATM   B,,Yes,13  ATM   B,2604.6,Yes,Yes,No,,,,
20260620,1276,Sales,ccde5e46-22b1-4fd7-8009-ffe387e3e86a-0000727f,29311,53450,02 Rsa Afternoon Milk Counter,,Yes,02 Rsa Afternoon Milk Counter,665.0,Yes,Yes,No,,,,
20260620,1277,Sales,ccde5e46-22b1-4fd7-8009-ffe387e3e86a-00007283,29315,53605,04 GHEE COUNTER,9393,Yes,04 GHEE COUNTER,-63980.72,Yes,Yes,No,,,,
20260620,1278,Sales,ccde5e46-22b1-4fd7-8009-ffe387e3e86a-00007288,29320,53514,04 GHEE COUNTER,9401,Yes,04 GHEE COUNTER,3062.4,Yes,Yes,No,,,,
20260620,1279,Sales,ccde5e46-22b1-4fd7-8009-ffe387e3e86a-000072e6,29414,53571,09   Pandurang  Sales,9395,Yes,09   Pandurang  Sales,-5033.0,Yes,Yes,No,,,,
20260620,1280,Sales,ccde5e46-22b1-4fd7-8009-ffe387e3e86a-00007388,29576,53761,09   Pandurang  Sales,,Yes,09   Pandurang  Sales,209.0,Yes,Yes,No,,,,
20260620,1281,Sales,ccde5e46-22b1-4fd7-8009-ffe387e3e86a-000072e7,29415,53572,08  Wadgaonkar  Sales,,Yes,08  Wadgaonkar  Sales,-2098.0,Yes,Yes,No,,,,
20260620,1282,Sales,ccde5e46-22b1-4fd7-8009-ffe387e3e86a-0000738b,29579,53764,08  Wadgaonkar  Sales,,Yes,08  Wadgaonkar  Sales,612.0,Yes,Yes,No,,,,
20260620,1283,Sales,ccde5e46-22b1-4fd7-8009-ffe387e3e86a-00007389,29577,53762,08  Wadgaonkar  Sales,,Yes,08  Wadgaonkar  Sales,-8714.0,Yes,Yes,No,,,,
20260621,1284,Sales,ccde5e46-22b1-4fd7-8009-ffe387e3e86a-00007294,29332,53478,HOTEL LADLI,,Yes,HOTEL LADLI,-640.0,Yes,Yes,No,,,,
20260621,1285,Sales,ccde5e46-22b1-4fd7-8009-ffe387e3e86a-000072bd,29373,53529,THE VEGAN  HOTEL,,Yes,THE VEGAN  HOTEL,-3290.0,Yes,Yes,No,,,,
20260621,1285,Sales,ccde5e46-22b1-4fd7-8009-ffe387e3e86a-000072bd,29373,53529,THE VEGAN  HOTEL,,Yes,Transport,170.0,No,No,No,,,,
20260621,1286,Sales,ccde5e46-22b1-4fd7-8009-ffe387e3e86a-000072dd,29405,53561,04 GHEE COUNTER,9393,Yes,04 GHEE COUNTER,-50200.4,Yes,Yes,No,,,,
20260621,1287,Sales,ccde5e46-22b1-4fd7-8009-ffe387e3e86a-000072e5,29413,53570,01   Yash Morning  Milk Counter,,Yes,01   Yash Morning  Milk Counter,1246.6,Yes,Yes,No,,,,
20260621,1288,Sales,ccde5e46-22b1-4fd7-8009-ffe387e3e86a-000072e8,29416,53573,08  Wadgaonkar  Sales,,Yes,08  Wadgaonkar  Sales,-6634.0,Yes,Yes,No,,,,
20260621,1289,Sales,ccde5e46-22b1-4fd7-8009-ffe387e3e86a-000072e9,29417,53574,09   Pandurang  Sales,9421,Yes,09   Pandurang  Sales,-2608.0,Yes,Yes,No,,,,
20260621,1290,Sales,ccde5e46-22b1-4fd7-8009-ffe387e3e86a-000072eb,29419,53576,04 GHEE COUNTER,9423,Yes,04 GHEE COUNTER,-1622.4,Yes,Yes,No,,,,
20260621,1291,Sales,ccde5e46-22b1-4fd7-8009-ffe387e3e86a-000072ec,29420,53617,04 GHEE COUNTER,9424,Yes,04 GHEE COUNTER,-25840.88,Yes,Yes,No,,,,
20260621,1292,Sales,ccde5e46-22b1-4fd7-8009-ffe387e3e86a-000072f7,29431,53612,04 GHEE COUNTER,9415,Yes,04 GHEE COUNTER,-18216.96,Yes,Yes,No,,,,
20260621,1293,Sales,ccde5e46-22b1-4fd7-8009-ffe387e3e86a-000072fa,29434,53596,08  Wadgaonkar  Sales,,Yes,08  Wadgaonkar  Sales,-4864.0,Yes,Yes,No,,,,
20260621,1294,Sales,ccde5e46-22b1-4fd7-8009-ffe387e3e86a-000072fb,29435,53597,09   Pandurang  Sales,,Yes,09   Pandurang  Sales,-1250.0,Yes,Yes,No,,,,
20260621,1295,Sales,ccde5e46-22b1-4fd7-8009-ffe387e3e86a-00007302,29442,53615,04 GHEE COUNTER,9432,Yes,04 GHEE COUNTER,-9730.4,Yes,Yes,No,,,,
20260621,1296,Sales,ccde5e46-22b1-4fd7-8009-ffe387e3e86a-00007309,29449,53619,09   Pandurang  Sales,,Yes,09   Pandurang  Sales,711.0,Yes,Yes,No,,,,
20260621,1297,Sales,ccde5e46-22b1-4fd7-8009-ffe387e3e86a-00007311,29457,53637,02 Rsa Afternoon Milk Counter,,Yes,02 Rsa Afternoon Milk Counter,4511.2,Yes,Yes,No,,,,
20260621,1298,Sales,ccde5e46-22b1-4fd7-8009-ffe387e3e86a-00007390,29584,53769,09   Pandurang  Sales,9429,Yes,09   Pandurang  Sales,16.0,Yes,Yes,No,,,,
20260622,1299,Sales,ccde5e46-22b1-4fd7-8009-ffe387e3e86a-0000731d,29469,53649,HOTEL LADLI,,Yes,HOTEL LADLI,-640.0,Yes,Yes,No,,,,
20260622,1300,Sales,ccde5e46-22b1-4fd7-8009-ffe387e3e86a-0000731f,29471,53651,THE VEGAN  HOTEL,,Yes,THE VEGAN  HOTEL,-3290.0,Yes,Yes,No,,,,
20260622,1300,Sales,ccde5e46-22b1-4fd7-8009-ffe387e3e86a-0000731f,29471,53651,THE VEGAN  HOTEL,,Yes,Transport,170.0,No,No,No,,,,
20260622,1301,Sales,ccde5e46-22b1-4fd7-8009-ffe387e3e86a-00007337,29495,53783,04 GHEE COUNTER,9449,Yes,04 GHEE COUNTER,-9443.92,Yes,Yes,No,,,,
20260622,1302,Sales,ccde5e46-22b1-4fd7-8009-ffe387e3e86a-00007338,29496,53677,09   Pandurang  Sales,,Yes,09   Pandurang  Sales,-3368.0,Yes,Yes,No,,,,
20260622,1303,Sales,ccde5e46-22b1-4fd7-8009-ffe387e3e86a-0000733d,29501,53685,08  Wadgaonkar  Sales,,Yes,08  Wadgaonkar  Sales,-7834.0,Yes,Yes,No,,,,
20260622,1304,Sales,ccde5e46-22b1-4fd7-8009-ffe387e3e86a-00007349,29513,53695,04 GHEE COUNTER,9454,Yes,04 GHEE COUNTER,-1147.92,Yes,Yes,No,,,,
20260622,1305,Sales,ccde5e46-22b1-4fd7-8009-ffe387e3e86a-0000738e,29582,53767,01   Yash Morning  Milk Counter,,Yes,01   Yash Morning  Milk Counter,1489.8,Yes,Yes,No,,,,
20260622,1306,Sales,ccde5e46-22b1-4fd7-8009-ffe387e3e86a-00007399,29593,53779,04 GHEE COUNTER,9457,Yes,04 GHEE COUNTER,-10368.0,Yes,Yes,No,,,,
20260622,1307,Sales,ccde5e46-22b1-4fd7-8009-ffe387e3e86a-0000739c,29596,53782,09   Pandurang  Sales,9459,Yes,09   Pandurang  Sales,-1440.0,Yes,Yes,No,,,,
20260622,1308,Sales,ccde5e46-22b1-4fd7-8009-ffe387e3e86a-0000739d,29597,53785,12  ATM  A,,Yes,12  ATM  A,3053.34,Yes,Yes,No,,,,
20260622,1309,Sales,ccde5e46-22b1-4fd7-8009-ffe387e3e86a-000073c1,29633,53821,09   Pandurang  Sales,9466,Yes,09   Pandurang  Sales,325.0,Yes,Yes,No,,,,
20260622,1310,Sales,ccde5e46-22b1-4fd7-8009-ffe387e3e86a-000073c4,29636,53824,09   Pandurang  Sales,9466,Yes,09   Pandurang  Sales,389.0,Yes,Yes,No,,,,
20260622,1311,Sales,ccde5e46-22b1-4fd7-8009-ffe387e3e86a-000073c5,29637,53825,08  Wadgaonkar  Sales,,Yes,08  Wadgaonkar  Sales,1752.0,Yes,Yes,No,,,,
20260622,1312,Sales,ccde5e46-22b1-4fd7-8009-ffe387e3e86a-000073c7,29639,53827,02 Rsa Afternoon Milk Counter,,Yes,02 Rsa Afternoon Milk Counter,3093.4,Yes,Yes,No,,,,
20260622,1313,Sales,ccde5e46-22b1-4fd7-8009-ffe387e3e86a-000073c8,29640,53828,04 GHEE COUNTER,,Yes,04 GHEE COUNTER,1598.4,Yes,Yes,No,,,,
20260622,1314,Sales,ccde5e46-22b1-4fd7-8009-ffe387e3e86a-0000742b,29739,53929,04 GHEE COUNTER,,Yes,04 GHEE COUNTER,0.0,Yes,Yes,No,,,,
20260622,1315,Sales,ccde5e46-22b1-4fd7-8009-ffe387e3e86a-0000742c,29740,53930,04 GHEE COUNTER,,Yes,04 GHEE COUNTER,-2665.2,Yes,Yes,No,,,,
20260623,1316,Sales,ccde5e46-22b1-4fd7-8009-ffe387e3e86a-000073d7,29655,53844,HOTEL LADLI,,Yes,HOTEL LADLI,-640.0,Yes,Yes,No,,,,
20260623,1317,Sales,ccde5e46-22b1-4fd7-8009-ffe387e3e86a-000073e0,29664,54141,04 GHEE COUNTER,,Yes,04 GHEE COUNTER,-44082.16,Yes,Yes,No,,,,
20260623,1318,Sales,ccde5e46-22b1-4fd7-8009-ffe387e3e86a-000073e1,29665,53854,08  Wadgaonkar  Sales,,Yes,08  Wadgaonkar  Sales,-7674.0,Yes,Yes,No,,,,
20260623,1319,Sales,ccde5e46-22b1-4fd7-8009-ffe387e3e86a-000073e4,29668,53857,09   Pandurang  Sales,9486,Yes,09   Pandurang  Sales,-3218.0,Yes,Yes,No,,,,
20260623,1320,Sales,ccde5e46-22b1-4fd7-8009-ffe387e3e86a-000073fc,29692,53881,THE VEGAN  HOTEL,,Yes,THE VEGAN  HOTEL,-3290.0,Yes,Yes,No,,,,
20260623,1320,Sales,ccde5e46-22b1-4fd7-8009-ffe387e3e86a-000073fc,29692,53881,THE VEGAN  HOTEL,,Yes,Transport,170.0,No,No,No,,,,
20260623,1321,Sales,ccde5e46-22b1-4fd7-8009-ffe387e3e86a-00007418,29720,53909,01   Yash Morning  Milk Counter,,Yes,01   Yash Morning  Milk Counter,1840.8,Yes,Yes,No,,,,
20260623,1322,Sales,ccde5e46-22b1-4fd7-8009-ffe387e3e86a-00007420,29728,53918,04 GHEE COUNTER,,Yes,04 GHEE COUNTER,-9756.0,Yes,Yes,No,,,,
20260623,1323,Sales,ccde5e46-22b1-4fd7-8009-ffe387e3e86a-00007421,29729,53919,09   Pandurang  Sales,,Yes,09   Pandurang  Sales,-800.0,Yes,Yes,No,,,,
20260623,1324,Sales,ccde5e46-22b1-4fd7-8009-ffe387e3e86a-00007424,29732,53922,04 GHEE COUNTER,,Yes,04 GHEE COUNTER,-480.0,Yes,Yes,No,,,,
20260623,1325,Sales,ccde5e46-22b1-4fd7-8009-ffe387e3e86a-00007436,29750,54060,04 GHEE COUNTER,9494,Yes,04 GHEE COUNTER,943.68,Yes,Yes,No,,,,
20260623,1326,Sales,ccde5e46-22b1-4fd7-8009-ffe387e3e86a-00007438,29752,53942,02 Rsa Afternoon Milk Counter,,Yes,02 Rsa Afternoon Milk Counter,3865.0,Yes,Yes,No,,,,
20260623,1327,Sales,ccde5e46-22b1-4fd7-8009-ffe387e3e86a-00007439,29753,53943,04 GHEE COUNTER,,Yes,04 GHEE COUNTER,-412.8,Yes,Yes,No,,,,
20260623,1328,Sales,ccde5e46-22b1-4fd7-8009-ffe387e3e86a-000074aa,29866,54127,08  Wadgaonkar  Sales,,Yes,08  Wadgaonkar  Sales,846.0,Yes,Yes,No,,,,
20260623,1329,Sales,ccde5e46-22b1-4fd7-8009-ffe387e3e86a-000074ab,29867,54128,09   Pandurang  Sales,,Yes,09   Pandurang  Sales,651.0,Yes,Yes,No,,,,
20260623,1330,Sales,ccde5e46-22b1-4fd7-8009-ffe387e3e86a-00007753,30547,54911,09   Pandurang  Sales,,Yes,09   Pandurang  Sales,36.0,Yes,Yes,No,,,,
20260624,1331,Sales,ccde5e46-22b1-4fd7-8009-ffe387e3e86a-0000743f,29759,53949,HOTEL LADLI,,Yes,HOTEL LADLI,-640.0,Yes,Yes,No,,,,
20260624,1332,Sales,ccde5e46-22b1-4fd7-8009-ffe387e3e86a-00007440,29760,53950,04 GHEE COUNTER,9509,Yes,04 GHEE COUNTER,794.4,Yes,Yes,No,,,,
20260624,1333,Sales,ccde5e46-22b1-4fd7-8009-ffe387e3e86a-00007442,29762,53952,THE VEGAN  HOTEL,,Yes,THE VEGAN  HOTEL,-3290.0,Yes,Yes,No,,,,
20260624,1333,Sales,ccde5e46-22b1-4fd7-8009-ffe387e3e86a-00007442,29762,53952,THE VEGAN  HOTEL,,Yes,Transport,170.0,No,No,No,,,,
20260624,1334,Sales,ccde5e46-22b1-4fd7-8009-ffe387e3e86a-00007446,29766,54058,08  Wadgaonkar  Sales,,Yes,08  Wadgaonkar  Sales,-7514.0,Yes,Yes,No,,,,
20260624,1335,Sales,ccde5e46-22b1-4fd7-8009-ffe387e3e86a-0000744b,29771,53961,04 GHEE COUNTER,,Yes,04 GHEE COUNTER,-10863.28,Yes,Yes,No,,,,
20260624,1336,Sales,ccde5e46-22b1-4fd7-8009-ffe387e3e86a-00007499,29849,54110,01   Yash Morning  Milk Counter,,Yes,01   Yash Morning  Milk Counter,2361.3,Yes,Yes,No,,,,
20260624,1337,Sales,ccde5e46-22b1-4fd7-8009-ffe387e3e86a-0000749c,29852,54113,04 GHEE COUNTER,panir,Yes,04 GHEE COUNTER,-6120.0,Yes,Yes,No,,,,
20260624,1338,Sales,ccde5e46-22b1-4fd7-8009-ffe387e3e86a-0000749d,29853,54114,08  Wadgaonkar  Sales,9516,Yes,08  Wadgaonkar  Sales,-960.0,Yes,Yes,No,,,,
20260624,1339,Sales,ccde5e46-22b1-4fd7-8009-ffe387e3e86a-000074a5,29861,54122,13  ATM   B,,Yes,13  ATM   B,7013.7,Yes,Yes,No,,,,
20260624,1340,Sales,ccde5e46-22b1-4fd7-8009-ffe387e3e86a-000074b0,29872,54133,04 GHEE COUNTER,9511,Yes,04 GHEE COUNTER,-36291.0,Yes,Yes,No,,,,
20260624,1341,Sales,ccde5e46-22b1-4fd7-8009-ffe387e3e86a-000074bb,29883,54148,08  Wadgaonkar  Sales,,Yes,08  Wadgaonkar  Sales,2330.0,Yes,Yes,No,,,,
20260624,1342,Sales,ccde5e46-22b1-4fd7-8009-ffe387e3e86a-000074bf,29887,54152,04 GHEE COUNTER,,Yes,04 GHEE COUNTER,1548.0,Yes,Yes,No,,,,
20260624,1343,Sales,ccde5e46-22b1-4fd7-8009-ffe387e3e86a-000074c2,29890,54155,02 Rsa Afternoon Milk Counter,,Yes,02 Rsa Afternoon Milk Counter,6379.72,Yes,Yes,No,,,,
20260624,1344,Sales,ccde5e46-22b1-4fd7-8009-ffe387e3e86a-000074c5,29893,54158,01   Yash Morning  Milk Counter,,Yes,01   Yash Morning  Milk Counter,-1216.8,Yes,Yes,No,,,,
20260625,1345,Sales,ccde5e46-22b1-4fd7-8009-ffe387e3e86a-000074c9,29897,54162,HOTEL LADLI,,Yes,HOTEL LADLI,-640.0,Yes,Yes,No,,,,
20260625,1346,Sales,ccde5e46-22b1-4fd7-8009-ffe387e3e86a-000074ca,29898,54163,THE VEGAN  HOTEL,,Yes,THE VEGAN  HOTEL,-3290.0,Yes,Yes,No,,,,
20260625,1346,Sales,ccde5e46-22b1-4fd7-8009-ffe387e3e86a-000074ca,29898,54163,THE VEGAN  HOTEL,,Yes,Transport,170.0,No,No,No,,,,
20260625,1347,Sales,ccde5e46-22b1-4fd7-8009-ffe387e3e86a-000074e0,29920,54186,08  Wadgaonkar  Sales,9527,Yes,08  Wadgaonkar  Sales,-1458.0,Yes,Yes,No,,,,
20260625,1348,Sales,ccde5e46-22b1-4fd7-8009-ffe387e3e86a-000074f6,29942,54208,08  Wadgaonkar  Sales,9527,Yes,08  Wadgaonkar  Sales,-3628.0,Yes,Yes,No,,,,
20260625,1349,Sales,ccde5e46-22b1-4fd7-8009-ffe387e3e86a-000074fe,29950,54217,08  Wadgaonkar  Sales,9527,Yes,08  Wadgaonkar  Sales,-3548.0,Yes,Yes,No,,,,
20260625,1350,Sales,ccde5e46-22b1-4fd7-8009-ffe387e3e86a-00007505,29957,54224,04 GHEE COUNTER,9525,Yes,04 GHEE COUNTER,-18455.12,Yes,Yes,No,,,,
20260625,1351,Sales,ccde5e46-22b1-4fd7-8009-ffe387e3e86a-0000751b,29979,54250,04 GHEE COUNTER,9532,Yes,04 GHEE COUNTER,-10208.0,Yes,Yes,No,,,,
20260625,1352,Sales,ccde5e46-22b1-4fd7-8009-ffe387e3e86a-00007520,29984,54252,01   Yash Morning  Milk Counter,,Yes,01   Yash Morning  Milk Counter,1176.0,Yes,Yes,No,,,,
20260625,1353,Sales,ccde5e46-22b1-4fd7-8009-ffe387e3e86a-00007531,30001,54280,02 Rsa Afternoon Milk Counter,,Yes,02 Rsa Afternoon Milk Counter,-8041.44,Yes,Yes,No,,,,
20260625,1354,Sales,ccde5e46-22b1-4fd7-8009-ffe387e3e86a-00007532,30002,54281,02 Rsa Afternoon Milk Counter,,Yes,02 Rsa Afternoon Milk Counter,-2912.0,Yes,Yes,No,,,,
20260625,1355,Sales,ccde5e46-22b1-4fd7-8009-ffe387e3e86a-00007533,30003,54282,02 Rsa Afternoon Milk Counter,,Yes,02 Rsa Afternoon Milk Counter,-3413.28,Yes,Yes,No,,,,
20260625,1356,Sales,ccde5e46-22b1-4fd7-8009-ffe387e3e86a-00007534,30004,54283,02 Rsa Afternoon Milk Counter,,Yes,02 Rsa Afternoon Milk Counter,-4580.8,Yes,Yes,No,,,,
20260625,1357,Sales,ccde5e46-22b1-4fd7-8009-ffe387e3e86a-00007535,30005,54291,12  ATM  A,,Yes,12  ATM  A,-4496.8,Yes,Yes,No,,,,
20260625,1358,Sales,ccde5e46-22b1-4fd7-8009-ffe387e3e86a-00007538,30008,54303,12  ATM  A,,Yes,12  ATM  A,-5429.82,Yes,Yes,No,,,,
20260625,1359,Sales,ccde5e46-22b1-4fd7-8009-ffe387e3e86a-0000753b,30011,54309,12  ATM  A,,Yes,12  ATM  A,-4499.82,Yes,Yes,No,,,,
20260625,1360,Sales,ccde5e46-22b1-4fd7-8009-ffe387e3e86a-0000753c,30012,54310,08  Wadgaonkar  Sales,,Yes,08  Wadgaonkar  Sales,-1440.0,Yes,Yes,No,,,,
20260625,1361,Sales,ccde5e46-22b1-4fd7-8009-ffe387e3e86a-0000753e,30014,54312,12  ATM  A,,Yes,12  ATM  A,-8201.82,Yes,Yes,No,,,,
20260625,1362,Sales,ccde5e46-22b1-4fd7-8009-ffe387e3e86a-00007545,30021,54330,12  ATM  A,,Yes,12  ATM  A,-2262.4,Yes,Yes,No,,,,
20260625,1363,Sales,ccde5e46-22b1-4fd7-8009-ffe387e3e86a-00007561,30049,54377,08  Wadgaonkar  Sales,9539,Yes,08  Wadgaonkar  Sales,-1532.0,Yes,Yes,No,,,,
20260625,1364,Sales,ccde5e46-22b1-4fd7-8009-ffe387e3e86a-00007562,30050,54378,04 GHEE COUNTER,,Yes,04 GHEE COUNTER,-11631.6,Yes,Yes,No,,,,
20260625,1365,Sales,ccde5e46-22b1-4fd7-8009-ffe387e3e86a-00007566,30054,54447,04 GHEE COUNTER,,Yes,04 GHEE COUNTER,2736.0,Yes,Yes,No,,,,
20260625,1366,Sales,ccde5e46-22b1-4fd7-8009-ffe387e3e86a-00007568,30056,54384,02 Rsa Afternoon Milk Counter,,Yes,02 Rsa Afternoon Milk Counter,3905.64,Yes,Yes,No,,,,
20260625,1367,Sales,ccde5e46-22b1-4fd7-8009-ffe387e3e86a-00007569,30057,54385,02 Rsa Afternoon Milk Counter,,Yes,02 Rsa Afternoon Milk Counter,2494.2,Yes,Yes,No,,,,
20260626,1368,Sales,ccde5e46-22b1-4fd7-8009-ffe387e3e86a-00007577,30071,54399,HOTEL LADLI,,Yes,HOTEL LADLI,-640.0,Yes,Yes,No,,,,
20260626,1369,Sales,ccde5e46-22b1-4fd7-8009-ffe387e3e86a-00007579,30073,54401,THE VEGAN  HOTEL,,Yes,THE VEGAN  HOTEL,-3290.0,Yes,Yes,No,,,,
20260626,1369,Sales,ccde5e46-22b1-4fd7-8009-ffe387e3e86a-00007579,30073,54401,THE VEGAN  HOTEL,,Yes,Transport,170.0,No,No,No,,,,
20260626,1370,Sales,ccde5e46-22b1-4fd7-8009-ffe387e3e86a-000075c1,30145,54481,01   Yash Morning  Milk Counter,,Yes,01   Yash Morning  Milk Counter,266.0,Yes,Yes,No,,,,
20260626,1371,Sales,ccde5e46-22b1-4fd7-8009-ffe387e3e86a-000075d6,30166,54503,04 GHEE COUNTER,9545,Yes,04 GHEE COUNTER,-36370.0,Yes,Yes,No,,,,
20260626,1372,Sales,ccde5e46-22b1-4fd7-8009-ffe387e3e86a-000075dd,30173,54510,08  Wadgaonkar  Sales,9558,Yes,08  Wadgaonkar  Sales,2192.0,Yes,Yes,No,,,,
20260626,1373,Sales,ccde5e46-22b1-4fd7-8009-ffe387e3e86a-0000775f,30559,54924,08  Wadgaonkar  Sales,,Yes,08  Wadgaonkar  Sales,-7674.0,Yes,Yes,No,,,,
20260626,1374,Sales,ccde5e46-22b1-4fd7-8009-ffe387e3e86a-000075e7,30183,54520,12  ATM  A,,Yes,12  ATM  A,2409.6,Yes,Yes,No,,,,
20260626,1375,Sales,ccde5e46-22b1-4fd7-8009-ffe387e3e86a-000075e8,30184,54521,04 GHEE COUNTER,,Yes,04 GHEE COUNTER,-4810.8,Yes,Yes,No,,,,
20260626,1376,Sales,ccde5e46-22b1-4fd7-8009-ffe387e3e86a-000075eb,30187,54524,04 GHEE COUNTER,9564,Yes,04 GHEE COUNTER,-480.0,Yes,Yes,No,,,,
20260626,1377,Sales,ccde5e46-22b1-4fd7-8009-ffe387e3e86a-000075ec,30188,54525,02 Rsa Afternoon Milk Counter,,Yes,02 Rsa Afternoon Milk Counter,5755.6,Yes,Yes,No,,,,
20260627,1378,Sales,ccde5e46-22b1-4fd7-8009-ffe387e3e86a-000075fa,30202,54539,HOTEL LADLI,,Yes,HOTEL LADLI,-640.0,Yes,Yes,No,,,,
20260627,1379,Sales,ccde5e46-22b1-4fd7-8009-ffe387e3e86a-000075fb,30203,54540,THE VEGAN  HOTEL,,Yes,THE VEGAN  HOTEL,-3290.0,Yes,Yes,No,,,,
20260627,1379,Sales,ccde5e46-22b1-4fd7-8009-ffe387e3e86a-000075fb,30203,54540,THE VEGAN  HOTEL,,Yes,Transport,170.0,No,No,No,,,,
20260627,1380,Sales,ccde5e46-22b1-4fd7-8009-ffe387e3e86a-00007642,30274,54671,09   Pandurang  Sales,,Yes,09   Pandurang  Sales,-160.0,Yes,Yes,No,,,,
20260627,1381,Sales,ccde5e46-22b1-4fd7-8009-ffe387e3e86a-0000764e,30286,54642,01   Yash Morning  Milk Counter,,Yes,01   Yash Morning  Milk Counter,1333.8,Yes,Yes,No,,,,
20260627,1382,Sales,ccde5e46-22b1-4fd7-8009-ffe387e3e86a-0000764f,30287,54643,01   Yash Morning  Milk Counter,,Yes,01   Yash Morning  Milk Counter,210.0,Yes,Yes,No,,,,
20260627,1383,Sales,ccde5e46-22b1-4fd7-8009-ffe387e3e86a-0000766a,30314,54672,04 GHEE COUNTER,9575,Yes,04 GHEE COUNTER,-19430.4,Yes,Yes,No,,,,
20260627,1384,Sales,ccde5e46-22b1-4fd7-8009-ffe387e3e86a-0000766d,30317,54675,09   Pandurang  Sales,9573,Yes,09   Pandurang  Sales,-8014.0,Yes,Yes,No,,,,
20260627,1385,Sales,ccde5e46-22b1-4fd7-8009-ffe387e3e86a-0000766e,30318,54676,09   Pandurang  Sales,9577,Yes,09   Pandurang  Sales,-2172.0,Yes,Yes,No,,,,
20260627,1386,Sales,ccde5e46-22b1-4fd7-8009-ffe387e3e86a-0000766f,30319,54677,04 GHEE COUNTER,9582,Yes,04 GHEE COUNTER,-27614.0,Yes,Yes,No,,,,
20260627,1387,Sales,ccde5e46-22b1-4fd7-8009-ffe387e3e86a-00007674,30324,54682,04 GHEE COUNTER,9580,Yes,04 GHEE COUNTER,-1161.6,Yes,Yes,No,,,,
20260627,1388,Sales,ccde5e46-22b1-4fd7-8009-ffe387e3e86a-00007689,30345,54704,09   Pandurang  Sales,9586,Yes,09   Pandurang  Sales,1280.0,Yes,Yes,No,,,,
20260627,1389,Sales,ccde5e46-22b1-4fd7-8009-ffe387e3e86a-0000768b,30347,54706,04 GHEE COUNTER,,Yes,04 GHEE COUNTER,1812.0,Yes,Yes,No,,,,
20260627,1390,Sales,ccde5e46-22b1-4fd7-8009-ffe387e3e86a-0000768c,30348,54707,04 GHEE COUNTER,,Yes,04 GHEE COUNTER,-1066.8,Yes,Yes,No,,,,
20260627,1391,Sales,ccde5e46-22b1-4fd7-8009-ffe387e3e86a-0000768f,30351,54710,02 Rsa Afternoon Milk Counter,,Yes,02 Rsa Afternoon Milk Counter,2384.4,Yes,Yes,No,,,,
20260627,1392,Sales,ccde5e46-22b1-4fd7-8009-ffe387e3e86a-00007692,30354,54713,01   Yash Morning  Milk Counter,,Yes,01   Yash Morning  Milk Counter,-2811.6,Yes,Yes,No,,,,
20260627,1393,Sales,ccde5e46-22b1-4fd7-8009-ffe387e3e86a-0000860c,34316,62494,06  BULK  SALE,9811,Yes,06  BULK  SALE,-4523.0,Yes,Yes,No,,,,
20260627,1394,Sales,ccde5e46-22b1-4fd7-8009-ffe387e3e86a-0000860d,34317,62495,06  BULK  SALE,9820,Yes,06  BULK  SALE,-395.0,Yes,Yes,No,,,,
20260627,1395,Sales,ccde5e46-22b1-4fd7-8009-ffe387e3e86a-0000860e,34318,62496,06  BULK  SALE,9818,Yes,06  BULK  SALE,-2363.5,Yes,Yes,No,,,,
20260627,1396,Sales,ccde5e46-22b1-4fd7-8009-ffe387e3e86a-000087c8,34760,62958,06  BULK  SALE,,Yes,06  BULK  SALE,-3630.56,Yes,Yes,No,,,,
20260627,1397,Sales,ccde5e46-22b1-4fd7-8009-ffe387e3e86a-000087c9,34761,62959,06  BULK  SALE,9806,Yes,06  BULK  SALE,332.5,Yes,Yes,No,,,,
20260627,1398,Sales,ccde5e46-22b1-4fd7-8009-ffe387e3e86a-000087ca,34762,62960,06  BULK  SALE,9811,Yes,06  BULK  SALE,-4361.0,Yes,Yes,No,,,,
20260627,1399,Sales,ccde5e46-22b1-4fd7-8009-ffe387e3e86a-000087cb,34763,62961,06  BULK  SALE,9820,Yes,06  BULK  SALE,-395.0,Yes,Yes,No,,,,
20260627,1400,Sales,ccde5e46-22b1-4fd7-8009-ffe387e3e86a-000087cc,34764,62962,06  BULK  SALE,9818,Yes,06  BULK  SALE,-2363.5,Yes,Yes,No,,,,
20260627,1401,Sales,ccde5e46-22b1-4fd7-8009-ffe387e3e86a-000087d9,34777,62975,06  BULK  SALE,9805,Yes,06  BULK  SALE,-3440.56,Yes,Yes,No,,,,
20260627,1402,Sales,ccde5e46-22b1-4fd7-8009-ffe387e3e86a-000087db,34779,62977,06  BULK  SALE,9806,Yes,06  BULK  SALE,332.5,Yes,Yes,No,,,,
20260627,1403,Sales,ccde5e46-22b1-4fd7-8009-ffe387e3e86a-000087dd,34781,62979,06  BULK  SALE,9811,Yes,06  BULK  SALE,-4361.0,Yes,Yes,No,,,,
20260627,1404,Sales,ccde5e46-22b1-4fd7-8009-ffe387e3e86a-000087df,34783,62981,06  BULK  SALE,9818,Yes,06  BULK  SALE,-2363.5,Yes,Yes,No,,,,
20260627,1405,Sales,ccde5e46-22b1-4fd7-8009-ffe387e3e86a-000087e0,34784,62982,06  BULK  SALE,9820,Yes,06  BULK  SALE,-395.0,Yes,Yes,No,,,,
20260627,1406,Sales,ccde5e46-22b1-4fd7-8009-ffe387e3e86a-000087ff,34815,63013,06  BULK  SALE,9805,Yes,06  BULK  SALE,-3630.56,Yes,Yes,No,,,,
20260627,1407,Sales,ccde5e46-22b1-4fd7-8009-ffe387e3e86a-00008805,34821,63019,06  BULK  SALE,9811,Yes,06  BULK  SALE,-4361.0,Yes,Yes,No,,,,
20260627,1408,Sales,ccde5e46-22b1-4fd7-8009-ffe387e3e86a-00008806,34822,63020,06  BULK  SALE,9820,Yes,06  BULK  SALE,-395.0,Yes,Yes,No,,,,
20260627,1409,Sales,ccde5e46-22b1-4fd7-8009-ffe387e3e86a-00008808,34824,63022,06  BULK  SALE,9818,Yes,06  BULK  SALE,-2363.5,Yes,Yes,No,,,,
20260628,1410,Sales,ccde5e46-22b1-4fd7-8009-ffe387e3e86a-000076a4,30372,54732,01   Yash Morning  Milk Counter,,Yes,01   Yash Morning  Milk Counter,-2782.56,Yes,Yes,No,,,,
20260628,1411,Sales,ccde5e46-22b1-4fd7-8009-ffe387e3e86a-000076a5,30373,54733,01   Yash Morning  Milk Counter,,Yes,01   Yash Morning  Milk Counter,-2167.02,Yes,Yes,No,,,,
20260628,1412,Sales,ccde5e46-22b1-4fd7-8009-ffe387e3e86a-000076b0,30384,54744,08  Wadgaonkar  Sales,,Yes,08  Wadgaonkar  Sales,-7124.0,Yes,Yes,No,,,,
20260628,1413,Sales,ccde5e46-22b1-4fd7-8009-ffe387e3e86a-000076b2,30386,54746,09   Pandurang  Sales,,Yes,09   Pandurang  Sales,-2974.0,Yes,Yes,No,,,,
20260628,1414,Sales,ccde5e46-22b1-4fd7-8009-ffe387e3e86a-000076b7,30391,54751,04 GHEE COUNTER,,Yes,04 GHEE COUNTER,-17912.0,Yes,Yes,No,,,,
20260628,1415,Sales,ccde5e46-22b1-4fd7-8009-ffe387e3e86a-000076bc,30396,54756,08  Wadgaonkar  Sales,,Yes,08  Wadgaonkar  Sales,-7124.0,Yes,Yes,No,,,,
20260628,1416,Sales,ccde5e46-22b1-4fd7-8009-ffe387e3e86a-00007735,30517,54879,08  Wadgaonkar  Sales,,Yes,08  Wadgaonkar  Sales,-1458.0,Yes,Yes,No,,,,
20260628,1417,Sales,ccde5e46-22b1-4fd7-8009-ffe387e3e86a-000076c1,30401,54761,THE VEGAN  HOTEL,,Yes,THE VEGAN  HOTEL,-3290.0,Yes,Yes,No,,,,
20260628,1417,Sales,ccde5e46-22b1-4fd7-8009-ffe387e3e86a-000076c1,30401,54761,THE VEGAN  HOTEL,,Yes,Transport,170.0,No,No,No,,,,
20260628,1418,Sales,ccde5e46-22b1-4fd7-8009-ffe387e3e86a-000076dc,30428,54788,HOTEL LADLI,,Yes,HOTEL LADLI,-640.0,Yes,Yes,No,,,,
20260628,1419,Sales,ccde5e46-22b1-4fd7-8009-ffe387e3e86a-000076ea,30442,54802,01   Yash Morning  Milk Counter,,Yes,01   Yash Morning  Milk Counter,1865.6,Yes,Yes,No,,,,
20260628,1420,Sales,ccde5e46-22b1-4fd7-8009-ffe387e3e86a-000076f7,30455,54816,03  Nammokar Evening Milk Counter,,Yes,03  Nammokar Evening Milk Counter,-2633.4,Yes,Yes,No,,,,
20260628,1421,Sales,ccde5e46-22b1-4fd7-8009-ffe387e3e86a-000076f8,30456,54817,02 Rsa Afternoon Milk Counter,,Yes,02 Rsa Afternoon Milk Counter,-2628.12,Yes,Yes,No,,,,
20260628,1422,Sales,ccde5e46-22b1-4fd7-8009-ffe387e3e86a-000076f9,30457,54818,02 Rsa Afternoon Milk Counter,,Yes,02 Rsa Afternoon Milk Counter,-3151.2,Yes,Yes,No,,,,
20260628,1423,Sales,ccde5e46-22b1-4fd7-8009-ffe387e3e86a-000076fb,30459,54820,09   Pandurang  Sales,13810,Yes,09   Pandurang  Sales,-450.0,Yes,Yes,No,,,,
20260628,1424,Sales,ccde5e46-22b1-4fd7-8009-ffe387e3e86a-000076ff,30463,54824,08  Wadgaonkar  Sales,,Yes,08  Wadgaonkar  Sales,-500.0,Yes,Yes,No,,,,
20260628,1425,Sales,ccde5e46-22b1-4fd7-8009-ffe387e3e86a-00007700,30464,54825,04 GHEE COUNTER,13818,Yes,04 GHEE COUNTER,-12200.4,Yes,Yes,No,,,,
20260628,1426,Sales,ccde5e46-22b1-4fd7-8009-ffe387e3e86a-00007702,30466,54827,04 GHEE COUNTER,,Yes,04 GHEE COUNTER,-2568.0,Yes,Yes,No,,,,
20260628,1427,Sales,ccde5e46-22b1-4fd7-8009-ffe387e3e86a-00007707,30471,54832,13  ATM   B,,Yes,13  ATM   B,2413.6,Yes,Yes,No,,,,
20260628,1428,Sales,ccde5e46-22b1-4fd7-8009-ffe387e3e86a-0000770f,30479,54840,09   Pandurang  Sales,,Yes,09   Pandurang  Sales,217.0,Yes,Yes,No,,,,
20260628,1429,Sales,ccde5e46-22b1-4fd7-8009-ffe387e3e86a-00007712,30482,54843,04 GHEE COUNTER,13816,Yes,04 GHEE COUNTER,-27968.0,Yes,Yes,No,,,,
20260628,1430,Sales,ccde5e46-22b1-4fd7-8009-ffe387e3e86a-00007713,30483,54844,08  Wadgaonkar  Sales,,Yes,08  Wadgaonkar  Sales,1312.0,Yes,Yes,No,,,,
20260628,1431,Sales,ccde5e46-22b1-4fd7-8009-ffe387e3e86a-00007714,30484,54845,02 Rsa Afternoon Milk Counter,,Yes,02 Rsa Afternoon Milk Counter,4157.56,Yes,Yes,No,,,,
20260628,1432,Sales,ccde5e46-22b1-4fd7-8009-ffe387e3e86a-0000861a,34330,62512,04 GHEE COUNTER,9843,Yes,04 GHEE COUNTER,-3960.0,Yes,Yes,No,,,,
20260628,1433,Sales,ccde5e46-22b1-4fd7-8009-ffe387e3e86a-000007d7,2007,5071,SHRI 1008 KPSDJ MANDIR,,Yes,SHRI 1008 KPSDJ MANDIR,-680.0,Yes,Yes,No,,,,
20260629,1434,Sales,ccde5e46-22b1-4fd7-8009-ffe387e3e86a-00007725,30501,54863,HOTEL LADLI,,Yes,HOTEL LADLI,-640.0,Yes,Yes,No,,,,
20260629,1435,Sales,ccde5e46-22b1-4fd7-8009-ffe387e3e86a-00007726,30502,54864,THE VEGAN  HOTEL,,Yes,THE VEGAN  HOTEL,-3290.0,Yes,Yes,No,,,,
20260629,1435,Sales,ccde5e46-22b1-4fd7-8009-ffe387e3e86a-00007726,30502,54864,THE VEGAN  HOTEL,,Yes,Transport,170.0,No,No,No,,,,
20260629,1436,Sales,ccde5e46-22b1-4fd7-8009-ffe387e3e86a-00007733,30515,54877,03  Nammokar Evening Milk Counter,,Yes,03  Nammokar Evening Milk Counter,198.0,Yes,Yes,No,,,,
20260629,1437,Sales,ccde5e46-22b1-4fd7-8009-ffe387e3e86a-00007752,30546,54910,13  ATM   B,,Yes,13  ATM   B,4333.86,Yes,Yes,No,,,,
20260629,1438,Sales,ccde5e46-22b1-4fd7-8009-ffe387e3e86a-00007771,30577,54943,01   Yash Morning  Milk Counter,,Yes,01   Yash Morning  Milk Counter,1788.54,Yes,Yes,No,,,,
20260629,1439,Sales,ccde5e46-22b1-4fd7-8009-ffe387e3e86a-00007772,30578,54944,01   Yash Morning  Milk Counter,,Yes,01   Yash Morning  Milk Counter,3928.8,Yes,Yes,No,,,,
20260629,1440,Sales,ccde5e46-22b1-4fd7-8009-ffe387e3e86a-0000777b,30587,54954,08  Wadgaonkar  Sales,,Yes,08  Wadgaonkar  Sales,-980.0,Yes,Yes,No,,,,
20260629,1441,Sales,ccde5e46-22b1-4fd7-8009-ffe387e3e86a-0000777f,30591,54958,08  Wadgaonkar  Sales,,Yes,08  Wadgaonkar  Sales,-6864.0,Yes,Yes,No,,,,
20260629,1442,Sales,ccde5e46-22b1-4fd7-8009-ffe387e3e86a-00007780,30592,54959,09   Pandurang  Sales,,Yes,09   Pandurang  Sales,-2658.0,Yes,Yes,No,,,,
20260629,1443,Sales,ccde5e46-22b1-4fd7-8009-ffe387e3e86a-00007782,30594,54962,09   Pandurang  Sales,,Yes,09   Pandurang  Sales,904.0,Yes,Yes,No,,,,
20260629,1444,Sales,ccde5e46-22b1-4fd7-8009-ffe387e3e86a-00007785,30597,54965,03  Nammokar Evening Milk Counter,,Yes,03  Nammokar Evening Milk Counter,-2356.2,Yes,Yes,No,,,,
20260629,1445,Sales,ccde5e46-22b1-4fd7-8009-ffe387e3e86a-00007796,30614,54982,08  Wadgaonkar  Sales,,Yes,08  Wadgaonkar  Sales,823.0,Yes,Yes,No,,,,
20260629,1446,Sales,ccde5e46-22b1-4fd7-8009-ffe387e3e86a-000077a0,30624,54993,01   Yash Morning  Milk Counter,,Yes,01   Yash Morning  Milk Counter,4175.2,Yes,Yes,No,,,,
20260629,1447,Sales,ccde5e46-22b1-4fd7-8009-ffe387e3e86a-000077a1,30625,54994,03  Nammokar Evening Milk Counter,,Yes,03  Nammokar Evening Milk Counter,4990.8,Yes,Yes,No,,,,
20260630,1448,Sales,ccde5e46-22b1-4fd7-8009-ffe387e3e86a-000077ad,30637,55006,HOTEL LADLI,,Yes,HOTEL LADLI,-640.0,Yes,Yes,No,,,,
20260630,1449,Sales,ccde5e46-22b1-4fd7-8009-ffe387e3e86a-000077ae,30638,55007,THE VEGAN  HOTEL,,Yes,THE VEGAN  HOTEL,-3290.0,Yes,Yes,No,,,,
20260630,1449,Sales,ccde5e46-22b1-4fd7-8009-ffe387e3e86a-000077ae,30638,55007,THE VEGAN  HOTEL,,Yes,Transport,170.0,No,No,No,,,,
20260630,1450,Sales,ccde5e46-22b1-4fd7-8009-ffe387e3e86a-000077f4,30708,55077,01   Yash Morning  Milk Counter,,Yes,01   Yash Morning  Milk Counter,6826.12,Yes,Yes,No,,,,
20260630,1451,Sales,ccde5e46-22b1-4fd7-8009-ffe387e3e86a-000077f5,30709,55078,03  Nammokar Evening Milk Counter,,Yes,03  Nammokar Evening Milk Counter,-4270.2,Yes,Yes,No,,,,
20260630,1452,Sales,ccde5e46-22b1-4fd7-8009-ffe387e3e86a-000077f8,30712,55081,08  Wadgaonkar  Sales,,Yes,08  Wadgaonkar  Sales,-6424.0,Yes,Yes,No,,,,
20260630,1453,Sales,ccde5e46-22b1-4fd7-8009-ffe387e3e86a-00007836,30774,55144,08  Wadgaonkar  Sales,,Yes,08  Wadgaonkar  Sales,-640.0,Yes,Yes,No,,,,
20260630,1454,Sales,ccde5e46-22b1-4fd7-8009-ffe387e3e86a-00007839,30777,55147,08  Wadgaonkar  Sales,13871,Yes,08  Wadgaonkar  Sales,2228.0,Yes,Yes,No,,,,
20260630,1455,Sales,ccde5e46-22b1-4fd7-8009-ffe387e3e86a-0000783d,30781,55151,02 Rsa Afternoon Milk Counter,,Yes,02 Rsa Afternoon Milk Counter,4490.4,Yes,Yes,No,,,,
20260630,1456,Sales,ccde5e46-22b1-4fd7-8009-ffe387e3e86a-0000783e,30782,55152,04 GHEE COUNTER,,Yes,04 GHEE COUNTER,-1121.04,Yes,Yes,No,,,,
20260630,1457,Sales,ccde5e46-22b1-4fd7-8009-ffe387e3e86a-00000425,1061,3733,Suprabhat Dairy  Phulambri,,Yes,Suprabhat Dairy  Phulambri,-39960.0,Yes,Yes,No,,,,
20260701,1458,Sales,ccde5e46-22b1-4fd7-8009-ffe387e3e86a-00007844,30788,55158,04 GHEE COUNTER,13881,Yes,04 GHEE COUNTER,-1311.84,Yes,Yes,No,,,,
20260701,1459,Sales,ccde5e46-22b1-4fd7-8009-ffe387e3e86a-0000784e,30798,55198,HOTEL LADLI,,Yes,HOTEL LADLI,-640.0,Yes,Yes,No,,,,
20260701,1460,Sales,ccde5e46-22b1-4fd7-8009-ffe387e3e86a-00007857,30807,55237,08  Wadgaonkar  Sales,13884,Yes,08  Wadgaonkar  Sales,-8374.0,Yes,Yes,No,,,,
20260701,1461,Sales,ccde5e46-22b1-4fd7-8009-ffe387e3e86a-0000785c,30812,55243,04 GHEE COUNTER,13881,Yes,04 GHEE COUNTER,-18367.84,Yes,Yes,No,,,,
20260701,1462,Sales,ccde5e46-22b1-4fd7-8009-ffe387e3e86a-000078b5,30901,55992,01   Yash Morning  Milk Counter,,Yes,01   Yash Morning  Milk Counter,6422.8,Yes,Yes,No,,,,
20260701,1463,Sales,ccde5e46-22b1-4fd7-8009-ffe387e3e86a-000078ca,30922,55950,04 GHEE COUNTER,13890,Yes,04 GHEE COUNTER,-40768.2,Yes,Yes,No,,,,
20260701,1464,Sales,ccde5e46-22b1-4fd7-8009-ffe387e3e86a-000078e1,30945,55976,08  Wadgaonkar  Sales,13888,Yes,08  Wadgaonkar  Sales,-320.0,Yes,Yes,No,,,,
20260701,1465,Sales,ccde5e46-22b1-4fd7-8009-ffe387e3e86a-000078f8,30968,56001,08  Wadgaonkar  Sales,13893,Yes,08  Wadgaonkar  Sales,2742.0,Yes,Yes,No,,,,
20260701,1466,Sales,ccde5e46-22b1-4fd7-8009-ffe387e3e86a-000078f9,30969,56002,02 Rsa Afternoon Milk Counter,,Yes,02 Rsa Afternoon Milk Counter,3457.0,Yes,Yes,No,,,,
20260701,1467,Sales,ccde5e46-22b1-4fd7-8009-ffe387e3e86a-000078fa,30970,56003,04 GHEE COUNTER,13891,Yes,04 GHEE COUNTER,-1056.0,Yes,Yes,No,,,,
20260701,1468,Sales,ccde5e46-22b1-4fd7-8009-ffe387e3e86a-00007f48,32584,60003,04 GHEE COUNTER,13881,Yes,04 GHEE COUNTER,-61503.88,Yes,Yes,No,,,,
20260701,1469,Sales,ccde5e46-22b1-4fd7-8009-ffe387e3e86a-00008112,33042,60589,04 GHEE COUNTER,13881,Yes,04 GHEE COUNTER,-19679.68,Yes,Yes,No,,,,
20260701,1470,Sales,ccde5e46-22b1-4fd7-8009-ffe387e3e86a-00008115,33045,60592,04 GHEE COUNTER,13890,Yes,04 GHEE COUNTER,-40768.2,Yes,Yes,No,,,,
20260701,1471,Sales,ccde5e46-22b1-4fd7-8009-ffe387e3e86a-0000811b,33051,60617,04 GHEE COUNTER,13801,Yes,04 GHEE COUNTER,1056.0,Yes,Yes,No,,,,
20260702,1472,Sales,ccde5e46-22b1-4fd7-8009-ffe387e3e86a-000078fb,30971,56004,HOTEL LADLI,,Yes,HOTEL LADLI,-640.0,Yes,Yes,No,,,,
20260702,1473,Sales,ccde5e46-22b1-4fd7-8009-ffe387e3e86a-000078fc,30972,56005,THE VEGAN  HOTEL,,Yes,THE VEGAN  HOTEL,-3290.0,Yes,Yes,No,,,,
20260702,1473,Sales,ccde5e46-22b1-4fd7-8009-ffe387e3e86a-000078fc,30972,56005,THE VEGAN  HOTEL,,Yes,Transport,170.0,No,No,No,,,,
20260702,1474,Sales,ccde5e46-22b1-4fd7-8009-ffe387e3e86a-00007938,31032,56348,09   Pandurang  Sales,13914,Yes,09   Pandurang  Sales,-3118.0,Yes,Yes,No,,,,
20260702,1475,Sales,ccde5e46-22b1-4fd7-8009-ffe387e3e86a-0000793d,31037,56355,08  Wadgaonkar  Sales,13906,Yes,08  Wadgaonkar  Sales,-7024.0,Yes,Yes,No,,,,
20260702,1476,Sales,ccde5e46-22b1-4fd7-8009-ffe387e3e86a-00007967,31079,56487,01   Yash Morning  Milk Counter,,Yes,01   Yash Morning  Milk Counter,3605.0,Yes,Yes,No,,,,
20260702,1477,Sales,ccde5e46-22b1-4fd7-8009-ffe387e3e86a-0000796c,31084,56492,09   Pandurang  Sales,13920,Yes,09   Pandurang  Sales,-990.0,Yes,Yes,No,,,,
20260702,1478,Sales,ccde5e46-22b1-4fd7-8009-ffe387e3e86a-00007984,31108,56516,02 Rsa Afternoon Milk Counter,,Yes,02 Rsa Afternoon Milk Counter,-2457.0,Yes,Yes,No,,,,
20260702,1479,Sales,ccde5e46-22b1-4fd7-8009-ffe387e3e86a-00007992,31122,56530,08  Wadgaonkar  Sales,13925,Yes,08  Wadgaonkar  Sales,-1297.0,Yes,Yes,No,,,,
20260702,1480,Sales,ccde5e46-22b1-4fd7-8009-ffe387e3e86a-00007995,31125,56533,08  Wadgaonkar  Sales,13925,Yes,08  Wadgaonkar  Sales,-16.0,Yes,Yes,No,,,,
20260702,1481,Sales,ccde5e46-22b1-4fd7-8009-ffe387e3e86a-00007996,31126,56534,09   Pandurang  Sales,,Yes,09   Pandurang  Sales,186.0,Yes,Yes,No,,,,
20260702,1482,Sales,ccde5e46-22b1-4fd7-8009-ffe387e3e86a-00007998,31128,56536,02 Rsa Afternoon Milk Counter,,Yes,02 Rsa Afternoon Milk Counter,1244.8,Yes,Yes,No,,,,
20260702,1483,Sales,ccde5e46-22b1-4fd7-8009-ffe387e3e86a-0000799a,31130,56538,09   Pandurang  Sales,13920,Yes,09   Pandurang  Sales,-110.0,Yes,Yes,No,,,,
20260702,1484,Sales,ccde5e46-22b1-4fd7-8009-ffe387e3e86a-000079a2,31138,56547,06  BULK  SALE,139119,Yes,06  BULK  SALE,-161317.5,Yes,Yes,No,,,,
20260702,1485,Sales,ccde5e46-22b1-4fd7-8009-ffe387e3e86a-00007f5d,32605,60024,06  BULK  SALE,,Yes,06  BULK  SALE,-175706.9,Yes,Yes,No,,,,
20260702,1486,Sales,ccde5e46-22b1-4fd7-8009-ffe387e3e86a-00008131,33073,60639,04 GHEE COUNTER,13907,Yes,04 GHEE COUNTER,-21504.4,Yes,Yes,No,,,,
20260702,1487,Sales,ccde5e46-22b1-4fd7-8009-ffe387e3e86a-0000815f,33119,60691,04 GHEE COUNTER,13923,Yes,04 GHEE COUNTER,1162.8,Yes,Yes,No,,,,
20260702,1488,Sales,ccde5e46-22b1-4fd7-8009-ffe387e3e86a-000081a3,33187,61004,04 GHEE COUNTER,13910,Yes,04 GHEE COUNTER,-2880.0,Yes,Yes,No,,,,
20260703,1489,Sales,ccde5e46-22b1-4fd7-8009-ffe387e3e86a-0000799b,31131,56542,HOTEL LADLI,,Yes,HOTEL LADLI,-640.0,Yes,Yes,No,,,,
20260703,1490,Sales,ccde5e46-22b1-4fd7-8009-ffe387e3e86a-0000799c,31132,56540,THE VEGAN  HOTEL,,Yes,THE VEGAN  HOTEL,-3290.0,Yes,Yes,No,,,,
20260703,1490,Sales,ccde5e46-22b1-4fd7-8009-ffe387e3e86a-0000799c,31132,56540,THE VEGAN  HOTEL,,Yes,Transport,170.0,No,No,No,,,,
20260703,1491,Sales,ccde5e46-22b1-4fd7-8009-ffe387e3e86a-000079ab,31147,56556,08  Wadgaonkar  Sales,13937,Yes,08  Wadgaonkar  Sales,-9034.0,Yes,Yes,No,,,,
20260703,1492,Sales,ccde5e46-22b1-4fd7-8009-ffe387e3e86a-000079ac,31148,56557,09   Pandurang  Sales,13988,Yes,09   Pandurang  Sales,-2738.0,Yes,Yes,No,,,,
20260703,1493,Sales,ccde5e46-22b1-4fd7-8009-ffe387e3e86a-000079c3,31171,56644,04 GHEE COUNTER,,Yes,04 GHEE COUNTER,-46626.6,Yes,Yes,No,,,,
20260703,1494,Sales,ccde5e46-22b1-4fd7-8009-ffe387e3e86a-000079fa,31226,57044,01   Yash Morning  Milk Counter,,Yes,01   Yash Morning  Milk Counter,2804.6,Yes,Yes,No,,,,
20260703,1495,Sales,ccde5e46-22b1-4fd7-8009-ffe387e3e86a-00007a05,31237,57117,08  Wadgaonkar  Sales,,Yes,08  Wadgaonkar  Sales,-960.0,Yes,Yes,No,,,,
20260703,1496,Sales,ccde5e46-22b1-4fd7-8009-ffe387e3e86a-00007a06,31238,57118,09   Pandurang  Sales,,Yes,09   Pandurang  Sales,-1440.0,Yes,Yes,No,,,,
20260703,1497,Sales,ccde5e46-22b1-4fd7-8009-ffe387e3e86a-00007a2c,31276,57177,08  Wadgaonkar  Sales,,Yes,08  Wadgaonkar  Sales,-640.0,Yes,Yes,No,,,,
20260703,1498,Sales,ccde5e46-22b1-4fd7-8009-ffe387e3e86a-00007a49,31305,57271,08  Wadgaonkar  Sales,,Yes,08  Wadgaonkar  Sales,3997.0,Yes,Yes,No,,,,
20260703,1499,Sales,ccde5e46-22b1-4fd7-8009-ffe387e3e86a-00007a4a,31306,57272,09   Pandurang  Sales,,Yes,09   Pandurang  Sales,663.0,Yes,Yes,No,,,,
20260703,1500,Sales,ccde5e46-22b1-4fd7-8009-ffe387e3e86a-00007a4b,31307,57273,02 Rsa Afternoon Milk Counter,,Yes,02 Rsa Afternoon Milk Counter,5973.8,Yes,Yes,No,,,,
20260703,1501,Sales,ccde5e46-22b1-4fd7-8009-ffe387e3e86a-00007fc7,32711,60159,06  BULK  SALE,13933,Yes,06  BULK  SALE,-26871.5,Yes,Yes,No,,,,
20260703,1502,Sales,ccde5e46-22b1-4fd7-8009-ffe387e3e86a-00007fcd,32717,60165,04 GHEE COUNTER,13935,Yes,04 GHEE COUNTER,-98430.64,Yes,Yes,No,,,,
20260703,1503,Sales,ccde5e46-22b1-4fd7-8009-ffe387e3e86a-0000814b,33099,60666,04 GHEE COUNTER,13935,Yes,04 GHEE COUNTER,-101386.64,Yes,Yes,No,,,,
20260703,1504,Sales,ccde5e46-22b1-4fd7-8009-ffe387e3e86a-00008161,33121,60693,04 GHEE COUNTER,,Yes,04 GHEE COUNTER,-53341.48,Yes,Yes,No,,,,
20260703,1505,Sales,ccde5e46-22b1-4fd7-8009-ffe387e3e86a-00008164,33124,60696,04 GHEE COUNTER,13936,Yes,04 GHEE COUNTER,-664.8,Yes,Yes,No,,,,
20260703,1506,Sales,ccde5e46-22b1-4fd7-8009-ffe387e3e86a-00008167,33127,60699,08  Wadgaonkar  Sales,14335,Yes,08  Wadgaonkar  Sales,-320.0,Yes,Yes,No,,,,
20260703,1507,Sales,ccde5e46-22b1-4fd7-8009-ffe387e3e86a-0000816d,33133,60705,04 GHEE COUNTER,13948,Yes,04 GHEE COUNTER,-6916.8,Yes,Yes,No,,,,
20260703,1508,Sales,ccde5e46-22b1-4fd7-8009-ffe387e3e86a-00008191,33169,60986,09   Pandurang  Sales,14358,Yes,09   Pandurang  Sales,-2343.0,Yes,Yes,No,,,,
20260703,1509,Sales,ccde5e46-22b1-4fd7-8009-ffe387e3e86a-000081a8,33192,61009,04 GHEE COUNTER,13956,Yes,04 GHEE COUNTER,-42854.4,Yes,Yes,No,,,,
20260703,1510,Sales,ccde5e46-22b1-4fd7-8009-ffe387e3e86a-000081ad,33197,61014,04 GHEE COUNTER,13961,Yes,04 GHEE COUNTER,-1332.24,Yes,Yes,No,,,,
20260703,1511,Sales,ccde5e46-22b1-4fd7-8009-ffe387e3e86a-000081b1,33201,61018,04 GHEE COUNTER,13962,Yes,04 GHEE COUNTER,2143.2,Yes,Yes,No,,,,
20260704,1512,Sales,ccde5e46-22b1-4fd7-8009-ffe387e3e86a-00007a4e,31310,57276,HOTEL LADLI,,Yes,HOTEL LADLI,-640.0,Yes,Yes,No,,,,
20260704,1513,Sales,ccde5e46-22b1-4fd7-8009-ffe387e3e86a-00007a4f,31311,57277,THE VEGAN  HOTEL,,Yes,THE VEGAN  HOTEL,-3290.0,Yes,Yes,No,,,,
20260704,1513,Sales,ccde5e46-22b1-4fd7-8009-ffe387e3e86a-00007a4f,31311,57277,THE VEGAN  HOTEL,,Yes,Transport,170.0,No,No,No,,,,
20260704,1514,Sales,ccde5e46-22b1-4fd7-8009-ffe387e3e86a-00007a5c,31324,57290,12  ATM  A,,Yes,12  ATM  A,6325.8,Yes,Yes,No,,,,
20260704,1515,Sales,ccde5e46-22b1-4fd7-8009-ffe387e3e86a-00007ab2,31410,57632,09   Pandurang  Sales,13974,Yes,09   Pandurang  Sales,-7344.0,Yes,Yes,No,,,,
20260704,1516,Sales,ccde5e46-22b1-4fd7-8009-ffe387e3e86a-00007ab3,31411,57633,01   Yash Morning  Milk Counter,,Yes,01   Yash Morning  Milk Counter,2985.5,Yes,Yes,No,,,,
20260704,1517,Sales,ccde5e46-22b1-4fd7-8009-ffe387e3e86a-00007ab5,31413,57635,01   Yash Morning  Milk Counter,,Yes,01   Yash Morning  Milk Counter,-1673.0,Yes,Yes,No,,,,
20260704,1518,Sales,ccde5e46-22b1-4fd7-8009-ffe387e3e86a-00007ac6,31430,57778,09   Pandurang  Sales,,Yes,09   Pandurang  Sales,-320.0,Yes,Yes,No,,,,
20260704,1519,Sales,ccde5e46-22b1-4fd7-8009-ffe387e3e86a-00007ac9,31433,57782,02 Rsa Afternoon Milk Counter,,Yes,02 Rsa Afternoon Milk Counter,-8091.6,Yes,Yes,No,,,,
20260704,1520,Sales,ccde5e46-22b1-4fd7-8009-ffe387e3e86a-00007aca,31434,57783,02 Rsa Afternoon Milk Counter,,Yes,02 Rsa Afternoon Milk Counter,-4480.0,Yes,Yes,No,,,,
20260704,1521,Sales,ccde5e46-22b1-4fd7-8009-ffe387e3e86a-00007ae0,31456,57805,02 Rsa Afternoon Milk Counter,,Yes,02 Rsa Afternoon Milk Counter,3065.4,Yes,Yes,No,,,,
20260704,1522,Sales,ccde5e46-22b1-4fd7-8009-ffe387e3e86a-00007ae1,31457,57886,09   Pandurang  Sales,13983,Yes,09   Pandurang  Sales,987.0,Yes,Yes,No,,,,
20260704,1523,Sales,ccde5e46-22b1-4fd7-8009-ffe387e3e86a-0000800f,32783,60267,06  BULK  SALE,13969,Yes,06  BULK  SALE,-6859.0,Yes,Yes,No,,,,
20260704,1524,Sales,ccde5e46-22b1-4fd7-8009-ffe387e3e86a-00008010,32784,60268,06  BULK  SALE,13983,Yes,06  BULK  SALE,-865.5,Yes,Yes,No,,,,
20260704,1525,Sales,ccde5e46-22b1-4fd7-8009-ffe387e3e86a-000081ba,33210,61045,04 GHEE COUNTER,13971,Yes,04 GHEE COUNTER,-51387.6,Yes,Yes,No,,,,
20260705,1526,Sales,ccde5e46-22b1-4fd7-8009-ffe387e3e86a-00007aec,31468,57817,HOTEL LADLI,,Yes,HOTEL LADLI,-640.0,Yes,Yes,No,,,,
20260705,1527,Sales,ccde5e46-22b1-4fd7-8009-ffe387e3e86a-00007b04,31492,57885,09   Pandurang  Sales,,Yes,09   Pandurang  Sales,-16288.0,Yes,Yes,No,,,,
20260705,1528,Sales,ccde5e46-22b1-4fd7-8009-ffe387e3e86a-00007b19,31513,57969,THE VEGAN  HOTEL,,Yes,THE VEGAN  HOTEL,-3290.0,Yes,Yes,No,,,,
20260705,1528,Sales,ccde5e46-22b1-4fd7-8009-ffe387e3e86a-00007b19,31513,57969,THE VEGAN  HOTEL,,Yes,Transport,170.0,No,No,No,,,,
20260705,1529,Sales,ccde5e46-22b1-4fd7-8009-ffe387e3e86a-00007b3b,31547,58124,09   Pandurang  Sales,14004,Yes,09   Pandurang  Sales,-640.0,Yes,Yes,No,,,,
20260705,1530,Sales,ccde5e46-22b1-4fd7-8009-ffe387e3e86a-00007b52,31570,58177,01   Yash Morning  Milk Counter,,Yes,01   Yash Morning  Milk Counter,842.0,Yes,Yes,No,,,,
20260705,1531,Sales,ccde5e46-22b1-4fd7-8009-ffe387e3e86a-00007b54,31572,58179,09   Pandurang  Sales,14004,Yes,09   Pandurang  Sales,-1350.0,Yes,Yes,No,,,,
20260705,1532,Sales,ccde5e46-22b1-4fd7-8009-ffe387e3e86a-00007b55,31573,58180,09   Pandurang  Sales,13999,Yes,09   Pandurang  Sales,-480.0,Yes,Yes,No,,,,
20260705,1533,Sales,ccde5e46-22b1-4fd7-8009-ffe387e3e86a-00007b00,31488,58192,08  Wadgaonkar  Sales,13997,Yes,08  Wadgaonkar  Sales,-7184.0,Yes,Yes,No,,,,
20260705,1534,Sales,ccde5e46-22b1-4fd7-8009-ffe387e3e86a-00007b69,31593,58203,09   Pandurang  Sales,14007,Yes,09   Pandurang  Sales,-948.0,Yes,Yes,No,,,,
20260705,1535,Sales,ccde5e46-22b1-4fd7-8009-ffe387e3e86a-00007b6f,31599,58209,08  Wadgaonkar  Sales,14008,Yes,08  Wadgaonkar  Sales,1540.0,Yes,Yes,No,,,,
20260705,1536,Sales,ccde5e46-22b1-4fd7-8009-ffe387e3e86a-00007b74,31604,58214,02 Rsa Afternoon Milk Counter,,Yes,02 Rsa Afternoon Milk Counter,733.2,Yes,Yes,No,,,,
20260705,1537,Sales,ccde5e46-22b1-4fd7-8009-ffe387e3e86a-000081ce,33230,61065,04 GHEE COUNTER,14001,Yes,04 GHEE COUNTER,-54767.2,Yes,Yes,No,,,,
20260705,1538,Sales,ccde5e46-22b1-4fd7-8009-ffe387e3e86a-000081d3,33235,61070,04 GHEE COUNTER,14005,Yes,04 GHEE COUNTER,1200.0,Yes,Yes,No,,,,
20260706,1539,Sales,ccde5e46-22b1-4fd7-8009-ffe387e3e86a-00007b75,31605,58215,HOTEL LADLI,,Yes,HOTEL LADLI,-640.0,Yes,Yes,No,,,,
20260706,1540,Sales,ccde5e46-22b1-4fd7-8009-ffe387e3e86a-00007b76,31606,58216,THE VEGAN  HOTEL,,Yes,THE VEGAN  HOTEL,-3290.0,Yes,Yes,No,,,,
20260706,1540,Sales,ccde5e46-22b1-4fd7-8009-ffe387e3e86a-00007b76,31606,58216,THE VEGAN  HOTEL,,Yes,Transport,170.0,No,No,No,,,,
20260706,1541,Sales,ccde5e46-22b1-4fd7-8009-ffe387e3e86a-00007b84,31620,58230,09   Pandurang  Sales,,Yes,09   Pandurang  Sales,-7184.0,Yes,Yes,No,,,,
20260706,1544,Sales,ccde5e46-22b1-4fd7-8009-ffe387e3e86a-00007bdf,31711,58402,09   Pandurang  Sales,14025,Yes,09   Pandurang  Sales,-225.0,Yes,Yes,No,,,,
20260706,1545,Sales,ccde5e46-22b1-4fd7-8009-ffe387e3e86a-00007be0,31712,58403,06  BULK  SALE,13933,Yes,06  BULK  SALE,3258.1,Yes,Yes,No,,,,
20260706,1546,Sales,ccde5e46-22b1-4fd7-8009-ffe387e3e86a-00007be5,31717,58408,06  BULK  SALE,13969,Yes,06  BULK  SALE,-7152.0,Yes,Yes,No,,,,
20260706,1546,Sales,ccde5e46-22b1-4fd7-8009-ffe387e3e86a-00007be5,31717,58408,06  BULK  SALE,13969,Yes,Advance,0.0,No,No,No,,,,
20260706,1547,Sales,ccde5e46-22b1-4fd7-8009-ffe387e3e86a-00007be7,31719,58410,06  BULK  SALE,13993,Yes,06  BULK  SALE,-16378.58,Yes,Yes,No,,,,
20260706,1548,Sales,ccde5e46-22b1-4fd7-8009-ffe387e3e86a-00007bf5,31733,58424,09   Pandurang  Sales,,Yes,09   Pandurang  Sales,1783.0,Yes,Yes,No,,,,
20260706,1549,Sales,ccde5e46-22b1-4fd7-8009-ffe387e3e86a-00007bf7,31735,58426,02 Rsa Afternoon Milk Counter,,Yes,02 Rsa Afternoon Milk Counter,1285.8,Yes,Yes,No,,,,
20260706,1550,Sales,ccde5e46-22b1-4fd7-8009-ffe387e3e86a-00008025,32805,60289,06  BULK  SALE,14017,Yes,06  BULK  SALE,-12429.4,Yes,Yes,No,,,,
20260706,1551,Sales,ccde5e46-22b1-4fd7-8009-ffe387e3e86a-000081e7,33255,61090,04 GHEE COUNTER,14019,Yes,04 GHEE COUNTER,-25752.0,Yes,Yes,No,,,,
20260706,1552,Sales,ccde5e46-22b1-4fd7-8009-ffe387e3e86a-000081e8,33256,61091,04 GHEE COUNTER,14028,Yes,04 GHEE COUNTER,-20074.4,Yes,Yes,No,,,,
20260706,1553,Sales,ccde5e46-22b1-4fd7-8009-ffe387e3e86a-000081e9,33257,61092,04 GHEE COUNTER,14026,Yes,04 GHEE COUNTER,-187.44,Yes,Yes,No,,,,
20260707,1554,Sales,ccde5e46-22b1-4fd7-8009-ffe387e3e86a-00007c0e,31758,58449,09   Pandurang  Sales,,Yes,09   Pandurang  Sales,-3196.0,Yes,Yes,No,,,,
20260707,1555,Sales,ccde5e46-22b1-4fd7-8009-ffe387e3e86a-00007c26,31782,58473,THE VEGAN  HOTEL,,Yes,THE VEGAN  HOTEL,-3290.0,Yes,Yes,No,,,,
20260707,1555,Sales,ccde5e46-22b1-4fd7-8009-ffe387e3e86a-00007c26,31782,58473,THE VEGAN  HOTEL,,Yes,Transport,170.0,No,No,No,,,,
20260707,1556,Sales,ccde5e46-22b1-4fd7-8009-ffe387e3e86a-00007c29,31785,58476,HOTEL LADLI,,Yes,HOTEL LADLI,-640.0,Yes,Yes,No,,,,
20260707,1557,Sales,ccde5e46-22b1-4fd7-8009-ffe387e3e86a-00007c43,31811,58506,01   Yash Morning  Milk Counter,,Yes,01   Yash Morning  Milk Counter,-3276.0,Yes,Yes,No,,,,
20260707,1558,Sales,ccde5e46-22b1-4fd7-8009-ffe387e3e86a-00007c44,31812,58507,01   Yash Morning  Milk Counter,,Yes,01   Yash Morning  Milk Counter,-1729.0,Yes,Yes,No,,,,
20260707,1559,Sales,ccde5e46-22b1-4fd7-8009-ffe387e3e86a-00007c46,31814,58509,01   Yash Morning  Milk Counter,,Yes,01   Yash Morning  Milk Counter,2044.8,Yes,Yes,No,,,,
20260707,1560,Sales,ccde5e46-22b1-4fd7-8009-ffe387e3e86a-00007c52,31826,58523,06  BULK  SALE,14017,Yes,06  BULK  SALE,-11670.4,Yes,Yes,No,,,,
20260707,1561,Sales,ccde5e46-22b1-4fd7-8009-ffe387e3e86a-00007c59,31833,58570,06  BULK  SALE,14041,Yes,06  BULK  SALE,-2069.5,Yes,Yes,No,,,,
20260707,1562,Sales,ccde5e46-22b1-4fd7-8009-ffe387e3e86a-00007c5a,31834,58571,09   Pandurang  Sales,14043,Yes,09   Pandurang  Sales,-300.0,Yes,Yes,No,,,,
20260707,1563,Sales,ccde5e46-22b1-4fd7-8009-ffe387e3e86a-00007c63,31843,58580,09   Pandurang  Sales,14049,Yes,09   Pandurang  Sales,-800.0,Yes,Yes,No,,,,
20260707,1564,Sales,ccde5e46-22b1-4fd7-8009-ffe387e3e86a-00007c64,31844,58581,06  BULK  SALE,14048,Yes,06  BULK  SALE,-1150.0,Yes,Yes,No,,,,
20260707,1565,Sales,ccde5e46-22b1-4fd7-8009-ffe387e3e86a-00007c6a,31850,58587,09   Pandurang  Sales,14049,Yes,09   Pandurang  Sales,-784.0,Yes,Yes,No,,,,
20260707,1566,Sales,ccde5e46-22b1-4fd7-8009-ffe387e3e86a-00007c6c,31852,58589,09   Pandurang  Sales,14058,Yes,09   Pandurang  Sales,794.0,Yes,Yes,No,,,,
20260707,1567,Sales,ccde5e46-22b1-4fd7-8009-ffe387e3e86a-00007c7d,31869,58607,02 Rsa Afternoon Milk Counter,,Yes,02 Rsa Afternoon Milk Counter,3710.8,Yes,Yes,No,,,,
20260707,1568,Sales,ccde5e46-22b1-4fd7-8009-ffe387e3e86a-00008209,33289,61124,04 GHEE COUNTER,14043,Yes,04 GHEE COUNTER,-79392.4,Yes,Yes,No,,,,
20260707,1569,Sales,ccde5e46-22b1-4fd7-8009-ffe387e3e86a-0000820b,33291,61126,04 GHEE COUNTER,14050,Yes,04 GHEE COUNTER,-11475.2,Yes,Yes,No,,,,
20260707,1570,Sales,ccde5e46-22b1-4fd7-8009-ffe387e3e86a-0000820d,33293,61128,04 GHEE COUNTER,14053,Yes,04 GHEE COUNTER,1062000.0,Yes,Yes,No,,,,
20260707,1571,Sales,ccde5e46-22b1-4fd7-8009-ffe387e3e86a-00008226,33318,61153,04 GHEE COUNTER,14055,Yes,04 GHEE COUNTER,-1229.2,Yes,Yes,No,,,,
20260708,1572,Sales,ccde5e46-22b1-4fd7-8009-ffe387e3e86a-00007c7f,31871,58609,HOTEL LADLI,,Yes,HOTEL LADLI,-640.0,Yes,Yes,No,,,,
20260708,1573,Sales,ccde5e46-22b1-4fd7-8009-ffe387e3e86a-00007c80,31872,58610,THE VEGAN  HOTEL,,Yes,THE VEGAN  HOTEL,-3290.0,Yes,Yes,No,,,,
20260708,1573,Sales,ccde5e46-22b1-4fd7-8009-ffe387e3e86a-00007c80,31872,58610,THE VEGAN  HOTEL,,Yes,Transport,170.0,No,No,No,,,,
20260708,1574,Sales,ccde5e46-22b1-4fd7-8009-ffe387e3e86a-00007cce,31950,58882,01   Yash Morning  Milk Counter,,Yes,01   Yash Morning  Milk Counter,2692.38,Yes,Yes,No,,,,
20260708,1575,Sales,ccde5e46-22b1-4fd7-8009-ffe387e3e86a-00007cd0,31952,58981,08  Wadgaonkar  Sales,14069,Yes,08  Wadgaonkar  Sales,-6304.0,Yes,Yes,No,,,,
20260708,1576,Sales,ccde5e46-22b1-4fd7-8009-ffe387e3e86a-00007cd7,31959,58897,09   Pandurang  Sales,14068,Yes,09   Pandurang  Sales,-2848.0,Yes,Yes,No,,,,
20260708,1577,Sales,ccde5e46-22b1-4fd7-8009-ffe387e3e86a-00007ce3,31971,58912,13  ATM   B,,Yes,13  ATM   B,5000.0,Yes,Yes,No,,,,
20260708,1578,Sales,ccde5e46-22b1-4fd7-8009-ffe387e3e86a-00007d03,32003,58974,02 Rsa Afternoon Milk Counter,,Yes,02 Rsa Afternoon Milk Counter,1775.4,Yes,Yes,No,,,,
20260708,1579,Sales,ccde5e46-22b1-4fd7-8009-ffe387e3e86a-00007d0c,32012,58986,09   Pandurang  Sales,1407,Yes,09   Pandurang  Sales,-39.0,Yes,Yes,No,,,,
20260708,1580,Sales,ccde5e46-22b1-4fd7-8009-ffe387e3e86a-00007d0f,32015,58989,08  Wadgaonkar  Sales,14081,Yes,08  Wadgaonkar  Sales,873.0,Yes,Yes,No,,,,
20260708,1581,Sales,ccde5e46-22b1-4fd7-8009-ffe387e3e86a-00008035,32821,60308,06  BULK  SALE,14965,Yes,06  BULK  SALE,-2988.0,Yes,Yes,No,,,,
20260708,1582,Sales,ccde5e46-22b1-4fd7-8009-ffe387e3e86a-00008233,33331,61166,04 GHEE COUNTER,14075,Yes,04 GHEE COUNTER,-8100.0,Yes,Yes,No,,,,
20260708,1583,Sales,ccde5e46-22b1-4fd7-8009-ffe387e3e86a-00008241,33345,61180,04 GHEE COUNTER,14067,Yes,04 GHEE COUNTER,-5488.8,Yes,Yes,No,,,,
20260708,1584,Sales,ccde5e46-22b1-4fd7-8009-ffe387e3e86a-00008242,33346,61181,04 GHEE COUNTER,14073,Yes,04 GHEE COUNTER,-28457.2,Yes,Yes,No,,,,
20260708,1585,Sales,ccde5e46-22b1-4fd7-8009-ffe387e3e86a-00008244,33348,61183,04 GHEE COUNTER,14082,Yes,04 GHEE COUNTER,396.0,Yes,Yes,No,,,,
20260708,1586,Sales,ccde5e46-22b1-4fd7-8009-ffe387e3e86a-0000824e,33358,61193,04 GHEE COUNTER,14091,Yes,04 GHEE COUNTER,-10989.6,Yes,Yes,No,,,,
20260708,1587,Sales,ccde5e46-22b1-4fd7-8009-ffe387e3e86a-00008250,33360,61195,04 GHEE COUNTER,14097,Yes,04 GHEE COUNTER,1024.4,Yes,Yes,No,,,,
20260708,1588,Sales,ccde5e46-22b1-4fd7-8009-ffe387e3e86a-00008251,33361,61196,04 GHEE COUNTER,14103,Yes,04 GHEE COUNTER,-3708.0,Yes,Yes,No,,,,
20260708,1589,Sales,ccde5e46-22b1-4fd7-8009-ffe387e3e86a-00008253,33363,61198,04 GHEE COUNTER,14103,Yes,04 GHEE COUNTER,-3708.0,Yes,Yes,No,,,,
20260709,1590,Sales,ccde5e46-22b1-4fd7-8009-ffe387e3e86a-00007d07,32007,58978,HOTEL LADLI,,Yes,HOTEL LADLI,-640.0,Yes,Yes,No,,,,
20260709,1591,Sales,ccde5e46-22b1-4fd7-8009-ffe387e3e86a-00007850,30800,58980,THE VEGAN  HOTEL,,Yes,THE VEGAN  HOTEL,-3290.0,Yes,Yes,No,,,,
20260709,1591,Sales,ccde5e46-22b1-4fd7-8009-ffe387e3e86a-00007850,30800,58980,THE VEGAN  HOTEL,,Yes,Transport,170.0,No,No,No,,,,
20260709,1592,Sales,ccde5e46-22b1-4fd7-8009-ffe387e3e86a-00007d0a,32010,58984,01   Yash Morning  Milk Counter,,Yes,01   Yash Morning  Milk Counter,1848.0,Yes,Yes,No,,,,
20260709,1593,Sales,ccde5e46-22b1-4fd7-8009-ffe387e3e86a-00007d19,32025,58999,09   Pandurang  Sales,14092,Yes,09   Pandurang  Sales,-1718.0,Yes,Yes,No,,,,
20260709,1594,Sales,ccde5e46-22b1-4fd7-8009-ffe387e3e86a-00007d37,32055,59034,08  Wadgaonkar  Sales,14098,Yes,08  Wadgaonkar  Sales,-5414.0,Yes,Yes,No,,,,
20260709,1595,Sales,ccde5e46-22b1-4fd7-8009-ffe387e3e86a-00007d6d,32109,59132,01   Yash Morning  Milk Counter,,Yes,01   Yash Morning  Milk Counter,813.4,Yes,Yes,No,,,,
20260709,1596,Sales,ccde5e46-22b1-4fd7-8009-ffe387e3e86a-00007d72,32114,59157,08  Wadgaonkar  Sales,14096,Yes,08  Wadgaonkar  Sales,536.0,Yes,Yes,No,,,,
20260709,1597,Sales,ccde5e46-22b1-4fd7-8009-ffe387e3e86a-00007d73,32115,59158,09   Pandurang  Sales,14105,Yes,09   Pandurang  Sales,-600.0,Yes,Yes,No,,,,
20260709,1598,Sales,ccde5e46-22b1-4fd7-8009-ffe387e3e86a-00007d77,32119,59190,09   Pandurang  Sales,14105-1,Yes,09   Pandurang  Sales,-784.0,Yes,Yes,No,,,,
20260709,1599,Sales,ccde5e46-22b1-4fd7-8009-ffe387e3e86a-00007d94,32148,59285,13  ATM   B,,Yes,13  ATM   B,1939.08,Yes,Yes,No,,,,
20260709,1600,Sales,ccde5e46-22b1-4fd7-8009-ffe387e3e86a-00007d95,32149,59286,02 Rsa Afternoon Milk Counter,,Yes,02 Rsa Afternoon Milk Counter,2774.64,Yes,Yes,No,,,,
20260709,1601,Sales,ccde5e46-22b1-4fd7-8009-ffe387e3e86a-00007da6,32166,59364,02 Rsa Afternoon Milk Counter,,Yes,02 Rsa Afternoon Milk Counter,692.64,Yes,Yes,No,,,,
20260709,1602,Sales,ccde5e46-22b1-4fd7-8009-ffe387e3e86a-00007da2,32162,59360,09   Pandurang  Sales,14080,Yes,09   Pandurang  Sales,425.0,Yes,Yes,No,,,,
20260709,1603,Sales,ccde5e46-22b1-4fd7-8009-ffe387e3e86a-00007da5,32165,59363,09   Pandurang  Sales,14110,Yes,09   Pandurang  Sales,-880.0,Yes,Yes,No,,,,
20260709,1604,Sales,ccde5e46-22b1-4fd7-8009-ffe387e3e86a-00007da8,32168,59366,06  BULK  SALE,14089,Yes,06  BULK  SALE,-9794.78,Yes,Yes,No,,,,
20260709,1605,Sales,ccde5e46-22b1-4fd7-8009-ffe387e3e86a-0000803d,32829,60317,06  BULK  SALE,14080,Yes,06  BULK  SALE,-10956.42,Yes,Yes,No,,,,
20260709,1606,Sales,ccde5e46-22b1-4fd7-8009-ffe387e3e86a-00008268,33384,61219,06  BULK  SALE,14105,Yes,06  BULK  SALE,-30114.0,Yes,Yes,No,,,,
20260709,1607,Sales,ccde5e46-22b1-4fd7-8009-ffe387e3e86a-00008269,33385,61220,04 GHEE COUNTER,14111,Yes,04 GHEE COUNTER,-21837.6,Yes,Yes,No,,,,
20260709,1608,Sales,ccde5e46-22b1-4fd7-8009-ffe387e3e86a-0000826b,33387,61222,04 GHEE COUNTER,14108,Yes,04 GHEE COUNTER,-1882.8,Yes,Yes,No,,,,
20260709,1609,Sales,ccde5e46-22b1-4fd7-8009-ffe387e3e86a-00008274,33396,61231,09   Pandurang  Sales,9610,Yes,09   Pandurang  Sales,-666.0,Yes,Yes,No,,,,
20260709,1610,Sales,ccde5e46-22b1-4fd7-8009-ffe387e3e86a-000083a0,33696,61600,04 GHEE COUNTER,14106,Yes,04 GHEE COUNTER,-30114.0,Yes,Yes,No,,,,
20260710,1611,Sales,ccde5e46-22b1-4fd7-8009-ffe387e3e86a-00007dab,32171,59369,HOTEL LADLI,,Yes,HOTEL LADLI,-640.0,Yes,Yes,No,,,,
20260710,1612,Sales,ccde5e46-22b1-4fd7-8009-ffe387e3e86a-00007db8,32184,59382,08  Wadgaonkar  Sales,14123,Yes,08  Wadgaonkar  Sales,-5984.0,Yes,Yes,No,,,,
20260710,1613,Sales,ccde5e46-22b1-4fd7-8009-ffe387e3e86a-00007db9,32185,59383,09   Pandurang  Sales,14120,Yes,09   Pandurang  Sales,-2318.0,Yes,Yes,No,,,,
20260710,1614,Sales,ccde5e46-22b1-4fd7-8009-ffe387e3e86a-00007df6,32246,59444,01   Yash Morning  Milk Counter,,Yes,01   Yash Morning  Milk Counter,2104.3,Yes,Yes,No,,,,
20260710,1615,Sales,ccde5e46-22b1-4fd7-8009-ffe387e3e86a-00007e00,32256,59574,09   Pandurang  Sales,14132,Yes,09   Pandurang  Sales,-520.0,Yes,Yes,No,,,,
20260710,1616,Sales,ccde5e46-22b1-4fd7-8009-ffe387e3e86a-00007e05,32261,59604,08  Wadgaonkar  Sales,14141,Yes,08  Wadgaonkar  Sales,-400.0,Yes,Yes,No,,,,
20260710,1617,Sales,ccde5e46-22b1-4fd7-8009-ffe387e3e86a-00007e07,32263,59606,13  ATM   B,,Yes,13  ATM   B,2823.6,Yes,Yes,No,,,,
20260710,1618,Sales,ccde5e46-22b1-4fd7-8009-ffe387e3e86a-00007e0e,32270,59613,06  BULK  SALE,1419,Yes,06  BULK  SALE,-15477.4,Yes,Yes,No,,,,
20260710,1619,Sales,ccde5e46-22b1-4fd7-8009-ffe387e3e86a-00007e11,32273,59616,09   Pandurang  Sales,14140,Yes,09   Pandurang  Sales,459.0,Yes,Yes,No,,,,
20260710,1620,Sales,ccde5e46-22b1-4fd7-8009-ffe387e3e86a-00007e16,32278,59621,08  Wadgaonkar  Sales,14137,Yes,08  Wadgaonkar  Sales,844.0,Yes,Yes,No,,,,
20260710,1621,Sales,ccde5e46-22b1-4fd7-8009-ffe387e3e86a-00007e1c,32284,59627,02 Rsa Afternoon Milk Counter,,Yes,02 Rsa Afternoon Milk Counter,2899.4,Yes,Yes,No,,,,
20260710,1622,Sales,ccde5e46-22b1-4fd7-8009-ffe387e3e86a-00007e1e,32286,59629,06  BULK  SALE,14137,Yes,06  BULK  SALE,-2444.5,Yes,Yes,No,,,,
20260710,1623,Sales,ccde5e46-22b1-4fd7-8009-ffe387e3e86a-00008055,32853,60343,06  BULK  SALE,14119,Yes,06  BULK  SALE,-17713.36,Yes,Yes,No,,,,
20260710,1624,Sales,ccde5e46-22b1-4fd7-8009-ffe387e3e86a-00008279,33401,61236,04 GHEE COUNTER,14121,Yes,04 GHEE COUNTER,-9563.2,Yes,Yes,No,,,,
20260710,1625,Sales,ccde5e46-22b1-4fd7-8009-ffe387e3e86a-0000827d,33405,61240,04 GHEE COUNTER,14135,Yes,04 GHEE COUNTER,-2612.4,Yes,Yes,No,,,,
20260710,1626,Sales,ccde5e46-22b1-4fd7-8009-ffe387e3e86a-0000827e,33406,61241,04 GHEE COUNTER,14139,Yes,04 GHEE COUNTER,-37098.16,Yes,Yes,No,,,,
20260710,1627,Sales,ccde5e46-22b1-4fd7-8009-ffe387e3e86a-00008280,33408,61243,04 GHEE COUNTER,14145,Yes,04 GHEE COUNTER,1356.0,Yes,Yes,No,,,,
20260710,1628,Sales,ccde5e46-22b1-4fd7-8009-ffe387e3e86a-00000422,1058,3730,Suprabhat Dairy  Phulambri,,Yes,Suprabhat Dairy  Phulambri,-90440.0,Yes,Yes,No,,,,
20260711,1629,Sales,ccde5e46-22b1-4fd7-8009-ffe387e3e86a-00007e26,32294,59637,HOTEL LADLI,,Yes,HOTEL LADLI,-640.0,Yes,Yes,No,,,,
20260711,1630,Sales,ccde5e46-22b1-4fd7-8009-ffe387e3e86a-00007e27,32295,59638,THE VEGAN  HOTEL,,Yes,THE VEGAN  HOTEL,-3290.0,Yes,Yes,No,,,,
20260711,1630,Sales,ccde5e46-22b1-4fd7-8009-ffe387e3e86a-00007e27,32295,59638,THE VEGAN  HOTEL,,Yes,Transport,170.0,No,No,No,,,,
20260711,1631,Sales,ccde5e46-22b1-4fd7-8009-ffe387e3e86a-00007e33,32307,59650,09   Pandurang  Sales,14155,Yes,09   Pandurang  Sales,-2638.0,Yes,Yes,No,,,,
20260711,1632,Sales,ccde5e46-22b1-4fd7-8009-ffe387e3e86a-00007e35,32309,59652,08  Wadgaonkar  Sales,14160,Yes,08  Wadgaonkar  Sales,-5904.0,Yes,Yes,No,,,,
20260711,1633,Sales,ccde5e46-22b1-4fd7-8009-ffe387e3e86a-00007e6c,32364,59731,09   Pandurang  Sales,14167,Yes,09   Pandurang  Sales,-1618.0,Yes,Yes,No,,,,
20260711,1634,Sales,ccde5e46-22b1-4fd7-8009-ffe387e3e86a-00007e86,32390,59784,09   Pandurang  Sales,14177,Yes,09   Pandurang  Sales,330.0,Yes,Yes,No,,,,
20260711,1635,Sales,ccde5e46-22b1-4fd7-8009-ffe387e3e86a-00007e87,32391,59785,09   Pandurang  Sales,14177-1,Yes,09   Pandurang  Sales,120.0,Yes,Yes,No,,,,
20260711,1636,Sales,ccde5e46-22b1-4fd7-8009-ffe387e3e86a-00007e8a,32394,59780,08  Wadgaonkar  Sales,14175,Yes,08  Wadgaonkar  Sales,-632.0,Yes,Yes,No,,,,
20260711,1637,Sales,ccde5e46-22b1-4fd7-8009-ffe387e3e86a-00007e8b,32395,59786,08  Wadgaonkar  Sales,14175,Yes,08  Wadgaonkar  Sales,80.0,Yes,Yes,No,,,,
20260711,1638,Sales,ccde5e46-22b1-4fd7-8009-ffe387e3e86a-00007e93,32403,59792,02 Rsa Afternoon Milk Counter,,Yes,02 Rsa Afternoon Milk Counter,4752.66,Yes,Yes,No,,,,
20260711,1639,Sales,ccde5e46-22b1-4fd7-8009-ffe387e3e86a-00007ec2,32450,59839,06  BULK  SALE,,Yes,06  BULK  SALE,-23605.54,Yes,Yes,No,,,,
20260711,1640,Sales,ccde5e46-22b1-4fd7-8009-ffe387e3e86a-00007ec4,32452,59841,06  BULK  SALE,14164,Yes,06  BULK  SALE,1640.5,Yes,Yes,No,,,,
20260711,1641,Sales,ccde5e46-22b1-4fd7-8009-ffe387e3e86a-00008058,32856,60346,06  BULK  SALE,14157,Yes,06  BULK  SALE,-15856.04,Yes,Yes,No,,,,
20260711,1642,Sales,ccde5e46-22b1-4fd7-8009-ffe387e3e86a-000080a5,32933,60428,06  BULK  SALE,14157,Yes,06  BULK  SALE,-23605.54,Yes,Yes,No,,,,
20260711,1643,Sales,ccde5e46-22b1-4fd7-8009-ffe387e3e86a-000082c1,33473,61310,04 GHEE COUNTER,14159,Yes,04 GHEE COUNTER,-4014.0,Yes,Yes,No,,,,
20260711,1644,Sales,ccde5e46-22b1-4fd7-8009-ffe387e3e86a-000082c2,33474,61311,04 GHEE COUNTER,14156,Yes,04 GHEE COUNTER,-9936.4,Yes,Yes,No,,,,
20260711,1645,Sales,ccde5e46-22b1-4fd7-8009-ffe387e3e86a-000082c3,33475,61312,04 GHEE COUNTER,14165,Yes,04 GHEE COUNTER,-40560.0,Yes,Yes,No,,,,
20260711,1646,Sales,ccde5e46-22b1-4fd7-8009-ffe387e3e86a-000082c4,33476,61313,04 GHEE COUNTER,14172,Yes,04 GHEE COUNTER,-15305.76,Yes,Yes,No,,,,
20260711,1647,Sales,ccde5e46-22b1-4fd7-8009-ffe387e3e86a-000082c7,33479,61316,04 GHEE COUNTER,14168,Yes,04 GHEE COUNTER,-4948.16,Yes,Yes,No,,,,
20260711,1648,Sales,ccde5e46-22b1-4fd7-8009-ffe387e3e86a-000082cb,33483,61320,04 GHEE COUNTER,14187,Yes,04 GHEE COUNTER,-11859.2,Yes,Yes,No,,,,
20260711,1649,Sales,ccde5e46-22b1-4fd7-8009-ffe387e3e86a-000082ce,33486,61323,04 GHEE COUNTER,14186,Yes,04 GHEE COUNTER,-20304.8,Yes,Yes,No,,,,
20260711,1650,Sales,ccde5e46-22b1-4fd7-8009-ffe387e3e86a-000082cf,33487,61324,04 GHEE COUNTER,14201,Yes,04 GHEE COUNTER,-14865.6,Yes,Yes,No,,,,
20260711,1651,Sales,ccde5e46-22b1-4fd7-8009-ffe387e3e86a-000082d0,33488,61325,04 GHEE COUNTER,14205,Yes,04 GHEE COUNTER,-5038.8,Yes,Yes,No,,,,
20260712,1652,Sales,ccde5e46-22b1-4fd7-8009-ffe387e3e86a-00007e96,32406,59902,HOTEL LADLI,,Yes,HOTEL LADLI,-640.0,Yes,Yes,No,,,,
20260712,1653,Sales,ccde5e46-22b1-4fd7-8009-ffe387e3e86a-00007e97,32407,59796,THE VEGAN  HOTEL,,Yes,THE VEGAN  HOTEL,-3290.0,Yes,Yes,No,,,,
20260712,1653,Sales,ccde5e46-22b1-4fd7-8009-ffe387e3e86a-00007e97,32407,59796,THE VEGAN  HOTEL,,Yes,Transport,170.0,No,No,No,,,,
20260712,1654,Sales,ccde5e46-22b1-4fd7-8009-ffe387e3e86a-00007e9c,32412,59801,06  BULK  SALE,14157,Yes,06  BULK  SALE,-5904.0,Yes,Yes,No,,,,
20260712,1655,Sales,ccde5e46-22b1-4fd7-8009-ffe387e3e86a-00007ea8,32424,59813,HOTEL LADLI,,Yes,HOTEL LADLI,-320.0,Yes,Yes,No,,,,
20260712,1656,Sales,ccde5e46-22b1-4fd7-8009-ffe387e3e86a-00007eb5,32437,59826,09   Pandurang  Sales,14190,Yes,09   Pandurang  Sales,-2038.0,Yes,Yes,No,,,,
20260712,1657,Sales,ccde5e46-22b1-4fd7-8009-ffe387e3e86a-00007eed,32493,59883,08  Wadgaonkar  Sales,14198,Yes,08  Wadgaonkar  Sales,-1220.0,Yes,Yes,No,,,,
20260712,1658,Sales,ccde5e46-22b1-4fd7-8009-ffe387e3e86a-00007eee,32494,59884,09   Pandurang  Sales,,Yes,09   Pandurang  Sales,-830.0,Yes,Yes,No,,,,
20260712,1659,Sales,ccde5e46-22b1-4fd7-8009-ffe387e3e86a-00007efb,32507,59897,08  Wadgaonkar  Sales,14204,Yes,08  Wadgaonkar  Sales,122.0,Yes,Yes,No,,,,
20260712,1660,Sales,ccde5e46-22b1-4fd7-8009-ffe387e3e86a-00007efd,32509,59899,09   Pandurang  Sales,14213,Yes,09   Pandurang  Sales,674.0,Yes,Yes,No,,,,
20260712,1661,Sales,ccde5e46-22b1-4fd7-8009-ffe387e3e86a-00007f00,32512,59903,02 Rsa Afternoon Milk Counter,,Yes,02 Rsa Afternoon Milk Counter,1725.0,Yes,Yes,No,,,,
20260712,1662,Sales,ccde5e46-22b1-4fd7-8009-ffe387e3e86a-000080be,32958,60505,06  BULK  SALE,14199,Yes,06  BULK  SALE,-12564.98,Yes,Yes,No,,,,
20260712,1663,Sales,ccde5e46-22b1-4fd7-8009-ffe387e3e86a-000082d3,33491,61328,04 GHEE COUNTER,nn,Yes,04 GHEE COUNTER,2221600.8,Yes,Yes,No,,,,
20260713,1664,Sales,ccde5e46-22b1-4fd7-8009-ffe387e3e86a-00007f02,32514,59905,HOTEL LADLI,,Yes,HOTEL LADLI,-640.0,Yes,Yes,No,,,,
20260713,1665,Sales,ccde5e46-22b1-4fd7-8009-ffe387e3e86a-00007f03,32515,59906,THE VEGAN  HOTEL,,Yes,THE VEGAN  HOTEL,-3290.0,Yes,Yes,No,,,,
20260713,1665,Sales,ccde5e46-22b1-4fd7-8009-ffe387e3e86a-00007f03,32515,59906,THE VEGAN  HOTEL,,Yes,Transport,170.0,No,No,No,,,,
20260713,1666,Sales,ccde5e46-22b1-4fd7-8009-ffe387e3e86a-00007f1b,32539,59942,09   Pandurang  Sales,14226,Yes,09   Pandurang  Sales,-5894.0,Yes,Yes,No,,,,
20260713,1667,Sales,ccde5e46-22b1-4fd7-8009-ffe387e3e86a-00007f55,32597,60016,01   Yash Morning  Milk Counter,,Yes,01   Yash Morning  Milk Counter,1881.8,Yes,Yes,No,,,,
20260713,1668,Sales,ccde5e46-22b1-4fd7-8009-ffe387e3e86a-00007f64,32612,60031,04 GHEE COUNTER,,Yes,04 GHEE COUNTER,-23830.0,Yes,Yes,No,,,,
20260713,1669,Sales,ccde5e46-22b1-4fd7-8009-ffe387e3e86a-00007f67,32615,60034,09   Pandurang  Sales,14235,Yes,09   Pandurang  Sales,336.0,Yes,Yes,No,,,,
20260713,1670,Sales,ccde5e46-22b1-4fd7-8009-ffe387e3e86a-00007f69,32617,60036,09   Pandurang  Sales,14232,Yes,09   Pandurang  Sales,-640.0,Yes,Yes,No,,,,
20260713,1671,Sales,ccde5e46-22b1-4fd7-8009-ffe387e3e86a-000080c9,32969,60516,06  BULK  SALE,,Yes,06  BULK  SALE,-21516.72,Yes,Yes,No,,,,
20260713,1672,Sales,ccde5e46-22b1-4fd7-8009-ffe387e3e86a-000080cd,32973,60520,06  BULK  SALE,14253,Yes,06  BULK  SALE,-13450.12,Yes,Yes,No,,,,
20260713,1673,Sales,ccde5e46-22b1-4fd7-8009-ffe387e3e86a-000082d8,33496,61333,04 GHEE COUNTER,14223,Yes,04 GHEE COUNTER,-45152.8,Yes,Yes,No,,,,
20260713,1674,Sales,ccde5e46-22b1-4fd7-8009-ffe387e3e86a-000082db,33499,61336,04 GHEE COUNTER,14231,Yes,04 GHEE COUNTER,-7884.0,Yes,Yes,No,,,,
20260714,1675,Sales,ccde5e46-22b1-4fd7-8009-ffe387e3e86a-00007f80,32640,60060,HOTEL LADLI,,Yes,HOTEL LADLI,-640.0,Yes,Yes,No,,,,
20260714,1676,Sales,ccde5e46-22b1-4fd7-8009-ffe387e3e86a-00007f8a,32650,60070,08  Wadgaonkar  Sales,,Yes,08  Wadgaonkar  Sales,-7380.0,Yes,Yes,No,,,,
20260714,1677,Sales,ccde5e46-22b1-4fd7-8009-ffe387e3e86a-00007f93,32659,60079,09   Pandurang  Sales,14261,Yes,09   Pandurang  Sales,-2118.0,Yes,Yes,No,,,,
20260714,1678,Sales,ccde5e46-22b1-4fd7-8009-ffe387e3e86a-00007fbc,32700,60148,01   Yash Morning  Milk Counter,,Yes,01   Yash Morning  Milk Counter,1560.0,Yes,Yes,No,,,,
20260714,1679,Sales,ccde5e46-22b1-4fd7-8009-ffe387e3e86a-00007fc0,32704,60152,08  Wadgaonkar  Sales,14257,Yes,08  Wadgaonkar  Sales,-540.0,Yes,Yes,No,,,,
20260714,1680,Sales,ccde5e46-22b1-4fd7-8009-ffe387e3e86a-00007fc1,32705,60153,09   Pandurang  Sales,14258,Yes,09   Pandurang  Sales,-2003.0,Yes,Yes,No,,,,
20260714,1681,Sales,ccde5e46-22b1-4fd7-8009-ffe387e3e86a-00007fdd,32733,60183,08  Wadgaonkar  Sales,14268,Yes,08  Wadgaonkar  Sales,817.0,Yes,Yes,No,,,,
20260714,1682,Sales,ccde5e46-22b1-4fd7-8009-ffe387e3e86a-00007fdf,32735,60185,09   Pandurang  Sales,14266,Yes,09   Pandurang  Sales,345.0,Yes,Yes,No,,,,
20260714,1683,Sales,ccde5e46-22b1-4fd7-8009-ffe387e3e86a-00007fe2,32738,60188,02 Rsa Afternoon Milk Counter,,Yes,02 Rsa Afternoon Milk Counter,1151.6,Yes,Yes,No,,,,
20260714,1684,Sales,ccde5e46-22b1-4fd7-8009-ffe387e3e86a-000080d2,32978,60525,06  BULK  SALE,14251,Yes,06  BULK  SALE,-20830.12,Yes,Yes,No,,,,
20260714,1685,Sales,ccde5e46-22b1-4fd7-8009-ffe387e3e86a-000080d3,32979,60526,01   Yash Morning  Milk Counter,,Yes,01   Yash Morning  Milk Counter,0.0,Yes,Yes,No,,,,
20260714,1686,Sales,ccde5e46-22b1-4fd7-8009-ffe387e3e86a-000082fb,33531,61406,04 GHEE COUNTER,14253,Yes,04 GHEE COUNTER,-28956.6,Yes,Yes,No,,,,
20260714,1687,Sales,ccde5e46-22b1-4fd7-8009-ffe387e3e86a-000082fc,33532,61407,04 GHEE COUNTER,14252,Yes,04 GHEE COUNTER,-7009.2,Yes,Yes,No,,,,
20260714,1688,Sales,ccde5e46-22b1-4fd7-8009-ffe387e3e86a-000082fd,33533,61408,04 GHEE COUNTER,14260,Yes,04 GHEE COUNTER,-20701.44,Yes,Yes,No,,,,
20260714,1689,Sales,ccde5e46-22b1-4fd7-8009-ffe387e3e86a-000082fe,33534,61409,04 GHEE COUNTER,14265,Yes,04 GHEE COUNTER,-16931.12,Yes,Yes,No,,,,
20260714,1690,Sales,ccde5e46-22b1-4fd7-8009-ffe387e3e86a-00008302,33538,61413,09   Pandurang  Sales,9632,Yes,09   Pandurang  Sales,401.0,Yes,Yes,No,,,,
20260715,1691,Sales,ccde5e46-22b1-4fd7-8009-ffe387e3e86a-00007fe4,32740,60191,HOTEL LADLI,,Yes,HOTEL LADLI,-640.0,Yes,Yes,No,,,,
20260715,1692,Sales,ccde5e46-22b1-4fd7-8009-ffe387e3e86a-00007fe5,32741,60192,THE VEGAN  HOTEL,,Yes,THE VEGAN  HOTEL,-3290.0,Yes,Yes,No,,,,
20260715,1692,Sales,ccde5e46-22b1-4fd7-8009-ffe387e3e86a-00007fe5,32741,60192,THE VEGAN  HOTEL,,Yes,Transport,170.0,No,No,No,,,,
20260715,1693,Sales,ccde5e46-22b1-4fd7-8009-ffe387e3e86a-00007ff0,32752,60203,08  Wadgaonkar  Sales,14279,Yes,08  Wadgaonkar  Sales,-7024.0,Yes,Yes,No,,,,
20260715,1694,Sales,ccde5e46-22b1-4fd7-8009-ffe387e3e86a-00008042,32834,60323,01   Yash Morning  Milk Counter,,Yes,01   Yash Morning  Milk Counter,3058.66,Yes,Yes,No,,,,
20260715,1695,Sales,ccde5e46-22b1-4fd7-8009-ffe387e3e86a-00008052,32850,60340,02 Rsa Afternoon Milk Counter,,Yes,02 Rsa Afternoon Milk Counter,-8269.8,Yes,Yes,No,,,,
20260715,1696,Sales,ccde5e46-22b1-4fd7-8009-ffe387e3e86a-00008053,32851,60341,02 Rsa Afternoon Milk Counter,,Yes,02 Rsa Afternoon Milk Counter,-2506.0,Yes,Yes,No,,,,
20260715,1697,Sales,ccde5e46-22b1-4fd7-8009-ffe387e3e86a-00008054,32852,60342,02 Rsa Afternoon Milk Counter,,Yes,02 Rsa Afternoon Milk Counter,-6146.4,Yes,Yes,No,,,,
20260715,1698,Sales,ccde5e46-22b1-4fd7-8009-ffe387e3e86a-0000805b,32859,60349,09   Pandurang  Sales,14282,Yes,09   Pandurang  Sales,-640.0,Yes,Yes,No,,,,
20260715,1699,Sales,ccde5e46-22b1-4fd7-8009-ffe387e3e86a-00008063,32867,60357,13  ATM   B,,Yes,13  ATM   B,1828.2,Yes,Yes,No,,,,
20260715,1700,Sales,ccde5e46-22b1-4fd7-8009-ffe387e3e86a-0000806c,32876,60366,02 Rsa Afternoon Milk Counter,,Yes,02 Rsa Afternoon Milk Counter,6318.2,Yes,Yes,No,,,,
20260715,1701,Sales,ccde5e46-22b1-4fd7-8009-ffe387e3e86a-00008077,32887,60377,08  Wadgaonkar  Sales,14233,Yes,08  Wadgaonkar  Sales,1291.0,Yes,Yes,No,,,,
20260715,1702,Sales,ccde5e46-22b1-4fd7-8009-ffe387e3e86a-0000808a,32906,60400,06  BULK  SALE,,Yes,06  BULK  SALE,1291.0,Yes,Yes,No,,,,
20260715,1703,Sales,ccde5e46-22b1-4fd7-8009-ffe387e3e86a-000080e2,32994,60541,06  BULK  SALE,,Yes,06  BULK  SALE,-20384.18,Yes,Yes,No,,,,
20260715,1704,Sales,ccde5e46-22b1-4fd7-8009-ffe387e3e86a-0000831a,33562,61437,04 GHEE COUNTER,14277,Yes,04 GHEE COUNTER,-12117.44,Yes,Yes,No,,,,
20260715,1705,Sales,ccde5e46-22b1-4fd7-8009-ffe387e3e86a-0000831c,33564,61439,04 GHEE COUNTER,14265,Yes,04 GHEE COUNTER,-15423.52,Yes,Yes,No,,,,
20260715,1706,Sales,ccde5e46-22b1-4fd7-8009-ffe387e3e86a-000083b1,33713,61617,04 GHEE COUNTER,14285,Yes,04 GHEE COUNTER,-37937.2,Yes,Yes,No,,,,
20260715,1707,Sales,ccde5e46-22b1-4fd7-8009-ffe387e3e86a-000083b3,33715,61619,04 GHEE COUNTER,,Yes,04 GHEE COUNTER,-4292.4,Yes,Yes,No,,,,
20260716,1708,Sales,ccde5e46-22b1-4fd7-8009-ffe387e3e86a-00008070,32880,60370,HOTEL LADLI,,Yes,HOTEL LADLI,-640.0,Yes,Yes,No,,,,
20260716,1709,Sales,ccde5e46-22b1-4fd7-8009-ffe387e3e86a-00008071,32881,60371,THE VEGAN  HOTEL,,Yes,THE VEGAN  HOTEL,-3290.0,Yes,Yes,No,,,,
20260716,1709,Sales,ccde5e46-22b1-4fd7-8009-ffe387e3e86a-00008071,32881,60371,THE VEGAN  HOTEL,,Yes,Transport,170.0,No,No,No,,,,
20260716,1710,Sales,ccde5e46-22b1-4fd7-8009-ffe387e3e86a-00008097,32919,60414,09   Pandurang  Sales,14302,Yes,09   Pandurang  Sales,-2190.0,Yes,Yes,No,,,,
20260716,1711,Sales,ccde5e46-22b1-4fd7-8009-ffe387e3e86a-000080d6,32982,60529,09   Pandurang  Sales,14307,Yes,09   Pandurang  Sales,-1458.0,Yes,Yes,No,,,,
20260716,1712,Sales,ccde5e46-22b1-4fd7-8009-ffe387e3e86a-000080e6,32998,60545,08  Wadgaonkar  Sales,14315,Yes,08  Wadgaonkar  Sales,1281.0,Yes,Yes,No,,,,
20260716,1713,Sales,ccde5e46-22b1-4fd7-8009-ffe387e3e86a-000080e8,33000,60547,09   Pandurang  Sales,14313,Yes,09   Pandurang  Sales,356.0,Yes,Yes,No,,,,
20260716,1714,Sales,ccde5e46-22b1-4fd7-8009-ffe387e3e86a-000080f1,33009,60556,01   Yash Morning  Milk Counter,,Yes,01   Yash Morning  Milk Counter,2507.0,Yes,Yes,No,,,,
20260716,1715,Sales,ccde5e46-22b1-4fd7-8009-ffe387e3e86a-000080f6,33014,60561,06  BULK  SALE,14299,Yes,06  BULK  SALE,-8970.0,Yes,Yes,No,,,,
20260716,1716,Sales,ccde5e46-22b1-4fd7-8009-ffe387e3e86a-000080f7,33015,60562,06  BULK  SALE,14309,Yes,06  BULK  SALE,-4892.0,Yes,Yes,No,,,,
20260716,1717,Sales,ccde5e46-22b1-4fd7-8009-ffe387e3e86a-000080f8,33016,60563,06  BULK  SALE,1415,Yes,06  BULK  SALE,-1134.5,Yes,Yes,No,,,,
20260716,1718,Sales,ccde5e46-22b1-4fd7-8009-ffe387e3e86a-000080f9,33017,60564,06  BULK  SALE,14313,Yes,06  BULK  SALE,-314.0,Yes,Yes,No,,,,
20260716,1719,Sales,ccde5e46-22b1-4fd7-8009-ffe387e3e86a-000083bb,33723,61627,04 GHEE COUNTER,14301,Yes,04 GHEE COUNTER,-57985.6,Yes,Yes,No,,,,
20260716,1720,Sales,ccde5e46-22b1-4fd7-8009-ffe387e3e86a-000083dd,33757,61661,04 GHEE COUNTER,14305,Yes,04 GHEE COUNTER,-12780.8,Yes,Yes,No,,,,
20260716,1721,Sales,ccde5e46-22b1-4fd7-8009-ffe387e3e86a-000083de,33758,61662,04 GHEE COUNTER,14312,Yes,04 GHEE COUNTER,18428.16,Yes,Yes,No,,,,
20260716,1722,Sales,ccde5e46-22b1-4fd7-8009-ffe387e3e86a-000083df,33759,61663,04 GHEE COUNTER,14311,Yes,04 GHEE COUNTER,-8185.2,Yes,Yes,No,,,,
20260717,1723,Sales,ccde5e46-22b1-4fd7-8009-ffe387e3e86a-0000810c,33036,60583,09   Pandurang  Sales,14328,Yes,09   Pandurang  Sales,-1918.0,Yes,Yes,No,,,,
20260717,1724,Sales,ccde5e46-22b1-4fd7-8009-ffe387e3e86a-0000814a,33098,60665,01   Yash Morning  Milk Counter,,Yes,01   Yash Morning  Milk Counter,2098.76,Yes,Yes,No,,,,
20260717,1725,Sales,ccde5e46-22b1-4fd7-8009-ffe387e3e86a-0000814e,33102,60672,08  Wadgaonkar  Sales,14325,Yes,08  Wadgaonkar  Sales,-7364.0,Yes,Yes,No,,,,
20260717,1726,Sales,ccde5e46-22b1-4fd7-8009-ffe387e3e86a-0000814f,33103,60673,09   Pandurang  Sales,14330,Yes,09   Pandurang  Sales,-920.0,Yes,Yes,No,,,,
20260717,1727,Sales,ccde5e46-22b1-4fd7-8009-ffe387e3e86a-00008150,33104,60674,06  BULK  SALE,14323,Yes,06  BULK  SALE,-7442.9,Yes,Yes,No,,,,
20260717,1728,Sales,ccde5e46-22b1-4fd7-8009-ffe387e3e86a-00008151,33105,60675,06  BULK  SALE,14326,Yes,06  BULK  SALE,449.5,Yes,Yes,No,,,,
20260717,1729,Sales,ccde5e46-22b1-4fd7-8009-ffe387e3e86a-00008158,33112,60682,06  BULK  SALE,14331,Yes,06  BULK  SALE,-2721.56,Yes,Yes,No,,,,
20260717,1730,Sales,ccde5e46-22b1-4fd7-8009-ffe387e3e86a-00008176,33142,60775,09   Pandurang  Sales,14338,Yes,09   Pandurang  Sales,679.0,Yes,Yes,No,,,,
20260717,1731,Sales,ccde5e46-22b1-4fd7-8009-ffe387e3e86a-0000817a,33146,60958,02 Rsa Afternoon Milk Counter,,Yes,02 Rsa Afternoon Milk Counter,1289.2,Yes,Yes,No,,,,
20260717,1732,Sales,ccde5e46-22b1-4fd7-8009-ffe387e3e86a-00008180,33152,60965,06  BULK  SALE,14343,Yes,06  BULK  SALE,-900.0,Yes,Yes,No,,,,
20260717,1733,Sales,ccde5e46-22b1-4fd7-8009-ffe387e3e86a-00008184,33156,60972,HOTEL LADLI,,Yes,HOTEL LADLI,-640.0,Yes,Yes,No,,,,
20260717,1734,Sales,ccde5e46-22b1-4fd7-8009-ffe387e3e86a-000083ea,33770,61674,04 GHEE COUNTER,14324,Yes,04 GHEE COUNTER,-12290.4,Yes,Yes,No,,,,
20260717,1735,Sales,ccde5e46-22b1-4fd7-8009-ffe387e3e86a-00008400,33792,61697,04 GHEE COUNTER,14333,Yes,04 GHEE COUNTER,-47297.84,Yes,Yes,No,,,,
20260717,1736,Sales,ccde5e46-22b1-4fd7-8009-ffe387e3e86a-00008401,33793,61698,04 GHEE COUNTER,14337,Yes,04 GHEE COUNTER,-14769.6,Yes,Yes,No,,,,
20260717,1737,Sales,ccde5e46-22b1-4fd7-8009-ffe387e3e86a-00008402,33794,61699,04 GHEE COUNTER,14346,Yes,04 GHEE COUNTER,-1189.52,Yes,Yes,No,,,,
20260718,1738,Sales,ccde5e46-22b1-4fd7-8009-ffe387e3e86a-00008102,33026,60962,THE VEGAN  HOTEL,,Yes,THE VEGAN  HOTEL,-3290.0,Yes,Yes,No,,,,
20260718,1738,Sales,ccde5e46-22b1-4fd7-8009-ffe387e3e86a-00008102,33026,60962,THE VEGAN  HOTEL,,Yes,Transport,170.0,No,No,No,,,,
20260718,1739,Sales,ccde5e46-22b1-4fd7-8009-ffe387e3e86a-0000817e,33150,60963,08  Wadgaonkar  Sales,14336,Yes,08  Wadgaonkar  Sales,2097.0,Yes,Yes,No,,,,
20260718,1740,Sales,ccde5e46-22b1-4fd7-8009-ffe387e3e86a-00008186,33158,60974,HOTEL LADLI,,Yes,HOTEL LADLI,-640.0,Yes,Yes,No,,,,
20260718,1741,Sales,ccde5e46-22b1-4fd7-8009-ffe387e3e86a-00008187,33159,60975,04 GHEE COUNTER,13946,Yes,04 GHEE COUNTER,-6916.8,Yes,Yes,No,,,,
20260718,1742,Sales,ccde5e46-22b1-4fd7-8009-ffe387e3e86a-00008193,33171,60988,08  Wadgaonkar  Sales,14356,Yes,08  Wadgaonkar  Sales,-6864.0,Yes,Yes,No,,,,
20260718,1743,Sales,ccde5e46-22b1-4fd7-8009-ffe387e3e86a-000081d4,33236,61071,01   Yash Morning  Milk Counter,,Yes,01   Yash Morning  Milk Counter,1091.0,Yes,Yes,No,,,,
20260718,1744,Sales,ccde5e46-22b1-4fd7-8009-ffe387e3e86a-000081ee,33262,61097,02 Rsa Afternoon Milk Counter,,Yes,02 Rsa Afternoon Milk Counter,-8472.8,Yes,Yes,No,,,,
20260718,1745,Sales,ccde5e46-22b1-4fd7-8009-ffe387e3e86a-000081ef,33263,61098,02 Rsa Afternoon Milk Counter,,Yes,02 Rsa Afternoon Milk Counter,-4608.8,Yes,Yes,No,,,,
20260718,1746,Sales,ccde5e46-22b1-4fd7-8009-ffe387e3e86a-000081f0,33264,61099,02 Rsa Afternoon Milk Counter,,Yes,02 Rsa Afternoon Milk Counter,-3558.8,Yes,Yes,No,,,,
20260718,1747,Sales,ccde5e46-22b1-4fd7-8009-ffe387e3e86a-000081f1,33265,61100,02 Rsa Afternoon Milk Counter,,Yes,02 Rsa Afternoon Milk Counter,-2793.0,Yes,Yes,No,,,,
20260718,1748,Sales,ccde5e46-22b1-4fd7-8009-ffe387e3e86a-000081f6,33270,61105,09   Pandurang  Sales,14365,Yes,09   Pandurang  Sales,858.0,Yes,Yes,No,,,,
20260718,1749,Sales,ccde5e46-22b1-4fd7-8009-ffe387e3e86a-000081fc,33276,61111,08  Wadgaonkar  Sales,,Yes,08  Wadgaonkar  Sales,1620.0,Yes,Yes,No,,,,
20260718,1750,Sales,ccde5e46-22b1-4fd7-8009-ffe387e3e86a-000081fd,33277,61112,02 Rsa Afternoon Milk Counter,,Yes,02 Rsa Afternoon Milk Counter,3451.0,Yes,Yes,No,,,,
20260718,1751,Sales,ccde5e46-22b1-4fd7-8009-ffe387e3e86a-00008260,33376,61211,06  BULK  SALE,14353,Yes,06  BULK  SALE,-9195.74,Yes,Yes,No,,,,
20260718,1752,Sales,ccde5e46-22b1-4fd7-8009-ffe387e3e86a-00008263,33379,61214,06  BULK  SALE,14365,Yes,06  BULK  SALE,-758.0,Yes,Yes,No,,,,
20260718,1753,Sales,ccde5e46-22b1-4fd7-8009-ffe387e3e86a-00008264,33380,61215,06  BULK  SALE,14368,Yes,06  BULK  SALE,-1426.0,Yes,Yes,No,,,,
20260718,1754,Sales,ccde5e46-22b1-4fd7-8009-ffe387e3e86a-00008265,33381,61216,06  BULK  SALE,14370,Yes,06  BULK  SALE,-1050.0,Yes,Yes,No,,,,
20260718,1755,Sales,ccde5e46-22b1-4fd7-8009-ffe387e3e86a-00008406,33798,61703,04 GHEE COUNTER,,Yes,04 GHEE COUNTER,-23617.28,Yes,Yes,No,,,,
20260718,1756,Sales,ccde5e46-22b1-4fd7-8009-ffe387e3e86a-00008408,33800,61705,04 GHEE COUNTER,14363,Yes,04 GHEE COUNTER,-9804.96,Yes,Yes,No,,,,
20260718,1757,Sales,ccde5e46-22b1-4fd7-8009-ffe387e3e86a-00008409,33801,61706,04 GHEE COUNTER,14369,Yes,04 GHEE COUNTER,-8883.6,Yes,Yes,No,,,,
20260719,1758,Sales,ccde5e46-22b1-4fd7-8009-ffe387e3e86a-00008200,33280,61115,HOTEL LADLI,,Yes,HOTEL LADLI,-640.0,Yes,Yes,No,,,,
20260719,1759,Sales,ccde5e46-22b1-4fd7-8009-ffe387e3e86a-00008201,33281,61116,THE VEGAN  HOTEL,,Yes,THE VEGAN  HOTEL,-3290.0,Yes,Yes,No,,,,
20260719,1759,Sales,ccde5e46-22b1-4fd7-8009-ffe387e3e86a-00008201,33281,61116,THE VEGAN  HOTEL,,Yes,Transport,170.0,No,No,No,,,,
20260719,1760,Sales,ccde5e46-22b1-4fd7-8009-ffe387e3e86a-00008203,33283,61118,08  Wadgaonkar  Sales,9608,Yes,08  Wadgaonkar  Sales,-6264.0,Yes,Yes,No,,,,
20260719,1761,Sales,ccde5e46-22b1-4fd7-8009-ffe387e3e86a-0000821a,33306,61141,09   Pandurang  Sales,,Yes,09   Pandurang  Sales,-1918.0,Yes,Yes,No,,,,
20260719,1762,Sales,ccde5e46-22b1-4fd7-8009-ffe387e3e86a-0000824a,33354,61189,01   Yash Morning  Milk Counter,,Yes,01   Yash Morning  Milk Counter,-1694.0,Yes,Yes,No,,,,
20260719,1763,Sales,ccde5e46-22b1-4fd7-8009-ffe387e3e86a-0000824b,33355,61190,01   Yash Morning  Milk Counter,,Yes,01   Yash Morning  Milk Counter,-3575.2,Yes,Yes,No,,,,
20260719,1764,Sales,ccde5e46-22b1-4fd7-8009-ffe387e3e86a-00008286,33414,61249,02 Rsa Afternoon Milk Counter,,Yes,02 Rsa Afternoon Milk Counter,1079.2,Yes,Yes,No,,,,
20260719,1765,Sales,ccde5e46-22b1-4fd7-8009-ffe387e3e86a-00008289,33417,61252,06  BULK  SALE,9601,Yes,06  BULK  SALE,-8090.74,Yes,Yes,No,,,,
20260719,1766,Sales,ccde5e46-22b1-4fd7-8009-ffe387e3e86a-0000828b,33419,61254,06  BULK  SALE,9609,Yes,06  BULK  SALE,-4722.26,Yes,Yes,No,,,,
20260719,1767,Sales,ccde5e46-22b1-4fd7-8009-ffe387e3e86a-000082af,33455,61290,08  Wadgaonkar  Sales,9612,Yes,08  Wadgaonkar  Sales,200.0,Yes,Yes,No,,,,
20260719,1768,Sales,ccde5e46-22b1-4fd7-8009-ffe387e3e86a-00008426,33830,61735,04 GHEE COUNTER,9606,Yes,04 GHEE COUNTER,-63998.0,Yes,Yes,No,,,,
20260719,1769,Sales,ccde5e46-22b1-4fd7-8009-ffe387e3e86a-00008427,33831,61736,04 GHEE COUNTER,9615,Yes,04 GHEE COUNTER,-1304.0,Yes,Yes,No,,,,
20260720,1770,Sales,ccde5e46-22b1-4fd7-8009-ffe387e3e86a-00008288,33416,61251,HOTEL LADLI,,Yes,HOTEL LADLI,-640.0,Yes,Yes,No,,,,
20260720,1771,Sales,ccde5e46-22b1-4fd7-8009-ffe387e3e86a-0000828a,33418,18,THE VEGAN  HOTEL,,Yes,THE VEGAN  HOTEL,-3450.0,Yes,Yes,No,,,,
20260720,1771,Sales,ccde5e46-22b1-4fd7-8009-ffe387e3e86a-0000828a,33418,18,THE VEGAN  HOTEL,,Yes,Transport,170.0,No,No,No,,,,
20260720,1772,Sales,ccde5e46-22b1-4fd7-8009-ffe387e3e86a-000082a6,33446,61281,08  Wadgaonkar  Sales,9627,Yes,08  Wadgaonkar  Sales,-6864.0,Yes,Yes,No,,,,
20260720,1773,Sales,ccde5e46-22b1-4fd7-8009-ffe387e3e86a-000082a8,33448,61283,09   Pandurang  Sales,9630,Yes,09   Pandurang  Sales,-2383.0,Yes,Yes,No,,,,
20260720,1774,Sales,ccde5e46-22b1-4fd7-8009-ffe387e3e86a-000082e0,33504,61377,01   Yash Morning  Milk Counter,,Yes,01   Yash Morning  Milk Counter,2175.8,Yes,Yes,No,,,,
20260720,1775,Sales,ccde5e46-22b1-4fd7-8009-ffe387e3e86a-000082ec,33516,61389,09   Pandurang  Sales,9633,Yes,09   Pandurang  Sales,-1035.0,Yes,Yes,No,,,,
20260720,1776,Sales,ccde5e46-22b1-4fd7-8009-ffe387e3e86a-000082ed,33517,61390,08  Wadgaonkar  Sales,9631,Yes,08  Wadgaonkar  Sales,-960.0,Yes,Yes,No,,,,
20260720,1777,Sales,ccde5e46-22b1-4fd7-8009-ffe387e3e86a-000082f7,33527,61402,08  Wadgaonkar  Sales,9631,Yes,08  Wadgaonkar  Sales,-640.0,Yes,Yes,No,,,,
20260720,1778,Sales,ccde5e46-22b1-4fd7-8009-ffe387e3e86a-00008309,33545,61420,08  Wadgaonkar  Sales,9641,Yes,08  Wadgaonkar  Sales,902.0,Yes,Yes,No,,,,
20260720,1779,Sales,ccde5e46-22b1-4fd7-8009-ffe387e3e86a-0000830b,33547,61422,02 Rsa Afternoon Milk Counter,,Yes,02 Rsa Afternoon Milk Counter,1418.6,Yes,Yes,No,,,,
20260720,1780,Sales,ccde5e46-22b1-4fd7-8009-ffe387e3e86a-0000830f,33551,61426,06  BULK  SALE,9625,Yes,06  BULK  SALE,-5724.28,Yes,Yes,No,,,,
20260720,1781,Sales,ccde5e46-22b1-4fd7-8009-ffe387e3e86a-00008310,33552,61427,06  BULK  SALE,9628,Yes,06  BULK  SALE,-4668.0,Yes,Yes,No,,,,
20260720,1782,Sales,ccde5e46-22b1-4fd7-8009-ffe387e3e86a-00008311,33553,61428,06  BULK  SALE,9632,Yes,06  BULK  SALE,398.0,Yes,Yes,No,,,,
20260720,1783,Sales,ccde5e46-22b1-4fd7-8009-ffe387e3e86a-00008312,33554,61429,06  BULK  SALE,9641,Yes,06  BULK  SALE,-996.0,Yes,Yes,No,,,,
20260720,1784,Sales,ccde5e46-22b1-4fd7-8009-ffe387e3e86a-0000842f,33839,61748,04 GHEE COUNTER,9623,Yes,04 GHEE COUNTER,-25596.4,Yes,Yes,No,,,,
20260720,1785,Sales,ccde5e46-22b1-4fd7-8009-ffe387e3e86a-00008430,33840,61749,04 GHEE COUNTER,9634,Yes,04 GHEE COUNTER,-3247.2,Yes,Yes,No,,,,
20260720,1786,Sales,ccde5e46-22b1-4fd7-8009-ffe387e3e86a-00008431,33841,61750,04 GHEE COUNTER,9640,Yes,04 GHEE COUNTER,-2389.2,Yes,Yes,No,,,,
20260720,1787,Sales,ccde5e46-22b1-4fd7-8009-ffe387e3e86a-000007d8,2008,5073,SHRI 1008 KPSDJ MANDIR,,Yes,SHRI 1008 KPSDJ MANDIR,-680.0,Yes,Yes,No,,,,
20260721,1788,Sales,ccde5e46-22b1-4fd7-8009-ffe387e3e86a-0000830d,33549,61424,HOTEL LADLI,,Yes,HOTEL LADLI,-640.0,Yes,Yes,No,,,,
20260721,1789,Sales,ccde5e46-22b1-4fd7-8009-ffe387e3e86a-0000830e,33550,19,THE VEGAN  HOTEL,,Yes,THE VEGAN  HOTEL,-3450.0,Yes,Yes,No,,,,
20260721,1789,Sales,ccde5e46-22b1-4fd7-8009-ffe387e3e86a-0000830e,33550,19,THE VEGAN  HOTEL,,Yes,Transport,170.0,No,No,No,,,,
20260721,1790,Sales,ccde5e46-22b1-4fd7-8009-ffe387e3e86a-00008338,33592,61468,09   Pandurang  Sales,9656,Yes,09   Pandurang  Sales,-2518.0,Yes,Yes,No,,,,
20260721,1791,Sales,ccde5e46-22b1-4fd7-8009-ffe387e3e86a-00008340,33600,61477,08  Wadgaonkar  Sales,9653,Yes,08  Wadgaonkar  Sales,-7334.0,Yes,Yes,No,,,,
20260721,1792,Sales,ccde5e46-22b1-4fd7-8009-ffe387e3e86a-00008391,33681,61585,01   Yash Morning  Milk Counter,,Yes,01   Yash Morning  Milk Counter,3068.2,Yes,Yes,No,,,,
20260721,1793,Sales,ccde5e46-22b1-4fd7-8009-ffe387e3e86a-00008396,33686,61590,09   Pandurang  Sales,9660,Yes,09   Pandurang  Sales,-700.0,Yes,Yes,No,,,,
20260721,1794,Sales,ccde5e46-22b1-4fd7-8009-ffe387e3e86a-0000839b,33691,61595,12  ATM  A,,Yes,12  ATM  A,2018.0,Yes,Yes,No,,,,
20260721,1795,Sales,ccde5e46-22b1-4fd7-8009-ffe387e3e86a-000083a9,33705,61609,08  Wadgaonkar  Sales,,Yes,08  Wadgaonkar  Sales,1676.0,Yes,Yes,No,,,,
20260721,1796,Sales,ccde5e46-22b1-4fd7-8009-ffe387e3e86a-000083aa,33706,61610,09   Pandurang  Sales,9666,Yes,09   Pandurang  Sales,458.0,Yes,Yes,No,,,,
20260721,1797,Sales,ccde5e46-22b1-4fd7-8009-ffe387e3e86a-000083ae,33710,61614,02 Rsa Afternoon Milk Counter,,Yes,02 Rsa Afternoon Milk Counter,2837.6,Yes,Yes,No,,,,
20260721,1798,Sales,ccde5e46-22b1-4fd7-8009-ffe387e3e86a-00008438,33848,61757,04 GHEE COUNTER,9654,Yes,04 GHEE COUNTER,-51723.8,Yes,Yes,No,,,,
20260721,1799,Sales,ccde5e46-22b1-4fd7-8009-ffe387e3e86a-00008439,33849,61758,04 GHEE COUNTER,9650,Yes,04 GHEE COUNTER,-18886.0,Yes,Yes,No,,,,
20260721,1800,Sales,ccde5e46-22b1-4fd7-8009-ffe387e3e86a-0000843a,33850,61759,04 GHEE COUNTER,9662,Yes,04 GHEE COUNTER,1144.8,Yes,Yes,No,,,,
20260721,1801,Sales,ccde5e46-22b1-4fd7-8009-ffe387e3e86a-00008448,33864,61773,06  BULK  SALE,,Yes,06  BULK  SALE,-9860.26,Yes,Yes,No,,,,
20260721,1802,Sales,ccde5e46-22b1-4fd7-8009-ffe387e3e86a-00008449,33865,61774,06  BULK  SALE,9655,Yes,06  BULK  SALE,259.0,Yes,Yes,No,,,,
20260721,1803,Sales,ccde5e46-22b1-4fd7-8009-ffe387e3e86a-0000844a,33866,61775,06  BULK  SALE,9665,Yes,06  BULK  SALE,-5534.0,Yes,Yes,No,,,,
20260721,1804,Sales,ccde5e46-22b1-4fd7-8009-ffe387e3e86a-0000844b,33867,61776,06  BULK  SALE,9661,Yes,06  BULK  SALE,-1477.0,Yes,Yes,No,,,,
20260721,1805,Sales,ccde5e46-22b1-4fd7-8009-ffe387e3e86a-0000844d,33869,61778,06  BULK  SALE,9666,Yes,06  BULK  SALE,-403.0,Yes,Yes,No,,,,
20260722,1806,Sales,ccde5e46-22b1-4fd7-8009-ffe387e3e86a-000083b0,33712,61616,HOTEL LADLI,,Yes,HOTEL LADLI,-640.0,Yes,Yes,No,,,,
20260722,1807,Sales,ccde5e46-22b1-4fd7-8009-ffe387e3e86a-000083d6,33750,61654,THE VEGAN  HOTEL,,Yes,THE VEGAN  HOTEL,-3450.0,Yes,Yes,No,,,,
20260722,1807,Sales,ccde5e46-22b1-4fd7-8009-ffe387e3e86a-000083d6,33750,61654,THE VEGAN  HOTEL,,Yes,Transport,170.0,No,No,No,,,,
20260722,1808,Sales,ccde5e46-22b1-4fd7-8009-ffe387e3e86a-000083d8,33752,61656,08  Wadgaonkar  Sales,9677,Yes,08  Wadgaonkar  Sales,-6384.0,Yes,Yes,No,,,,
20260722,1809,Sales,ccde5e46-22b1-4fd7-8009-ffe387e3e86a-000083da,33754,61658,09   Pandurang  Sales,9676,Yes,09   Pandurang  Sales,-2038.0,Yes,Yes,No,,,,
20260722,1810,Sales,ccde5e46-22b1-4fd7-8009-ffe387e3e86a-000083e0,33760,61664,02 Rsa Afternoon Milk Counter,,Yes,02 Rsa Afternoon Milk Counter,-3391.2,Yes,Yes,No,,,,
20260722,1811,Sales,ccde5e46-22b1-4fd7-8009-ffe387e3e86a-000083e2,33762,61666,02 Rsa Afternoon Milk Counter,,Yes,02 Rsa Afternoon Milk Counter,-1991.22,Yes,Yes,No,,,,
20260722,1812,Sales,ccde5e46-22b1-4fd7-8009-ffe387e3e86a-000083e3,33763,61667,02 Rsa Afternoon Milk Counter,,Yes,02 Rsa Afternoon Milk Counter,-1745.52,Yes,Yes,No,,,,
20260722,1813,Sales,ccde5e46-22b1-4fd7-8009-ffe387e3e86a-000083e4,33764,61668,13  ATM   B,,Yes,13  ATM   B,-4653.6,Yes,Yes,No,,,,
20260722,1814,Sales,ccde5e46-22b1-4fd7-8009-ffe387e3e86a-000083e5,33765,61669,13  ATM   B,,Yes,13  ATM   B,-7833.6,Yes,Yes,No,,,,
20260722,1815,Sales,ccde5e46-22b1-4fd7-8009-ffe387e3e86a-000083e6,33766,61670,02 Rsa Afternoon Milk Counter,,Yes,02 Rsa Afternoon Milk Counter,0.0,Yes,Yes,No,,,,
20260722,1816,Sales,ccde5e46-22b1-4fd7-8009-ffe387e3e86a-000083e7,33767,61671,02 Rsa Afternoon Milk Counter,,Yes,02 Rsa Afternoon Milk Counter,-392.0,Yes,Yes,No,,,,
20260722,1817,Sales,ccde5e46-22b1-4fd7-8009-ffe387e3e86a-000083e8,33768,61672,01   Yash Morning  Milk Counter,,Yes,01   Yash Morning  Milk Counter,2862.4,Yes,Yes,No,,,,
20260722,1818,Sales,ccde5e46-22b1-4fd7-8009-ffe387e3e86a-000083e9,33769,61673,13  ATM   B,,Yes,13  ATM   B,-3672.0,Yes,Yes,No,,,,
20260722,1819,Sales,ccde5e46-22b1-4fd7-8009-ffe387e3e86a-000083ed,33773,61677,ANNAAMRITA FOUNDATION,,Yes,ANNAAMRITA FOUNDATION,-2100.0,Yes,Yes,No,,,,
20260722,1820,Sales,ccde5e46-22b1-4fd7-8009-ffe387e3e86a-000083ee,33774,61678,02 Rsa Afternoon Milk Counter,,Yes,02 Rsa Afternoon Milk Counter,-5912.2,Yes,Yes,No,,,,
20260722,1821,Sales,ccde5e46-22b1-4fd7-8009-ffe387e3e86a-000083f1,33777,61681,09   Pandurang  Sales,9684,Yes,09   Pandurang  Sales,-1610.0,Yes,Yes,No,,,,
20260722,1822,Sales,ccde5e46-22b1-4fd7-8009-ffe387e3e86a-000083f5,33781,61685,02 Rsa Afternoon Milk Counter,,Yes,02 Rsa Afternoon Milk Counter,-8316.4,Yes,Yes,No,,,,
20260722,1823,Sales,ccde5e46-22b1-4fd7-8009-ffe387e3e86a-000083f6,33782,61686,02 Rsa Afternoon Milk Counter,,Yes,02 Rsa Afternoon Milk Counter,-4592.0,Yes,Yes,No,,,,
20260722,1824,Sales,ccde5e46-22b1-4fd7-8009-ffe387e3e86a-000083f8,33784,61688,02 Rsa Afternoon Milk Counter,,Yes,02 Rsa Afternoon Milk Counter,-2800.0,Yes,Yes,No,,,,
20260722,1825,Sales,ccde5e46-22b1-4fd7-8009-ffe387e3e86a-000083f9,33785,61689,13  ATM   B,,Yes,13  ATM   B,-5508.0,Yes,Yes,No,,,,
20260722,1826,Sales,ccde5e46-22b1-4fd7-8009-ffe387e3e86a-000083fd,33789,61694,13  ATM   B,,Yes,13  ATM   B,-5471.28,Yes,Yes,No,,,,
20260722,1827,Sales,ccde5e46-22b1-4fd7-8009-ffe387e3e86a-00008403,33795,61700,02 Rsa Afternoon Milk Counter,,Yes,02 Rsa Afternoon Milk Counter,-1581.66,Yes,Yes,No,,,,
20260722,1828,Sales,ccde5e46-22b1-4fd7-8009-ffe387e3e86a-00008404,33796,61701,01   Yash Morning  Milk Counter,,Yes,01   Yash Morning  Milk Counter,-1394.0,Yes,Yes,No,,,,
20260722,1829,Sales,ccde5e46-22b1-4fd7-8009-ffe387e3e86a-00008407,33799,61704,02 Rsa Afternoon Milk Counter,,Yes,02 Rsa Afternoon Milk Counter,-2465.0,Yes,Yes,No,,,,
20260722,1830,Sales,ccde5e46-22b1-4fd7-8009-ffe387e3e86a-0000840a,33802,61707,13  ATM   B,,Yes,13  ATM   B,-4555.04,Yes,Yes,No,,,,
20260722,1831,Sales,ccde5e46-22b1-4fd7-8009-ffe387e3e86a-0000840b,33803,61708,09   Pandurang  Sales,9689,Yes,09   Pandurang  Sales,386.0,Yes,Yes,No,,,,
20260722,1832,Sales,ccde5e46-22b1-4fd7-8009-ffe387e3e86a-0000840c,33804,61709,13  ATM   B,,Yes,13  ATM   B,-5576.0,Yes,Yes,No,,,,
20260722,1833,Sales,ccde5e46-22b1-4fd7-8009-ffe387e3e86a-0000840d,33805,61710,13  ATM   B,,Yes,13  ATM   B,-3494.88,Yes,Yes,No,,,,
20260722,1834,Sales,ccde5e46-22b1-4fd7-8009-ffe387e3e86a-0000840f,33807,61712,08  Wadgaonkar  Sales,9687,Yes,08  Wadgaonkar  Sales,773.0,Yes,Yes,No,,,,
20260722,1835,Sales,ccde5e46-22b1-4fd7-8009-ffe387e3e86a-00008410,33808,61713,02 Rsa Afternoon Milk Counter,,Yes,02 Rsa Afternoon Milk Counter,4318.0,Yes,Yes,No,,,,
20260722,1836,Sales,ccde5e46-22b1-4fd7-8009-ffe387e3e86a-00008417,33815,61720,08  Wadgaonkar  Sales,9680,Yes,08  Wadgaonkar  Sales,-180.0,Yes,Yes,No,,,,
20260722,1837,Sales,ccde5e46-22b1-4fd7-8009-ffe387e3e86a-00008450,33872,61781,06  BULK  SALE,9673,Yes,06  BULK  SALE,337.5,Yes,Yes,No,,,,
20260722,1838,Sales,ccde5e46-22b1-4fd7-8009-ffe387e3e86a-00008451,33873,61782,06  BULK  SALE,9683,Yes,06  BULK  SALE,-5184.0,Yes,Yes,No,,,,
20260722,1839,Sales,ccde5e46-22b1-4fd7-8009-ffe387e3e86a-00008452,33874,61783,06  BULK  SALE,9689,Yes,06  BULK  SALE,-340.0,Yes,Yes,No,,,,
20260722,1840,Sales,ccde5e46-22b1-4fd7-8009-ffe387e3e86a-00008454,33876,61785,06  BULK  SALE,9687,Yes,06  BULK  SALE,-723.5,Yes,Yes,No,,,,
20260722,1841,Sales,ccde5e46-22b1-4fd7-8009-ffe387e3e86a-00008474,33908,61835,04 GHEE COUNTER,9675,Yes,04 GHEE COUNTER,-16186.16,Yes,Yes,No,,,,
20260722,1842,Sales,ccde5e46-22b1-4fd7-8009-ffe387e3e86a-00008476,33910,61837,04 GHEE COUNTER,9681,Yes,04 GHEE COUNTER,-27429.28,Yes,Yes,No,,,,
20260722,1843,Sales,ccde5e46-22b1-4fd7-8009-ffe387e3e86a-00008563,34147,62253,04 GHEE COUNTER,9682,Yes,04 GHEE COUNTER,-4157.76,Yes,Yes,No,,,,
20260722,1844,Sales,ccde5e46-22b1-4fd7-8009-ffe387e3e86a-00008565,34149,62258,06  BULK  SALE,9688,Yes,06  BULK  SALE,1458.0,Yes,Yes,No,,,,
20260722,1845,Sales,ccde5e46-22b1-4fd7-8009-ffe387e3e86a-00008578,34168,62319,04 GHEE COUNTER,9688,Yes,04 GHEE COUNTER,-942.0,Yes,Yes,No,,,,
20260722,1846,Sales,ccde5e46-22b1-4fd7-8009-ffe387e3e86a-00008579,34169,62320,04 GHEE COUNTER,9695,Yes,04 GHEE COUNTER,-68848.4,Yes,Yes,No,,,,
20260723,1847,Sales,ccde5e46-22b1-4fd7-8009-ffe387e3e86a-00008413,33811,61716,HOTEL LADLI,,Yes,HOTEL LADLI,-640.0,Yes,Yes,No,,,,
20260723,1848,Sales,ccde5e46-22b1-4fd7-8009-ffe387e3e86a-00008414,33812,61717,HOTEL LADLI,,Yes,HOTEL LADLI,-640.0,Yes,Yes,No,,,,
20260723,1849,Sales,ccde5e46-22b1-4fd7-8009-ffe387e3e86a-00008415,33813,61718,THE VEGAN  HOTEL,,Yes,THE VEGAN  HOTEL,-3450.0,Yes,Yes,No,,,,
20260723,1849,Sales,ccde5e46-22b1-4fd7-8009-ffe387e3e86a-00008415,33813,61718,THE VEGAN  HOTEL,,Yes,Transport,170.0,No,No,No,,,,
20260723,1850,Sales,ccde5e46-22b1-4fd7-8009-ffe387e3e86a-00008416,33814,61719,01   Yash Morning  Milk Counter,,Yes,01   Yash Morning  Milk Counter,-1645.0,Yes,Yes,No,,,,
20260723,1851,Sales,ccde5e46-22b1-4fd7-8009-ffe387e3e86a-00008418,33816,61721,01   Yash Morning  Milk Counter,,Yes,01   Yash Morning  Milk Counter,-3468.6,Yes,Yes,No,,,,
20260723,1852,Sales,ccde5e46-22b1-4fd7-8009-ffe387e3e86a-00008419,33817,61722,13  ATM   B,,Yes,13  ATM   B,-2073.6,Yes,Yes,No,,,,
20260723,1853,Sales,ccde5e46-22b1-4fd7-8009-ffe387e3e86a-0000841a,33818,61723,13  ATM   B,,Yes,13  ATM   B,-5440.0,Yes,Yes,No,,,,
20260723,1854,Sales,ccde5e46-22b1-4fd7-8009-ffe387e3e86a-0000841b,33819,61724,01   Yash Morning  Milk Counter,,Yes,01   Yash Morning  Milk Counter,0.0,Yes,Yes,No,,,,
20260723,1855,Sales,ccde5e46-22b1-4fd7-8009-ffe387e3e86a-0000841c,33820,61725,13  ATM   B,,Yes,13  ATM   B,-5514.8,Yes,Yes,No,,,,
20260723,1856,Sales,ccde5e46-22b1-4fd7-8009-ffe387e3e86a-0000841d,33821,61726,13  ATM   B,,Yes,13  ATM   B,-2775.76,Yes,Yes,No,,,,
20260723,1857,Sales,ccde5e46-22b1-4fd7-8009-ffe387e3e86a-00008420,33824,61729,08  Wadgaonkar  Sales,9701,Yes,08  Wadgaonkar  Sales,-11088.0,Yes,Yes,No,,,,
20260723,1858,Sales,ccde5e46-22b1-4fd7-8009-ffe387e3e86a-00008421,33825,61730,09   Pandurang  Sales,9700,Yes,09   Pandurang  Sales,-2238.0,Yes,Yes,No,,,,
20260723,1859,Sales,ccde5e46-22b1-4fd7-8009-ffe387e3e86a-0000842a,33834,61742,13  ATM   B,,Yes,13  ATM   B,-2198.34,Yes,Yes,No,,,,
20260723,1860,Sales,ccde5e46-22b1-4fd7-8009-ffe387e3e86a-0000842b,33835,61743,02 Rsa Afternoon Milk Counter,,Yes,02 Rsa Afternoon Milk Counter,-3736.8,Yes,Yes,No,,,,
20260723,1861,Sales,ccde5e46-22b1-4fd7-8009-ffe387e3e86a-0000842d,33837,61746,02 Rsa Afternoon Milk Counter,,Yes,02 Rsa Afternoon Milk Counter,-336.0,Yes,Yes,No,,,,
20260723,1862,Sales,ccde5e46-22b1-4fd7-8009-ffe387e3e86a-0000842e,33838,61747,02 Rsa Afternoon Milk Counter,,Yes,02 Rsa Afternoon Milk Counter,-1870.0,Yes,Yes,No,,,,
20260723,1863,Sales,ccde5e46-22b1-4fd7-8009-ffe387e3e86a-00008432,33842,61751,02 Rsa Afternoon Milk Counter,,Yes,02 Rsa Afternoon Milk Counter,-1416.8,Yes,Yes,No,,,,
20260723,1864,Sales,ccde5e46-22b1-4fd7-8009-ffe387e3e86a-00008433,33843,61752,02 Rsa Afternoon Milk Counter,,Yes,02 Rsa Afternoon Milk Counter,-1402.2,Yes,Yes,No,,,,
20260723,1865,Sales,ccde5e46-22b1-4fd7-8009-ffe387e3e86a-00008436,33846,61755,01   Yash Morning  Milk Counter,,Yes,01   Yash Morning  Milk Counter,3005.0,Yes,Yes,No,,,,
20260723,1866,Sales,ccde5e46-22b1-4fd7-8009-ffe387e3e86a-0000843e,33854,61763,02 Rsa Afternoon Milk Counter,,Yes,02 Rsa Afternoon Milk Counter,-4552.8,Yes,Yes,No,,,,
20260723,1867,Sales,ccde5e46-22b1-4fd7-8009-ffe387e3e86a-0000843f,33855,61764,02 Rsa Afternoon Milk Counter,,Yes,02 Rsa Afternoon Milk Counter,-5182.4,Yes,Yes,No,,,,
20260723,1868,Sales,ccde5e46-22b1-4fd7-8009-ffe387e3e86a-00008440,33856,61765,02 Rsa Afternoon Milk Counter,,Yes,02 Rsa Afternoon Milk Counter,-2950.5,Yes,Yes,No,,,,
20260723,1869,Sales,ccde5e46-22b1-4fd7-8009-ffe387e3e86a-00008441,33857,61766,02 Rsa Afternoon Milk Counter,,Yes,02 Rsa Afternoon Milk Counter,-8323.2,Yes,Yes,No,,,,
20260723,1870,Sales,ccde5e46-22b1-4fd7-8009-ffe387e3e86a-00008442,33858,61767,13  ATM   B,,Yes,13  ATM   B,-2170.26,Yes,Yes,No,,,,
20260723,1871,Sales,ccde5e46-22b1-4fd7-8009-ffe387e3e86a-00008443,33859,61768,13  ATM   B,,Yes,13  ATM   B,-8357.2,Yes,Yes,No,,,,
20260723,1872,Sales,ccde5e46-22b1-4fd7-8009-ffe387e3e86a-00008444,33860,61769,08  Wadgaonkar  Sales,9703,Yes,08  Wadgaonkar  Sales,-2916.0,Yes,Yes,No,,,,
20260723,1873,Sales,ccde5e46-22b1-4fd7-8009-ffe387e3e86a-00008445,33861,61770,09   Pandurang  Sales,9708,Yes,09   Pandurang  Sales,-1458.0,Yes,Yes,No,,,,
20260723,1874,Sales,ccde5e46-22b1-4fd7-8009-ffe387e3e86a-00008446,33862,61771,13  ATM   B,,Yes,13  ATM   B,-4648.0,Yes,Yes,No,,,,
20260723,1875,Sales,ccde5e46-22b1-4fd7-8009-ffe387e3e86a-00008447,33863,61772,02 Rsa Afternoon Milk Counter,,Yes,02 Rsa Afternoon Milk Counter,-2223.72,Yes,Yes,No,,,,
20260723,1876,Sales,ccde5e46-22b1-4fd7-8009-ffe387e3e86a-0000844c,33868,61777,13  ATM   B,,Yes,13  ATM   B,-8357.2,Yes,Yes,No,,,,
20260723,1877,Sales,ccde5e46-22b1-4fd7-8009-ffe387e3e86a-0000844e,33870,61779,01   Yash Morning  Milk Counter,,Yes,01   Yash Morning  Milk Counter,-1689.2,Yes,Yes,No,,,,
20260723,1878,Sales,ccde5e46-22b1-4fd7-8009-ffe387e3e86a-00008456,33878,61787,02 Rsa Afternoon Milk Counter,,Yes,02 Rsa Afternoon Milk Counter,-2808.4,Yes,Yes,No,,,,
20260723,1879,Sales,ccde5e46-22b1-4fd7-8009-ffe387e3e86a-00008458,33880,61789,09   Pandurang  Sales,9711,Yes,09   Pandurang  Sales,646.0,Yes,Yes,No,,,,
20260723,1880,Sales,ccde5e46-22b1-4fd7-8009-ffe387e3e86a-00008459,33881,61790,13  ATM   B,,Yes,13  ATM   B,-2228.8,Yes,Yes,No,,,,
20260723,1881,Sales,ccde5e46-22b1-4fd7-8009-ffe387e3e86a-0000845a,33882,61791,08  Wadgaonkar  Sales,9714,Yes,08  Wadgaonkar  Sales,869.0,Yes,Yes,No,,,,
20260723,1882,Sales,ccde5e46-22b1-4fd7-8009-ffe387e3e86a-0000845c,33884,61793,13  ATM   B,,Yes,13  ATM   B,-1144.8,Yes,Yes,No,,,,
20260723,1883,Sales,ccde5e46-22b1-4fd7-8009-ffe387e3e86a-0000845d,33885,61794,02 Rsa Afternoon Milk Counter,,Yes,02 Rsa Afternoon Milk Counter,6458.8,Yes,Yes,No,,,,
20260723,1884,Sales,ccde5e46-22b1-4fd7-8009-ffe387e3e86a-0000845e,33886,61795,13  ATM   B,,Yes,13  ATM   B,-2268.0,Yes,Yes,No,,,,
20260723,1885,Sales,ccde5e46-22b1-4fd7-8009-ffe387e3e86a-0000848e,33934,61901,06  BULK  SALE,,Yes,06  BULK  SALE,-15743.6,Yes,Yes,No,,,,
20260723,1886,Sales,ccde5e46-22b1-4fd7-8009-ffe387e3e86a-0000848f,33935,61902,06  BULK  SALE,9705,Yes,06  BULK  SALE,-4638.02,Yes,Yes,No,,,,
20260723,1887,Sales,ccde5e46-22b1-4fd7-8009-ffe387e3e86a-00008490,33936,61903,06  BULK  SALE,9711,Yes,06  BULK  SALE,-569.0,Yes,Yes,No,,,,
20260723,1888,Sales,ccde5e46-22b1-4fd7-8009-ffe387e3e86a-00008491,33937,61904,06  BULK  SALE,9714,Yes,06  BULK  SALE,-767.5,Yes,Yes,No,,,,
20260723,1889,Sales,ccde5e46-22b1-4fd7-8009-ffe387e3e86a-0000857a,34170,62321,04 GHEE COUNTER,9699,Yes,04 GHEE COUNTER,-24844.4,Yes,Yes,No,,,,
20260723,1890,Sales,ccde5e46-22b1-4fd7-8009-ffe387e3e86a-0000857b,34171,62322,04 GHEE COUNTER,9706,Yes,04 GHEE COUNTER,-15975.2,Yes,Yes,No,,,,
20260723,1891,Sales,ccde5e46-22b1-4fd7-8009-ffe387e3e86a-0000857c,34172,62323,04 GHEE COUNTER,9710,Yes,04 GHEE COUNTER,-1136.16,Yes,Yes,No,,,,
20260724,1892,Sales,ccde5e46-22b1-4fd7-8009-ffe387e3e86a-0000845f,33887,61796,01   Yash Morning  Milk Counter,,Yes,01   Yash Morning  Milk Counter,-1729.0,Yes,Yes,No,,,,
20260724,1893,Sales,ccde5e46-22b1-4fd7-8009-ffe387e3e86a-00008460,33888,61797,01   Yash Morning  Milk Counter,,Yes,01   Yash Morning  Milk Counter,-3623.58,Yes,Yes,No,,,,
20260724,1894,Sales,ccde5e46-22b1-4fd7-8009-ffe387e3e86a-00008461,33889,61798,HOTEL LADLI,,Yes,HOTEL LADLI,-640.0,Yes,Yes,No,,,,
20260724,1895,Sales,ccde5e46-22b1-4fd7-8009-ffe387e3e86a-00008462,33890,61799,13  ATM   B,,Yes,13  ATM   B,-2246.4,Yes,Yes,No,,,,
20260724,1896,Sales,ccde5e46-22b1-4fd7-8009-ffe387e3e86a-00008463,33891,61800,13  ATM   B,,Yes,13  ATM   B,-8085.0,Yes,Yes,No,,,,
20260724,1897,Sales,ccde5e46-22b1-4fd7-8009-ffe387e3e86a-00008464,33892,61801,THE VEGAN  HOTEL,,Yes,THE VEGAN  HOTEL,-3450.0,Yes,Yes,No,,,,
20260724,1897,Sales,ccde5e46-22b1-4fd7-8009-ffe387e3e86a-00008464,33892,61801,THE VEGAN  HOTEL,,Yes,Transport,170.0,No,No,No,,,,
20260724,1898,Sales,ccde5e46-22b1-4fd7-8009-ffe387e3e86a-00008468,33896,61823,08  Wadgaonkar  Sales,,Yes,08  Wadgaonkar  Sales,-16520.0,Yes,Yes,No,,,,
20260724,1899,Sales,ccde5e46-22b1-4fd7-8009-ffe387e3e86a-00008469,33897,61824,09   Pandurang  Sales,9722,Yes,09   Pandurang  Sales,-2038.0,Yes,Yes,No,,,,
20260724,1900,Sales,ccde5e46-22b1-4fd7-8009-ffe387e3e86a-0000846a,33898,61825,02 Rsa Afternoon Milk Counter,,Yes,02 Rsa Afternoon Milk Counter,-3741.12,Yes,Yes,No,,,,
20260724,1901,Sales,ccde5e46-22b1-4fd7-8009-ffe387e3e86a-00008478,33912,61855,13  ATM   B,,Yes,13  ATM   B,-1393.2,Yes,Yes,No,,,,
20260724,1902,Sales,ccde5e46-22b1-4fd7-8009-ffe387e3e86a-00008482,33922,61887,09   Pandurang  Sales,9732,Yes,09   Pandurang  Sales,-3251.25,Yes,Yes,No,,,,
20260724,1903,Sales,ccde5e46-22b1-4fd7-8009-ffe387e3e86a-00008483,33923,61888,02 Rsa Afternoon Milk Counter,,Yes,02 Rsa Afternoon Milk Counter,-2013.0,Yes,Yes,No,,,,
20260724,1904,Sales,ccde5e46-22b1-4fd7-8009-ffe387e3e86a-00008484,33924,61889,02 Rsa Afternoon Milk Counter,,Yes,02 Rsa Afternoon Milk Counter,-1540.0,Yes,Yes,No,,,,
20260724,1905,Sales,ccde5e46-22b1-4fd7-8009-ffe387e3e86a-00008485,33925,61890,02 Rsa Afternoon Milk Counter,,Yes,02 Rsa Afternoon Milk Counter,-1613.76,Yes,Yes,No,,,,
20260724,1906,Sales,ccde5e46-22b1-4fd7-8009-ffe387e3e86a-00008486,33926,61891,01   Yash Morning  Milk Counter,,Yes,01   Yash Morning  Milk Counter,1427.2,Yes,Yes,No,,,,
20260724,1907,Sales,ccde5e46-22b1-4fd7-8009-ffe387e3e86a-00008487,33927,61892,02 Rsa Afternoon Milk Counter,,Yes,02 Rsa Afternoon Milk Counter,-8137.8,Yes,Yes,No,,,,
20260724,1908,Sales,ccde5e46-22b1-4fd7-8009-ffe387e3e86a-00008488,33928,61893,02 Rsa Afternoon Milk Counter,,Yes,02 Rsa Afternoon Milk Counter,-4597.6,Yes,Yes,No,,,,
20260724,1909,Sales,ccde5e46-22b1-4fd7-8009-ffe387e3e86a-00008489,33929,61894,09   Pandurang  Sales,9728,Yes,09   Pandurang  Sales,-594.0,Yes,Yes,No,,,,
20260724,1910,Sales,ccde5e46-22b1-4fd7-8009-ffe387e3e86a-0000848a,33930,61895,02 Rsa Afternoon Milk Counter,,Yes,02 Rsa Afternoon Milk Counter,-7166.8,Yes,Yes,No,,,,
20260724,1911,Sales,ccde5e46-22b1-4fd7-8009-ffe387e3e86a-0000848c,33932,61897,02 Rsa Afternoon Milk Counter,,Yes,02 Rsa Afternoon Milk Counter,-2065.0,Yes,Yes,No,,,,
20260724,1912,Sales,ccde5e46-22b1-4fd7-8009-ffe387e3e86a-00008493,33939,61906,12  ATM  A,,Yes,12  ATM  A,-8350.4,Yes,Yes,No,,,,
20260724,1913,Sales,ccde5e46-22b1-4fd7-8009-ffe387e3e86a-00008494,33940,61907,02 Rsa Afternoon Milk Counter,,Yes,02 Rsa Afternoon Milk Counter,-4325.4,Yes,Yes,No,,,,
20260724,1914,Sales,ccde5e46-22b1-4fd7-8009-ffe387e3e86a-00008495,33941,61908,06  BULK  SALE,9721,Yes,06  BULK  SALE,-21122.26,Yes,Yes,No,,,,
20260724,1915,Sales,ccde5e46-22b1-4fd7-8009-ffe387e3e86a-00008496,33942,61909,12  ATM  A,,Yes,12  ATM  A,-7067.2,Yes,Yes,No,,,,
20260724,1916,Sales,ccde5e46-22b1-4fd7-8009-ffe387e3e86a-00008497,33943,61910,06  BULK  SALE,9726,Yes,06  BULK  SALE,-11503.0,Yes,Yes,No,,,,
20260724,1917,Sales,ccde5e46-22b1-4fd7-8009-ffe387e3e86a-00008499,33945,61912,06  BULK  SALE,9729,Yes,06  BULK  SALE,-22834.0,Yes,Yes,No,,,,
20260724,1918,Sales,ccde5e46-22b1-4fd7-8009-ffe387e3e86a-0000849a,33946,61913,02 Rsa Afternoon Milk Counter,,Yes,02 Rsa Afternoon Milk Counter,-5542.0,Yes,Yes,No,,,,
20260724,1919,Sales,ccde5e46-22b1-4fd7-8009-ffe387e3e86a-0000849b,33947,61914,02 Rsa Afternoon Milk Counter,,Yes,02 Rsa Afternoon Milk Counter,-2106.0,Yes,Yes,No,,,,
20260724,1920,Sales,ccde5e46-22b1-4fd7-8009-ffe387e3e86a-0000849c,33948,61915,12  ATM  A,,Yes,12  ATM  A,-8445.6,Yes,Yes,No,,,,
20260724,1921,Sales,ccde5e46-22b1-4fd7-8009-ffe387e3e86a-0000849e,33950,61917,09   Pandurang  Sales,9788,Yes,09   Pandurang  Sales,378.0,Yes,Yes,No,,,,
20260724,1922,Sales,ccde5e46-22b1-4fd7-8009-ffe387e3e86a-0000849f,33951,61918,08  Wadgaonkar  Sales,9784,Yes,08  Wadgaonkar  Sales,2437.0,Yes,Yes,No,,,,
20260724,1923,Sales,ccde5e46-22b1-4fd7-8009-ffe387e3e86a-000084a0,33952,61919,12  ATM  A,,Yes,12  ATM  A,-2862.8,Yes,Yes,No,,,,
20260724,1924,Sales,ccde5e46-22b1-4fd7-8009-ffe387e3e86a-000084a1,33953,61920,13  ATM   B,,Yes,13  ATM   B,1742.6,Yes,Yes,No,,,,
20260724,1925,Sales,ccde5e46-22b1-4fd7-8009-ffe387e3e86a-000084a2,33954,61921,01   Yash Morning  Milk Counter,,Yes,01   Yash Morning  Milk Counter,-1426.8,Yes,Yes,No,,,,
20260724,1926,Sales,ccde5e46-22b1-4fd7-8009-ffe387e3e86a-000084a3,33955,61922,02 Rsa Afternoon Milk Counter,,Yes,02 Rsa Afternoon Milk Counter,2256.4,Yes,Yes,No,,,,
20260724,1927,Sales,ccde5e46-22b1-4fd7-8009-ffe387e3e86a-000084a4,33956,61923,12  ATM  A,,Yes,12  ATM  A,-1128.6,Yes,Yes,No,,,,
20260724,1928,Sales,ccde5e46-22b1-4fd7-8009-ffe387e3e86a-000084a5,33957,61924,13  ATM   B,,Yes,13  ATM   B,-2251.2,Yes,Yes,No,,,,
20260724,1929,Sales,ccde5e46-22b1-4fd7-8009-ffe387e3e86a-000084a6,33958,61925,01   Yash Morning  Milk Counter,,Yes,01   Yash Morning  Milk Counter,-1491.0,Yes,Yes,No,,,,
20260724,1930,Sales,ccde5e46-22b1-4fd7-8009-ffe387e3e86a-000084be,33982,61960,06  BULK  SALE,9738,Yes,06  BULK  SALE,-338.0,Yes,Yes,No,,,,
20260724,1931,Sales,ccde5e46-22b1-4fd7-8009-ffe387e3e86a-000084bf,33983,61961,06  BULK  SALE,9734,Yes,06  BULK  SALE,-2163.5,Yes,Yes,No,,,,
20260724,1932,Sales,ccde5e46-22b1-4fd7-8009-ffe387e3e86a-0000857f,34175,62326,04 GHEE COUNTER,9723,Yes,04 GHEE COUNTER,-44668.56,Yes,Yes,No,,,,
20260724,1933,Sales,ccde5e46-22b1-4fd7-8009-ffe387e3e86a-00008581,34177,62328,04 GHEE COUNTER,99735,Yes,04 GHEE COUNTER,-31569.68,Yes,Yes,No,,,,
20260724,1934,Sales,ccde5e46-22b1-4fd7-8009-ffe387e3e86a-00008582,34178,62329,04 GHEE COUNTER,9733,Yes,04 GHEE COUNTER,-11309.36,Yes,Yes,No,,,,
20260724,1935,Sales,ccde5e46-22b1-4fd7-8009-ffe387e3e86a-00008584,34180,62331,04 GHEE COUNTER,9741,Yes,04 GHEE COUNTER,-685.68,Yes,Yes,No,,,,
20260725,1936,Sales,ccde5e46-22b1-4fd7-8009-ffe387e3e86a-000084a7,33959,61926,01   Yash Morning  Milk Counter,,Yes,01   Yash Morning  Milk Counter,-3626.04,Yes,Yes,No,,,,
20260725,1937,Sales,ccde5e46-22b1-4fd7-8009-ffe387e3e86a-000084a8,33960,61927,12  ATM  A,,Yes,12  ATM  A,-8275.6,Yes,Yes,No,,,,
20260725,1938,Sales,ccde5e46-22b1-4fd7-8009-ffe387e3e86a-000084a9,33961,61928,12  ATM  A,,Yes,12  ATM  A,-2176.2,Yes,Yes,No,,,,
20260725,1939,Sales,ccde5e46-22b1-4fd7-8009-ffe387e3e86a-000084ad,33965,61932,08  Wadgaonkar  Sales,9762,Yes,08  Wadgaonkar  Sales,-7940.0,Yes,Yes,No,,,,
20260725,1940,Sales,ccde5e46-22b1-4fd7-8009-ffe387e3e86a-000084ae,33966,61933,09   Pandurang  Sales,9759,Yes,09   Pandurang  Sales,-3316.0,Yes,Yes,No,,,,
20260725,1941,Sales,ccde5e46-22b1-4fd7-8009-ffe387e3e86a-000084af,33967,61941,01   Yash Morning  Milk Counter,,Yes,01   Yash Morning  Milk Counter,-1120.0,Yes,Yes,No,,,,
20260725,1942,Sales,ccde5e46-22b1-4fd7-8009-ffe387e3e86a-000084b0,33968,61942,01   Yash Morning  Milk Counter,,Yes,01   Yash Morning  Milk Counter,-2599.4,Yes,Yes,No,,,,
20260725,1943,Sales,ccde5e46-22b1-4fd7-8009-ffe387e3e86a-000084b1,33969,61943,12  ATM  A,,Yes,12  ATM  A,-4244.4,Yes,Yes,No,,,,
20260725,1944,Sales,ccde5e46-22b1-4fd7-8009-ffe387e3e86a-000084b2,33970,61944,02 Rsa Afternoon Milk Counter,,Yes,02 Rsa Afternoon Milk Counter,-3623.4,Yes,Yes,No,,,,
20260725,1945,Sales,ccde5e46-22b1-4fd7-8009-ffe387e3e86a-000084b7,33975,61951,12  ATM  A,,Yes,12  ATM  A,-4686.08,Yes,Yes,No,,,,
20260725,1946,Sales,ccde5e46-22b1-4fd7-8009-ffe387e3e86a-000084b9,33977,61953,Extra Counter,,Yes,Extra Counter,-15384.4,Yes,Yes,No,,,,
20260725,1947,Sales,ccde5e46-22b1-4fd7-8009-ffe387e3e86a-000084bb,33979,61956,12  ATM  A,,Yes,12  ATM  A,-8398.0,Yes,Yes,No,,,,
20260725,1948,Sales,ccde5e46-22b1-4fd7-8009-ffe387e3e86a-000084bd,33981,61959,06  BULK  SALE,9730,Yes,06  BULK  SALE,-4014.0,Yes,Yes,No,,,,
20260725,1949,Sales,ccde5e46-22b1-4fd7-8009-ffe387e3e86a-000084c1,33985,61963,09   Pandurang  Sales,9767,Yes,09   Pandurang  Sales,-2978.0,Yes,Yes,No,,,,
20260725,1950,Sales,ccde5e46-22b1-4fd7-8009-ffe387e3e86a-000084c3,33987,61965,01   Yash Morning  Milk Counter,,Yes,01   Yash Morning  Milk Counter,2157.6,Yes,Yes,No,,,,
20260725,1951,Sales,ccde5e46-22b1-4fd7-8009-ffe387e3e86a-000084c5,33989,61967,Extra Counter,,Yes,Extra Counter,2743.12,Yes,Yes,No,,,,
20260725,1952,Sales,ccde5e46-22b1-4fd7-8009-ffe387e3e86a-000084cc,33996,61999,02 Rsa Afternoon Milk Counter,,Yes,02 Rsa Afternoon Milk Counter,-8268.8,Yes,Yes,No,,,,
20260725,1953,Sales,ccde5e46-22b1-4fd7-8009-ffe387e3e86a-000084cd,33997,62000,02 Rsa Afternoon Milk Counter,,Yes,02 Rsa Afternoon Milk Counter,-2737.0,Yes,Yes,No,,,,
20260725,1954,Sales,ccde5e46-22b1-4fd7-8009-ffe387e3e86a-000084ce,33998,62001,02 Rsa Afternoon Milk Counter,,Yes,02 Rsa Afternoon Milk Counter,-4603.2,Yes,Yes,No,,,,
20260725,1955,Sales,ccde5e46-22b1-4fd7-8009-ffe387e3e86a-000084cf,33999,62002,02 Rsa Afternoon Milk Counter,,Yes,02 Rsa Afternoon Milk Counter,-3608.0,Yes,Yes,No,,,,
20260725,1956,Sales,ccde5e46-22b1-4fd7-8009-ffe387e3e86a-000084d1,34001,62004,09   Pandurang  Sales,9767,Yes,09   Pandurang  Sales,-1140.0,Yes,Yes,No,,,,
20260725,1957,Sales,ccde5e46-22b1-4fd7-8009-ffe387e3e86a-000084d3,34003,62006,02 Rsa Afternoon Milk Counter,,Yes,02 Rsa Afternoon Milk Counter,-2203.2,Yes,Yes,No,,,,
20260725,1958,Sales,ccde5e46-22b1-4fd7-8009-ffe387e3e86a-000084da,34010,62013,08  Wadgaonkar  Sales,9769,Yes,08  Wadgaonkar  Sales,5910.0,Yes,Yes,No,,,,
20260725,1959,Sales,ccde5e46-22b1-4fd7-8009-ffe387e3e86a-000084db,34011,62014,09   Pandurang  Sales,9772,Yes,09   Pandurang  Sales,960.0,Yes,Yes,No,,,,
20260725,1960,Sales,ccde5e46-22b1-4fd7-8009-ffe387e3e86a-000084dd,34013,62016,02 Rsa Afternoon Milk Counter,,Yes,02 Rsa Afternoon Milk Counter,936.6,Yes,Yes,No,,,,
20260725,1961,Sales,ccde5e46-22b1-4fd7-8009-ffe387e3e86a-00008554,34132,62197,06  BULK  SALE,9791,Yes,06  BULK  SALE,-15234.2,Yes,Yes,No,,,,
20260725,1962,Sales,ccde5e46-22b1-4fd7-8009-ffe387e3e86a-00008555,34133,62198,06  BULK  SALE,9761,Yes,06  BULK  SALE,-13038.0,Yes,Yes,No,,,,
20260725,1963,Sales,ccde5e46-22b1-4fd7-8009-ffe387e3e86a-00008556,34134,62199,06  BULK  SALE,9757,Yes,06  BULK  SALE,-1859.0,Yes,Yes,No,,,,
20260725,1964,Sales,ccde5e46-22b1-4fd7-8009-ffe387e3e86a-00008557,34135,62200,06  BULK  SALE,9764,Yes,06  BULK  SALE,-5628.0,Yes,Yes,No,,,,
20260725,1965,Sales,ccde5e46-22b1-4fd7-8009-ffe387e3e86a-00008558,34136,62201,06  BULK  SALE,9771,Yes,06  BULK  SALE,-700.0,Yes,Yes,No,,,,
20260725,1966,Sales,ccde5e46-22b1-4fd7-8009-ffe387e3e86a-00008559,34137,62202,06  BULK  SALE,9769,Yes,06  BULK  SALE,-2052.0,Yes,Yes,No,,,,
20260725,1967,Sales,ccde5e46-22b1-4fd7-8009-ffe387e3e86a-0000855a,34138,62203,06  BULK  SALE,9772,Yes,06  BULK  SALE,-850.0,Yes,Yes,No,,,,
20260725,1968,Sales,ccde5e46-22b1-4fd7-8009-ffe387e3e86a-0000855c,34140,62205,06  BULK  SALE,9781,Yes,06  BULK  SALE,-2371.92,Yes,Yes,No,,,,
20260725,1969,Sales,ccde5e46-22b1-4fd7-8009-ffe387e3e86a-0000855d,34141,62207,06  BULK  SALE,9792,Yes,06  BULK  SALE,1930.4,Yes,Yes,No,,,,
20260725,1970,Sales,ccde5e46-22b1-4fd7-8009-ffe387e3e86a-0000855e,34142,62208,06  BULK  SALE,9793,Yes,06  BULK  SALE,-3715.0,Yes,Yes,No,,,,
20260725,1971,Sales,ccde5e46-22b1-4fd7-8009-ffe387e3e86a-0000855f,34143,62209,06  BULK  SALE,9795,Yes,06  BULK  SALE,-1567.5,Yes,Yes,No,,,,
20260725,1972,Sales,ccde5e46-22b1-4fd7-8009-ffe387e3e86a-00008560,34144,62210,06  BULK  SALE,9798,Yes,06  BULK  SALE,-524.5,Yes,Yes,No,,,,
20260725,1973,Sales,ccde5e46-22b1-4fd7-8009-ffe387e3e86a-00008632,34354,62547,04 GHEE COUNTER,9753,Yes,04 GHEE COUNTER,-26248.0,Yes,Yes,No,,,,
20260725,1974,Sales,ccde5e46-22b1-4fd7-8009-ffe387e3e86a-00008633,34355,62548,04 GHEE COUNTER,9766,Yes,04 GHEE COUNTER,-1839.52,Yes,Yes,No,,,,
20260725,1975,Sales,ccde5e46-22b1-4fd7-8009-ffe387e3e86a-00008634,34356,62549,04 GHEE COUNTER,9763,Yes,04 GHEE COUNTER,-8988.0,Yes,Yes,No,,,,
20260725,1976,Sales,ccde5e46-22b1-4fd7-8009-ffe387e3e86a-00008636,34358,62552,04 GHEE COUNTER,9774,Yes,04 GHEE COUNTER,-567.92,Yes,Yes,No,,,,
20260726,1977,Sales,ccde5e46-22b1-4fd7-8009-ffe387e3e86a-000084e0,34016,62019,01   Yash Morning  Milk Counter,,Yes,01   Yash Morning  Milk Counter,-3362.0,Yes,Yes,No,,,,
20260726,1978,Sales,ccde5e46-22b1-4fd7-8009-ffe387e3e86a-000084e1,34017,62020,HOTEL LADLI,,Yes,HOTEL LADLI,-640.0,Yes,Yes,No,,,,
20260726,1979,Sales,ccde5e46-22b1-4fd7-8009-ffe387e3e86a-000084e2,34018,62021,12  ATM  A,,Yes,12  ATM  A,-2279.2,Yes,Yes,No,,,,
20260726,1980,Sales,ccde5e46-22b1-4fd7-8009-ffe387e3e86a-000084e4,34020,62023,12  ATM  A,,Yes,12  ATM  A,-8418.4,Yes,Yes,No,,,,
20260726,1981,Sales,ccde5e46-22b1-4fd7-8009-ffe387e3e86a-000084e5,34021,62024,08  Wadgaonkar  Sales,,Yes,08  Wadgaonkar  Sales,-6224.0,Yes,Yes,No,,,,
20260726,1982,Sales,ccde5e46-22b1-4fd7-8009-ffe387e3e86a-000084e6,34022,62025,12  ATM  A,,Yes,12  ATM  A,-2975.4,Yes,Yes,No,,,,
20260726,1983,Sales,ccde5e46-22b1-4fd7-8009-ffe387e3e86a-000084e7,34023,62026,02 Rsa Afternoon Milk Counter,,Yes,02 Rsa Afternoon Milk Counter,-3760.56,Yes,Yes,No,,,,
20260726,1984,Sales,ccde5e46-22b1-4fd7-8009-ffe387e3e86a-000084ed,34029,62035,09   Pandurang  Sales,,Yes,09   Pandurang  Sales,-2398.0,Yes,Yes,No,,,,
20260726,1985,Sales,ccde5e46-22b1-4fd7-8009-ffe387e3e86a-000084fa,34042,62060,02 Rsa Afternoon Milk Counter,,Yes,02 Rsa Afternoon Milk Counter,-1428.0,Yes,Yes,No,,,,
20260726,1986,Sales,ccde5e46-22b1-4fd7-8009-ffe387e3e86a-000084fb,34043,62061,02 Rsa Afternoon Milk Counter,,Yes,02 Rsa Afternoon Milk Counter,-1889.72,Yes,Yes,No,,,,
20260726,1987,Sales,ccde5e46-22b1-4fd7-8009-ffe387e3e86a-000084ff,34047,62066,01   Yash Morning  Milk Counter,,Yes,01   Yash Morning  Milk Counter,-967.6,Yes,Yes,No,,,,
20260726,1988,Sales,ccde5e46-22b1-4fd7-8009-ffe387e3e86a-00008500,34048,62067,01   Yash Morning  Milk Counter,,Yes,01   Yash Morning  Milk Counter,-1715.0,Yes,Yes,No,,,,
20260726,1989,Sales,ccde5e46-22b1-4fd7-8009-ffe387e3e86a-00008501,34049,62068,01   Yash Morning  Milk Counter,,Yes,01   Yash Morning  Milk Counter,659.84,Yes,Yes,No,,,,
20260726,1990,Sales,ccde5e46-22b1-4fd7-8009-ffe387e3e86a-00008505,34053,62072,02 Rsa Afternoon Milk Counter,,Yes,02 Rsa Afternoon Milk Counter,-1484.2,Yes,Yes,No,,,,
20260726,1991,Sales,ccde5e46-22b1-4fd7-8009-ffe387e3e86a-00008509,34057,62076,02 Rsa Afternoon Milk Counter,,Yes,02 Rsa Afternoon Milk Counter,-3550.6,Yes,Yes,No,,,,
20260726,1992,Sales,ccde5e46-22b1-4fd7-8009-ffe387e3e86a-0000850a,34058,62077,02 Rsa Afternoon Milk Counter,,Yes,02 Rsa Afternoon Milk Counter,-8343.6,Yes,Yes,No,,,,
20260726,1993,Sales,ccde5e46-22b1-4fd7-8009-ffe387e3e86a-0000850b,34059,62078,02 Rsa Afternoon Milk Counter,,Yes,02 Rsa Afternoon Milk Counter,-4564.0,Yes,Yes,No,,,,
20260726,1994,Sales,ccde5e46-22b1-4fd7-8009-ffe387e3e86a-0000850c,34060,62079,02 Rsa Afternoon Milk Counter,,Yes,02 Rsa Afternoon Milk Counter,-2835.0,Yes,Yes,No,,,,
20260726,1995,Sales,ccde5e46-22b1-4fd7-8009-ffe387e3e86a-0000850e,34062,62081,08  Wadgaonkar  Sales,,Yes,08  Wadgaonkar  Sales,-400.0,Yes,Yes,No,,,,
20260726,1996,Sales,ccde5e46-22b1-4fd7-8009-ffe387e3e86a-0000850f,34063,62082,09   Pandurang  Sales,,Yes,09   Pandurang  Sales,-560.0,Yes,Yes,No,,,,
20260726,1997,Sales,ccde5e46-22b1-4fd7-8009-ffe387e3e86a-00008510,34064,62083,13  ATM   B,,Yes,13  ATM   B,-4465.8,Yes,Yes,No,,,,
20260726,1998,Sales,ccde5e46-22b1-4fd7-8009-ffe387e3e86a-00008511,34065,62084,09   Pandurang  Sales,,Yes,09   Pandurang  Sales,-320.0,Yes,Yes,No,,,,
20260726,1999,Sales,ccde5e46-22b1-4fd7-8009-ffe387e3e86a-00008513,34067,62086,12  ATM  A,,Yes,12  ATM  A,-8484.36,Yes,Yes,No,,,,
20260726,2000,Sales,ccde5e46-22b1-4fd7-8009-ffe387e3e86a-00008515,34069,62088,12  ATM  A,,Yes,12  ATM  A,-6832.0,Yes,Yes,No,,,,
20260726,2001,Sales,ccde5e46-22b1-4fd7-8009-ffe387e3e86a-00008516,34070,62089,12  ATM  A,,Yes,12  ATM  A,-8296.0,Yes,Yes,No,,,,
20260726,2002,Sales,ccde5e46-22b1-4fd7-8009-ffe387e3e86a-00008517,34071,62090,01   Yash Morning  Milk Counter,,Yes,01   Yash Morning  Milk Counter,-1541.6,Yes,Yes,No,,,,
20260726,2003,Sales,ccde5e46-22b1-4fd7-8009-ffe387e3e86a-00008518,34072,62091,12  ATM  A,,Yes,12  ATM  A,-2335.2,Yes,Yes,No,,,,
20260726,2004,Sales,ccde5e46-22b1-4fd7-8009-ffe387e3e86a-0000851f,34079,62098,02 Rsa Afternoon Milk Counter,,Yes,02 Rsa Afternoon Milk Counter,-1262.8,Yes,Yes,No,,,,
20260726,2005,Sales,ccde5e46-22b1-4fd7-8009-ffe387e3e86a-00008523,34083,62102,08  Wadgaonkar  Sales,,Yes,08  Wadgaonkar  Sales,1765.0,Yes,Yes,No,,,,
20260726,2006,Sales,ccde5e46-22b1-4fd7-8009-ffe387e3e86a-00008524,34084,62103,09   Pandurang  Sales,,Yes,09   Pandurang  Sales,591.0,Yes,Yes,No,,,,
20260726,2007,Sales,ccde5e46-22b1-4fd7-8009-ffe387e3e86a-00008529,34089,62108,02 Rsa Afternoon Milk Counter,,Yes,02 Rsa Afternoon Milk Counter,2317.6,Yes,Yes,No,,,,
20260726,2008,Sales,ccde5e46-22b1-4fd7-8009-ffe387e3e86a-00008712,34578,62776,04 GHEE COUNTER,9783,Yes,04 GHEE COUNTER,-70107.6,Yes,Yes,No,,,,
20260726,2009,Sales,ccde5e46-22b1-4fd7-8009-ffe387e3e86a-00008715,34581,62779,04 GHEE COUNTER,9791,Yes,04 GHEE COUNTER,-12924.0,Yes,Yes,No,,,,
20260726,2010,Sales,ccde5e46-22b1-4fd7-8009-ffe387e3e86a-00008718,34584,62782,04 GHEE COUNTER,9796,Yes,04 GHEE COUNTER,857.28,Yes,Yes,No,,,,
20260726,2011,Sales,ccde5e46-22b1-4fd7-8009-ffe387e3e86a-0000871c,34588,62786,04 GHEE COUNTER,9803,Yes,04 GHEE COUNTER,-64279.0,Yes,Yes,No,,,,
20260726,2012,Sales,ccde5e46-22b1-4fd7-8009-ffe387e3e86a-00008746,34630,62828,06  BULK  SALE,9795,Yes,06  BULK  SALE,-1567.5,Yes,Yes,No,,,,
20260727,2013,Sales,ccde5e46-22b1-4fd7-8009-ffe387e3e86a-0000852c,34092,62111,HOTEL LADLI,,Yes,HOTEL LADLI,-640.0,Yes,Yes,No,,,,
20260727,2014,Sales,ccde5e46-22b1-4fd7-8009-ffe387e3e86a-0000852d,34093,62112,01   Yash Morning  Milk Counter,,Yes,01   Yash Morning  Milk Counter,-1675.8,Yes,Yes,No,,,,
20260727,2015,Sales,ccde5e46-22b1-4fd7-8009-ffe387e3e86a-0000852e,34094,62113,01   Yash Morning  Milk Counter,,Yes,01   Yash Morning  Milk Counter,-3624.4,Yes,Yes,No,,,,
20260727,2016,Sales,ccde5e46-22b1-4fd7-8009-ffe387e3e86a-0000852f,34095,62114,13  ATM   B,,Yes,13  ATM   B,-2136.24,Yes,Yes,No,,,,
20260727,2017,Sales,ccde5e46-22b1-4fd7-8009-ffe387e3e86a-00008540,34112,62131,13  ATM   B,,Yes,13  ATM   B,-8391.2,Yes,Yes,No,,,,
20260727,2018,Sales,ccde5e46-22b1-4fd7-8009-ffe387e3e86a-00008545,34117,62179,08  Wadgaonkar  Sales,9809,Yes,08  Wadgaonkar  Sales,-6014.0,Yes,Yes,No,,,,
20260727,2019,Sales,ccde5e46-22b1-4fd7-8009-ffe387e3e86a-00008546,34118,62180,09   Pandurang  Sales,9815,Yes,09   Pandurang  Sales,-2078.0,Yes,Yes,No,,,,
20260727,2020,Sales,ccde5e46-22b1-4fd7-8009-ffe387e3e86a-00008547,34119,62181,13  ATM   B,,Yes,13  ATM   B,-3341.52,Yes,Yes,No,,,,
20260727,2021,Sales,ccde5e46-22b1-4fd7-8009-ffe387e3e86a-00008549,34121,62183,02 Rsa Afternoon Milk Counter,,Yes,02 Rsa Afternoon Milk Counter,-1525.44,Yes,Yes,No,,,,
20260727,2022,Sales,ccde5e46-22b1-4fd7-8009-ffe387e3e86a-0000854a,34122,62184,02 Rsa Afternoon Milk Counter,,Yes,02 Rsa Afternoon Milk Counter,-3672.0,Yes,Yes,No,,,,
20260727,2023,Sales,ccde5e46-22b1-4fd7-8009-ffe387e3e86a-0000854e,34126,62188,13  ATM   B,,Yes,13  ATM   B,-4410.72,Yes,Yes,No,,,,
20260727,2024,Sales,ccde5e46-22b1-4fd7-8009-ffe387e3e86a-000084e3,34019,62206,THE VEGAN  HOTEL,,Yes,THE VEGAN  HOTEL,-3450.0,Yes,Yes,No,,,,
20260727,2024,Sales,ccde5e46-22b1-4fd7-8009-ffe387e3e86a-000084e3,34019,62206,THE VEGAN  HOTEL,,Yes,Transport,170.0,No,No,No,,,,
20260727,2025,Sales,ccde5e46-22b1-4fd7-8009-ffe387e3e86a-00008561,34145,62211,04 GHEE COUNTER,9807,Yes,04 GHEE COUNTER,-45234.32,Yes,Yes,No,,,,
20260727,2026,Sales,ccde5e46-22b1-4fd7-8009-ffe387e3e86a-00008566,34150,62260,02 Rsa Afternoon Milk Counter,,Yes,02 Rsa Afternoon Milk Counter,-1857.08,Yes,Yes,No,,,,
20260727,2027,Sales,ccde5e46-22b1-4fd7-8009-ffe387e3e86a-00008567,34151,62267,01   Yash Morning  Milk Counter,,Yes,01   Yash Morning  Milk Counter,1396.2,Yes,Yes,No,,,,
20260727,2028,Sales,ccde5e46-22b1-4fd7-8009-ffe387e3e86a-00008568,34152,62269,02 Rsa Afternoon Milk Counter,,Yes,02 Rsa Afternoon Milk Counter,-1308.84,Yes,Yes,No,,,,
20260727,2029,Sales,ccde5e46-22b1-4fd7-8009-ffe387e3e86a-0000857e,34174,62325,02 Rsa Afternoon Milk Counter,,Yes,02 Rsa Afternoon Milk Counter,-2877.0,Yes,Yes,No,,,,
20260727,2030,Sales,ccde5e46-22b1-4fd7-8009-ffe387e3e86a-00008580,34176,62327,02 Rsa Afternoon Milk Counter,,Yes,02 Rsa Afternoon Milk Counter,-8262.0,Yes,Yes,No,,,,
20260727,2031,Sales,ccde5e46-22b1-4fd7-8009-ffe387e3e86a-00008583,34179,62330,02 Rsa Afternoon Milk Counter,,Yes,02 Rsa Afternoon Milk Counter,-4585.84,Yes,Yes,No,,,,
20260727,2032,Sales,ccde5e46-22b1-4fd7-8009-ffe387e3e86a-00008585,34181,62332,02 Rsa Afternoon Milk Counter,,Yes,02 Rsa Afternoon Milk Counter,-3632.6,Yes,Yes,No,,,,
20260727,2033,Sales,ccde5e46-22b1-4fd7-8009-ffe387e3e86a-00008586,34182,62333,13  ATM   B,,Yes,13  ATM   B,-4471.2,Yes,Yes,No,,,,
20260727,2034,Sales,ccde5e46-22b1-4fd7-8009-ffe387e3e86a-00008587,34183,62334,13  ATM   B,,Yes,13  ATM   B,-8316.4,Yes,Yes,No,,,,
20260727,2035,Sales,ccde5e46-22b1-4fd7-8009-ffe387e3e86a-00008588,34184,62335,13  ATM   B,,Yes,13  ATM   B,-4574.08,Yes,Yes,No,,,,
20260727,2036,Sales,ccde5e46-22b1-4fd7-8009-ffe387e3e86a-00008589,34185,62336,13  ATM   B,,Yes,13  ATM   B,-5576.0,Yes,Yes,No,,,,
20260727,2037,Sales,ccde5e46-22b1-4fd7-8009-ffe387e3e86a-000085b2,34226,62377,02 Rsa Afternoon Milk Counter,,Yes,02 Rsa Afternoon Milk Counter,-2761.48,Yes,Yes,No,,,,
20260727,2038,Sales,ccde5e46-22b1-4fd7-8009-ffe387e3e86a-000085cd,34253,62404,01   Yash Morning  Milk Counter,,Yes,01   Yash Morning  Milk Counter,-1699.86,Yes,Yes,No,,,,
20260727,2039,Sales,ccde5e46-22b1-4fd7-8009-ffe387e3e86a-000085ce,34254,62405,09   Pandurang  Sales,,Yes,09   Pandurang  Sales,446.0,Yes,Yes,No,,,,
20260727,2040,Sales,ccde5e46-22b1-4fd7-8009-ffe387e3e86a-000085cf,34255,62406,08  Wadgaonkar  Sales,9818,Yes,08  Wadgaonkar  Sales,2663.0,Yes,Yes,No,,,,
20260727,2041,Sales,ccde5e46-22b1-4fd7-8009-ffe387e3e86a-000085d3,34259,62410,02 Rsa Afternoon Milk Counter,,Yes,02 Rsa Afternoon Milk Counter,2075.0,Yes,Yes,No,,,,
20260727,2042,Sales,ccde5e46-22b1-4fd7-8009-ffe387e3e86a-00008722,34594,62792,04 GHEE COUNTER,9807,Yes,04 GHEE COUNTER,-44839.52,Yes,Yes,No,,,,
20260727,2043,Sales,ccde5e46-22b1-4fd7-8009-ffe387e3e86a-00008723,34595,62793,04 GHEE COUNTER,9816,Yes,04 GHEE COUNTER,-800.0,Yes,Yes,No,,,,
20260727,2044,Sales,ccde5e46-22b1-4fd7-8009-ffe387e3e86a-00008724,34596,62794,04 GHEE COUNTER,9819,Yes,04 GHEE COUNTER,-1213.52,Yes,Yes,No,,,,
20260727,2045,Sales,ccde5e46-22b1-4fd7-8009-ffe387e3e86a-00008726,34598,62796,04 GHEE COUNTER,9828,Yes,04 GHEE COUNTER,1091.76,Yes,Yes,No,,,,
20260727,2046,Sales,ccde5e46-22b1-4fd7-8009-ffe387e3e86a-00008735,34613,62811,04 GHEE COUNTER,9843,Yes,04 GHEE COUNTER,-4320.0,Yes,Yes,No,,,,
20260728,2047,Sales,ccde5e46-22b1-4fd7-8009-ffe387e3e86a-000085d6,34262,62413,HOTEL LADLI,,Yes,HOTEL LADLI,-640.0,Yes,Yes,No,,,,
20260728,2048,Sales,ccde5e46-22b1-4fd7-8009-ffe387e3e86a-000085d7,34263,62414,THE VEGAN  HOTEL,,Yes,THE VEGAN  HOTEL,-3450.0,Yes,Yes,No,,,,
20260728,2048,Sales,ccde5e46-22b1-4fd7-8009-ffe387e3e86a-000085d7,34263,62414,THE VEGAN  HOTEL,,Yes,Transport,170.0,No,No,No,,,,
20260728,2049,Sales,ccde5e46-22b1-4fd7-8009-ffe387e3e86a-000085d8,34264,62415,01   Yash Morning  Milk Counter,,Yes,01   Yash Morning  Milk Counter,-1680.0,Yes,Yes,No,,,,
20260728,2050,Sales,ccde5e46-22b1-4fd7-8009-ffe387e3e86a-000085d9,34265,62416,01   Yash Morning  Milk Counter,,Yes,01   Yash Morning  Milk Counter,-3517.8,Yes,Yes,No,,,,
20260728,2051,Sales,ccde5e46-22b1-4fd7-8009-ffe387e3e86a-000085da,34266,62417,13  ATM   B,,Yes,13  ATM   B,-2176.2,Yes,Yes,No,,,,
20260728,2052,Sales,ccde5e46-22b1-4fd7-8009-ffe387e3e86a-000085db,34267,62418,13  ATM   B,,Yes,13  ATM   B,-2318.4,Yes,Yes,No,,,,
20260728,2053,Sales,ccde5e46-22b1-4fd7-8009-ffe387e3e86a-000085e0,34272,62428,13  ATM   B,,Yes,13  ATM   B,-8289.2,Yes,Yes,No,,,,
20260728,2054,Sales,ccde5e46-22b1-4fd7-8009-ffe387e3e86a-000085e2,34274,62430,08  Wadgaonkar  Sales,9810,Yes,08  Wadgaonkar  Sales,-6064.0,Yes,Yes,No,,,,
20260728,2055,Sales,ccde5e46-22b1-4fd7-8009-ffe387e3e86a-000085ec,34284,62450,04 GHEE COUNTER,9837,Yes,04 GHEE COUNTER,-15887.84,Yes,Yes,No,,,,
20260728,2056,Sales,ccde5e46-22b1-4fd7-8009-ffe387e3e86a-000085ed,34285,62451,09   Pandurang  Sales,9845,Yes,09   Pandurang  Sales,-2318.0,Yes,Yes,No,,,,
20260728,2057,Sales,ccde5e46-22b1-4fd7-8009-ffe387e3e86a-000085f6,34294,62466,01   Yash Morning  Milk Counter,,Yes,01   Yash Morning  Milk Counter,-2230.4,Yes,Yes,No,,,,
20260728,2058,Sales,ccde5e46-22b1-4fd7-8009-ffe387e3e86a-000085fe,34302,62478,02 Rsa Afternoon Milk Counter,,Yes,02 Rsa Afternoon Milk Counter,-3909.6,Yes,Yes,No,,,,
20260728,2059,Sales,ccde5e46-22b1-4fd7-8009-ffe387e3e86a-000085ff,34303,62479,02 Rsa Afternoon Milk Counter,,Yes,02 Rsa Afternoon Milk Counter,-1972.0,Yes,Yes,No,,,,
20260728,2060,Sales,ccde5e46-22b1-4fd7-8009-ffe387e3e86a-00008600,34304,62480,02 Rsa Afternoon Milk Counter,,Yes,02 Rsa Afternoon Milk Counter,-1349.6,Yes,Yes,No,,,,
20260728,2061,Sales,ccde5e46-22b1-4fd7-8009-ffe387e3e86a-00008601,34305,62481,02 Rsa Afternoon Milk Counter,,Yes,02 Rsa Afternoon Milk Counter,-1476.0,Yes,Yes,No,,,,
20260728,2062,Sales,ccde5e46-22b1-4fd7-8009-ffe387e3e86a-00008605,34309,62485,01   Yash Morning  Milk Counter,,Yes,01   Yash Morning  Milk Counter,2039.2,Yes,Yes,No,,,,
20260728,2063,Sales,ccde5e46-22b1-4fd7-8009-ffe387e3e86a-00008610,34320,62498,13  ATM   B,,Yes,13  ATM   B,4725.2,Yes,Yes,No,,,,
20260728,2064,Sales,ccde5e46-22b1-4fd7-8009-ffe387e3e86a-00008611,34321,62499,02 Rsa Afternoon Milk Counter,,Yes,02 Rsa Afternoon Milk Counter,-8129.22,Yes,Yes,No,,,,
20260728,2065,Sales,ccde5e46-22b1-4fd7-8009-ffe387e3e86a-00008612,34322,62500,02 Rsa Afternoon Milk Counter,,Yes,02 Rsa Afternoon Milk Counter,-2667.7,Yes,Yes,No,,,,
20260728,2066,Sales,ccde5e46-22b1-4fd7-8009-ffe387e3e86a-00008617,34327,62509,02 Rsa Afternoon Milk Counter,,Yes,02 Rsa Afternoon Milk Counter,-4602.08,Yes,Yes,No,,,,
20260728,2067,Sales,ccde5e46-22b1-4fd7-8009-ffe387e3e86a-0000861c,34332,62515,02 Rsa Afternoon Milk Counter,,Yes,02 Rsa Afternoon Milk Counter,-3649.0,Yes,Yes,No,,,,
20260728,2068,Sales,ccde5e46-22b1-4fd7-8009-ffe387e3e86a-00008628,34344,62535,12  ATM  A,,Yes,12  ATM  A,-8395.28,Yes,Yes,No,,,,
20260728,2069,Sales,ccde5e46-22b1-4fd7-8009-ffe387e3e86a-00008629,34345,62536,09   Pandurang  Sales,9844,Yes,09   Pandurang  Sales,-640.0,Yes,Yes,No,,,,
20260728,2070,Sales,ccde5e46-22b1-4fd7-8009-ffe387e3e86a-0000862a,34346,62537,12  ATM  A,,Yes,12  ATM  A,-6925.52,Yes,Yes,No,,,,
20260728,2071,Sales,ccde5e46-22b1-4fd7-8009-ffe387e3e86a-0000862c,34348,62539,12  ATM  A,,Yes,12  ATM  A,-4397.76,Yes,Yes,No,,,,
20260728,2072,Sales,ccde5e46-22b1-4fd7-8009-ffe387e3e86a-0000862f,34351,62544,12  ATM  A,,Yes,12  ATM  A,-8423.84,Yes,Yes,No,,,,
20260728,2073,Sales,ccde5e46-22b1-4fd7-8009-ffe387e3e86a-00008630,34352,62545,01   Yash Morning  Milk Counter,,Yes,01   Yash Morning  Milk Counter,-1558.0,Yes,Yes,No,,,,
20260728,2074,Sales,ccde5e46-22b1-4fd7-8009-ffe387e3e86a-00008631,34353,62546,02 Rsa Afternoon Milk Counter,,Yes,02 Rsa Afternoon Milk Counter,-1134.0,Yes,Yes,No,,,,
20260728,2075,Sales,ccde5e46-22b1-4fd7-8009-ffe387e3e86a-0000863f,34367,62561,13  ATM   B,,Yes,13  ATM   B,-2284.8,Yes,Yes,No,,,,
20260728,2076,Sales,ccde5e46-22b1-4fd7-8009-ffe387e3e86a-0000863d,34365,62562,06  BULK  SALE,9849,Yes,06  BULK  SALE,78.0,Yes,Yes,No,,,,
20260728,2077,Sales,ccde5e46-22b1-4fd7-8009-ffe387e3e86a-00008640,34368,62563,02 Rsa Afternoon Milk Counter,,Yes,02 Rsa Afternoon Milk Counter,574.0,Yes,Yes,No,,,,
20260728,2078,Sales,ccde5e46-22b1-4fd7-8009-ffe387e3e86a-00008641,34369,62564,08  Wadgaonkar  Sales,9852,Yes,08  Wadgaonkar  Sales,3025.0,Yes,Yes,No,,,,
20260728,2079,Sales,ccde5e46-22b1-4fd7-8009-ffe387e3e86a-00008738,34616,62814,04 GHEE COUNTER,9851,Yes,04 GHEE COUNTER,-26911.6,Yes,Yes,No,,,,
20260728,2080,Sales,ccde5e46-22b1-4fd7-8009-ffe387e3e86a-0000873a,34618,62816,04 GHEE COUNTER,9847,Yes,04 GHEE COUNTER,1495.2,Yes,Yes,No,,,,
20260728,2081,Sales,ccde5e46-22b1-4fd7-8009-ffe387e3e86a-0000873b,34619,62817,04 GHEE COUNTER,9820,Yes,04 GHEE COUNTER,-3768.0,Yes,Yes,No,,,,
20260729,2082,Sales,ccde5e46-22b1-4fd7-8009-ffe387e3e86a-00008644,34372,62568,HOTEL LADLI,,Yes,HOTEL LADLI,-640.0,Yes,Yes,No,,,,
20260729,2083,Sales,ccde5e46-22b1-4fd7-8009-ffe387e3e86a-00008645,34373,62569,THE VEGAN  HOTEL,,Yes,THE VEGAN  HOTEL,-3450.0,Yes,Yes,No,,,,
20260729,2083,Sales,ccde5e46-22b1-4fd7-8009-ffe387e3e86a-00008645,34373,62569,THE VEGAN  HOTEL,,Yes,Transport,170.0,No,No,No,,,,
20260729,2084,Sales,ccde5e46-22b1-4fd7-8009-ffe387e3e86a-00008648,34376,62572,12  ATM  A,,Yes,12  ATM  A,-2241.0,Yes,Yes,No,,,,
20260729,2085,Sales,ccde5e46-22b1-4fd7-8009-ffe387e3e86a-0000864c,34380,62576,12  ATM  A,,Yes,12  ATM  A,-8444.92,Yes,Yes,No,,,,
20260729,2086,Sales,ccde5e46-22b1-4fd7-8009-ffe387e3e86a-0000864d,34381,62577,12  ATM  A,,Yes,12  ATM  A,-4585.84,Yes,Yes,No,,,,
20260729,2087,Sales,ccde5e46-22b1-4fd7-8009-ffe387e3e86a-0000864e,34382,62578,01   Yash Morning  Milk Counter,,Yes,01   Yash Morning  Milk Counter,-1680.0,Yes,Yes,No,,,,
20260729,2088,Sales,ccde5e46-22b1-4fd7-8009-ffe387e3e86a-00008655,34389,62585,01   Yash Morning  Milk Counter,,Yes,01   Yash Morning  Milk Counter,-3608.0,Yes,Yes,No,,,,
20260729,2089,Sales,ccde5e46-22b1-4fd7-8009-ffe387e3e86a-0000865e,34398,62594,08  Wadgaonkar  Sales,9862,Yes,08  Wadgaonkar  Sales,-8365.0,Yes,Yes,No,,,,
20260729,2090,Sales,ccde5e46-22b1-4fd7-8009-ffe387e3e86a-00008663,34403,62599,04 GHEE COUNTER,9863,Yes,04 GHEE COUNTER,-50942.2,Yes,Yes,No,,,,
20260729,2091,Sales,ccde5e46-22b1-4fd7-8009-ffe387e3e86a-0000866c,34412,62608,06  BULK  SALE,9859,Yes,06  BULK  SALE,-701.96,Yes,Yes,No,,,,
20260729,2092,Sales,ccde5e46-22b1-4fd7-8009-ffe387e3e86a-00008697,34455,62651,12  ATM  A,,Yes,12  ATM  A,-4411.8,Yes,Yes,No,,,,
20260729,2093,Sales,ccde5e46-22b1-4fd7-8009-ffe387e3e86a-000086ad,34477,62674,02 Rsa Afternoon Milk Counter,,Yes,02 Rsa Afternoon Milk Counter,-1943.44,Yes,Yes,No,,,,
20260729,2094,Sales,ccde5e46-22b1-4fd7-8009-ffe387e3e86a-000086ae,34478,62675,02 Rsa Afternoon Milk Counter,,Yes,02 Rsa Afternoon Milk Counter,-1484.0,Yes,Yes,No,,,,
20260729,2095,Sales,ccde5e46-22b1-4fd7-8009-ffe387e3e86a-000086af,34479,62676,02 Rsa Afternoon Milk Counter,,Yes,02 Rsa Afternoon Milk Counter,-1435.0,Yes,Yes,No,,,,
20260729,2096,Sales,ccde5e46-22b1-4fd7-8009-ffe387e3e86a-000086b0,34480,62677,02 Rsa Afternoon Milk Counter,,Yes,02 Rsa Afternoon Milk Counter,-3526.2,Yes,Yes,No,,,,
20260729,2097,Sales,ccde5e46-22b1-4fd7-8009-ffe387e3e86a-000086b8,34488,62685,06  BULK  SALE,9869,Yes,06  BULK  SALE,-4588.0,Yes,Yes,No,,,,
20260729,2098,Sales,ccde5e46-22b1-4fd7-8009-ffe387e3e86a-000086ca,34506,62703,01   Yash Morning  Milk Counter,,Yes,01   Yash Morning  Milk Counter,2107.6,Yes,Yes,No,,,,
20260729,2099,Sales,ccde5e46-22b1-4fd7-8009-ffe387e3e86a-000086cf,34511,62708,02 Rsa Afternoon Milk Counter,,Yes,02 Rsa Afternoon Milk Counter,-8364.0,Yes,Yes,No,,,,
20260729,2100,Sales,ccde5e46-22b1-4fd7-8009-ffe387e3e86a-000086d4,34516,62713,02 Rsa Afternoon Milk Counter,,Yes,02 Rsa Afternoon Milk Counter,-4592.0,Yes,Yes,No,,,,
20260729,2101,Sales,ccde5e46-22b1-4fd7-8009-ffe387e3e86a-000086d5,34517,62714,02 Rsa Afternoon Milk Counter,,Yes,02 Rsa Afternoon Milk Counter,-2235.1,Yes,Yes,No,,,,
20260729,2102,Sales,ccde5e46-22b1-4fd7-8009-ffe387e3e86a-000086d6,34518,62715,02 Rsa Afternoon Milk Counter,,Yes,02 Rsa Afternoon Milk Counter,-3638.34,Yes,Yes,No,,,,
20260729,2103,Sales,ccde5e46-22b1-4fd7-8009-ffe387e3e86a-000086f5,34549,62746,13  ATM   B,,Yes,13  ATM   B,-3180.6,Yes,Yes,No,,,,
20260729,2104,Sales,ccde5e46-22b1-4fd7-8009-ffe387e3e86a-000086fd,34557,62754,13  ATM   B,,Yes,13  ATM   B,-8459.2,Yes,Yes,No,,,,
20260729,2105,Sales,ccde5e46-22b1-4fd7-8009-ffe387e3e86a-00008709,34569,62767,13  ATM   B,,Yes,13  ATM   B,-5637.2,Yes,Yes,No,,,,
20260729,2106,Sales,ccde5e46-22b1-4fd7-8009-ffe387e3e86a-0000870d,34573,62771,13  ATM   B,,Yes,13  ATM   B,-6966.4,Yes,Yes,No,,,,
20260729,2107,Sales,ccde5e46-22b1-4fd7-8009-ffe387e3e86a-00008713,34579,62777,01   Yash Morning  Milk Counter,,Yes,01   Yash Morning  Milk Counter,-1549.8,Yes,Yes,No,,,,
20260729,2108,Sales,ccde5e46-22b1-4fd7-8009-ffe387e3e86a-00008739,34617,62815,02 Rsa Afternoon Milk Counter,,Yes,02 Rsa Afternoon Milk Counter,-2769.64,Yes,Yes,No,,,,
20260729,2109,Sales,ccde5e46-22b1-4fd7-8009-ffe387e3e86a-0000875b,34651,62849,08  Wadgaonkar  Sales,9875,Yes,08  Wadgaonkar  Sales,1063.0,Yes,Yes,No,,,,
20260729,2110,Sales,ccde5e46-22b1-4fd7-8009-ffe387e3e86a-0000875c,34652,62850,13  ATM   B,,Yes,13  ATM   B,-2089.8,Yes,Yes,No,,,,
20260729,2111,Sales,ccde5e46-22b1-4fd7-8009-ffe387e3e86a-0000875d,34653,62851,02 Rsa Afternoon Milk Counter,,Yes,02 Rsa Afternoon Milk Counter,647.8,Yes,Yes,No,,,,
20260729,2112,Sales,ccde5e46-22b1-4fd7-8009-ffe387e3e86a-0000875e,34654,62852,04 GHEE COUNTER,9876,Yes,04 GHEE COUNTER,2248.56,Yes,Yes,No,,,,
20260729,2113,Sales,ccde5e46-22b1-4fd7-8009-ffe387e3e86a-00008760,34656,62854,04 GHEE COUNTER,9870,Yes,04 GHEE COUNTER,-3768.0,Yes,Yes,No,,,,
20260730,2114,Sales,ccde5e46-22b1-4fd7-8009-ffe387e3e86a-00008763,34659,62857,01   Yash Morning  Milk Counter,,Yes,01   Yash Morning  Milk Counter,-1650.6,Yes,Yes,No,,,,
20260730,2115,Sales,ccde5e46-22b1-4fd7-8009-ffe387e3e86a-00008764,34660,62858,HOTEL LADLI,,Yes,HOTEL LADLI,-640.0,Yes,Yes,No,,,,
20260730,2116,Sales,ccde5e46-22b1-4fd7-8009-ffe387e3e86a-00008765,34661,62859,THE VEGAN  HOTEL,,Yes,THE VEGAN  HOTEL,-3450.0,Yes,Yes,No,,,,
20260730,2116,Sales,ccde5e46-22b1-4fd7-8009-ffe387e3e86a-00008765,34661,62859,THE VEGAN  HOTEL,,Yes,Transport,170.0,No,No,No,,,,
20260730,2117,Sales,ccde5e46-22b1-4fd7-8009-ffe387e3e86a-00008766,34662,62860,13  ATM   B,,Yes,13  ATM   B,-2257.2,Yes,Yes,No,,,,
20260730,2118,Sales,ccde5e46-22b1-4fd7-8009-ffe387e3e86a-00008769,34665,62863,01   Yash Morning  Milk Counter,,Yes,01   Yash Morning  Milk Counter,-3558.8,Yes,Yes,No,,,,
20260730,2119,Sales,ccde5e46-22b1-4fd7-8009-ffe387e3e86a-0000876f,34671,62869,13  ATM   B,,Yes,13  ATM   B,-8493.2,Yes,Yes,No,,,,
20260730,2120,Sales,ccde5e46-22b1-4fd7-8009-ffe387e3e86a-00008774,34676,62874,13  ATM   B,,Yes,13  ATM   B,-2296.0,Yes,Yes,No,,,,
20260730,2121,Sales,ccde5e46-22b1-4fd7-8009-ffe387e3e86a-00008787,34695,62893,04 GHEE COUNTER,,Yes,04 GHEE COUNTER,-41898.2,Yes,Yes,No,,,,
20260730,2122,Sales,ccde5e46-22b1-4fd7-8009-ffe387e3e86a-000087b8,34744,62942,08  Wadgaonkar  Sales,9885,Yes,08  Wadgaonkar  Sales,-6584.0,Yes,Yes,No,,,,
20260730,2123,Sales,ccde5e46-22b1-4fd7-8009-ffe387e3e86a-000087b9,34745,62943,08  Wadgaonkar  Sales,9885,Yes,08  Wadgaonkar  Sales,1458.0,Yes,Yes,No,,,,
20260730,2124,Sales,ccde5e46-22b1-4fd7-8009-ffe387e3e86a-000087ba,34746,62944,09   Pandurang  Sales,9868,Yes,09   Pandurang  Sales,-2318.0,Yes,Yes,No,,,,
20260730,2125,Sales,ccde5e46-22b1-4fd7-8009-ffe387e3e86a-000087bb,34747,62945,09   Pandurang  Sales,9868,Yes,09   Pandurang  Sales,-640.0,Yes,Yes,No,,,,
20260730,2126,Sales,ccde5e46-22b1-4fd7-8009-ffe387e3e86a-000087c3,34755,62953,06  BULK  SALE,9883,Yes,06  BULK  SALE,-2768.5,Yes,Yes,No,,,,
20260730,2127,Sales,ccde5e46-22b1-4fd7-8009-ffe387e3e86a-000087c5,34757,62955,06  BULK  SALE,9891,Yes,06  BULK  SALE,-1140.0,Yes,Yes,No,,,,
20260730,2128,Sales,ccde5e46-22b1-4fd7-8009-ffe387e3e86a-000087e5,34789,62987,02 Rsa Afternoon Milk Counter,,Yes,02 Rsa Afternoon Milk Counter,-1459.6,Yes,Yes,No,,,,
20260730,2129,Sales,ccde5e46-22b1-4fd7-8009-ffe387e3e86a-000087e6,34790,62988,02 Rsa Afternoon Milk Counter,,Yes,02 Rsa Afternoon Milk Counter,-1870.0,Yes,Yes,No,,,,
20260730,2130,Sales,ccde5e46-22b1-4fd7-8009-ffe387e3e86a-000087e7,34791,62989,02 Rsa Afternoon Milk Counter,,Yes,02 Rsa Afternoon Milk Counter,-1528.8,Yes,Yes,No,,,,
20260730,2131,Sales,ccde5e46-22b1-4fd7-8009-ffe387e3e86a-000087e8,34792,62990,02 Rsa Afternoon Milk Counter,,Yes,02 Rsa Afternoon Milk Counter,-3758.4,Yes,Yes,No,,,,
20260730,2132,Sales,ccde5e46-22b1-4fd7-8009-ffe387e3e86a-000087ed,34797,62995,13  ATM   B,,Yes,13  ATM   B,-1247.4,Yes,Yes,No,,,,
20260730,2133,Sales,ccde5e46-22b1-4fd7-8009-ffe387e3e86a-000087ee,34798,62996,01   Yash Morning  Milk Counter,,Yes,01   Yash Morning  Milk Counter,3135.4,Yes,Yes,No,,,,
20260730,2134,Sales,ccde5e46-22b1-4fd7-8009-ffe387e3e86a-000087fd,34813,63011,02 Rsa Afternoon Milk Counter,,Yes,02 Rsa Afternoon Milk Counter,-8317.76,Yes,Yes,No,,,,
20260730,2135,Sales,ccde5e46-22b1-4fd7-8009-ffe387e3e86a-000087fe,34814,63012,02 Rsa Afternoon Milk Counter,,Yes,02 Rsa Afternoon Milk Counter,-1036.0,Yes,Yes,No,,,,
20260730,2136,Sales,ccde5e46-22b1-4fd7-8009-ffe387e3e86a-00008800,34816,63014,02 Rsa Afternoon Milk Counter,,Yes,02 Rsa Afternoon Milk Counter,-3616.2,Yes,Yes,No,,,,
20260730,2137,Sales,ccde5e46-22b1-4fd7-8009-ffe387e3e86a-00008801,34817,63015,08  Wadgaonkar  Sales,9894,Yes,08  Wadgaonkar  Sales,-960.0,Yes,Yes,No,,,,
20260730,2138,Sales,ccde5e46-22b1-4fd7-8009-ffe387e3e86a-00008802,34818,63016,09   Pandurang  Sales,9892,Yes,09   Pandurang  Sales,-360.0,Yes,Yes,No,,,,
20260730,2139,Sales,ccde5e46-22b1-4fd7-8009-ffe387e3e86a-00008803,34819,63017,02 Rsa Afternoon Milk Counter,,Yes,02 Rsa Afternoon Milk Counter,-8207.6,Yes,Yes,No,,,,
20260730,2140,Sales,ccde5e46-22b1-4fd7-8009-ffe387e3e86a-00008804,34820,63018,12  ATM  A,,Yes,12  ATM  A,-8316.4,Yes,Yes,No,,,,
20260730,2141,Sales,ccde5e46-22b1-4fd7-8009-ffe387e3e86a-00008807,34823,63021,12  ATM  A,,Yes,12  ATM  A,-4415.58,Yes,Yes,No,,,,
20260730,2142,Sales,ccde5e46-22b1-4fd7-8009-ffe387e3e86a-0000880c,34828,63026,12  ATM  A,,Yes,12  ATM  A,-6837.6,Yes,Yes,No,,,,
20260730,2143,Sales,ccde5e46-22b1-4fd7-8009-ffe387e3e86a-0000880e,34830,63028,02 Rsa Afternoon Milk Counter,,Yes,02 Rsa Afternoon Milk Counter,-1104.84,Yes,Yes,No,,,,
20260730,2144,Sales,ccde5e46-22b1-4fd7-8009-ffe387e3e86a-0000880f,34831,63029,02 Rsa Afternoon Milk Counter,,Yes,02 Rsa Afternoon Milk Counter,-1763.3,Yes,Yes,No,,,,
20260730,2145,Sales,ccde5e46-22b1-4fd7-8009-ffe387e3e86a-00008810,34832,63030,06  BULK  SALE,9891,Yes,06  BULK  SALE,-320.0,Yes,Yes,No,,,,
20260730,2146,Sales,ccde5e46-22b1-4fd7-8009-ffe387e3e86a-00008814,34836,63034,01   Yash Morning  Milk Counter,,Yes,01   Yash Morning  Milk Counter,-1403.02,Yes,Yes,No,,,,
20260730,2147,Sales,ccde5e46-22b1-4fd7-8009-ffe387e3e86a-00008816,34838,63036,09   Pandurang  Sales,9899,Yes,09   Pandurang  Sales,1042.0,Yes,Yes,No,,,,
20260730,2148,Sales,ccde5e46-22b1-4fd7-8009-ffe387e3e86a-00008817,34839,63037,08  Wadgaonkar  Sales,9897,Yes,08  Wadgaonkar  Sales,890.0,Yes,Yes,No,,,,
20260730,2149,Sales,ccde5e46-22b1-4fd7-8009-ffe387e3e86a-00008818,34840,63038,06  BULK  SALE,9899,Yes,06  BULK  SALE,-708.0,Yes,Yes,No,,,,
20260730,2150,Sales,ccde5e46-22b1-4fd7-8009-ffe387e3e86a-00008819,34841,63039,06  BULK  SALE,9798,Yes,06  BULK  SALE,-790.0,Yes,Yes,No,,,,
20260730,2151,Sales,ccde5e46-22b1-4fd7-8009-ffe387e3e86a-0000881a,34842,63040,13  ATM   B,,Yes,13  ATM   B,3755.4,Yes,Yes,No,,,,
20260730,2152,Sales,ccde5e46-22b1-4fd7-8009-ffe387e3e86a-0000881c,34844,63042,02 Rsa Afternoon Milk Counter,,Yes,02 Rsa Afternoon Milk Counter,1362.6,Yes,Yes,No,,,,
20260730,2153,Sales,ccde5e46-22b1-4fd7-8009-ffe387e3e86a-0000881e,34846,63044,02 Rsa Afternoon Milk Counter,,Yes,02 Rsa Afternoon Milk Counter,-4580.8,Yes,Yes,No,,,,
20260730,2154,Sales,ccde5e46-22b1-4fd7-8009-ffe387e3e86a-00008841,34881,63079,04 GHEE COUNTER,9803,Yes,04 GHEE COUNTER,-457.68,Yes,Yes,No,,,,
20260730,2155,Sales,ccde5e46-22b1-4fd7-8009-ffe387e3e86a-0000884a,34890,63090,04 GHEE COUNTER,9900,Yes,04 GHEE COUNTER,-619.28,Yes,Yes,No,,,,
20260731,2156,Sales,ccde5e46-22b1-4fd7-8009-ffe387e3e86a-0000881f,34847,63045,HOTEL LADLI,,Yes,HOTEL LADLI,-640.0,Yes,Yes,No,,,,
20260731,2157,Sales,ccde5e46-22b1-4fd7-8009-ffe387e3e86a-00008821,34849,63047,01   Yash Morning  Milk Counter,,Yes,01   Yash Morning  Milk Counter,-1994.3,Yes,Yes,No,,,,
20260731,2158,Sales,ccde5e46-22b1-4fd7-8009-ffe387e3e86a-00008824,34852,63050,12  ATM  A,,Yes,12  ATM  A,-4541.6,Yes,Yes,No,,,,
20260731,2159,Sales,ccde5e46-22b1-4fd7-8009-ffe387e3e86a-0000882c,34860,63058,01   Yash Morning  Milk Counter,,Yes,01   Yash Morning  Milk Counter,-3550.6,Yes,Yes,No,,,,
20260731,2160,Sales,ccde5e46-22b1-4fd7-8009-ffe387e3e86a-00008831,34865,63063,08  Wadgaonkar  Sales,9901,Yes,08  Wadgaonkar  Sales,-7084.0,Yes,Yes,No,,,,
20260731,2161,Sales,ccde5e46-22b1-4fd7-8009-ffe387e3e86a-00008832,34866,63064,09   Pandurang  Sales,9902,Yes,09   Pandurang  Sales,-2473.0,Yes,Yes,No,,,,
20260731,2162,Sales,ccde5e46-22b1-4fd7-8009-ffe387e3e86a-00008844,34884,3728,Suprabhat Dairy  Phulambri,,Yes,Suprabhat Dairy  Phulambri,-15629.0,Yes,Yes,No,,,,
20260731,2163,Sales,ccde5e46-22b1-4fd7-8009-ffe387e3e86a-00008848,34888,63087,12  ATM  A,,Yes,12  ATM  A,-4298.4,Yes,Yes,No,,,,
20260731,2164,Sales,ccde5e46-22b1-4fd7-8009-ffe387e3e86a-00008849,34889,63089,02 Rsa Afternoon Milk Counter,,Yes,02 Rsa Afternoon Milk Counter,-3682.8,Yes,Yes,No,,,,
20260731,2165,Sales,ccde5e46-22b1-4fd7-8009-ffe387e3e86a-00008859,34905,63105,04 GHEE COUNTER,9905,Yes,04 GHEE COUNTER,-17863.4,Yes,Yes,No,,,,
20260731,2166,Sales,ccde5e46-22b1-4fd7-8009-ffe387e3e86a-0000885b,34907,63107,02 Rsa Afternoon Milk Counter,,Yes,02 Rsa Afternoon Milk Counter,-2070.6,Yes,Yes,No,,,,
20260731,2167,Sales,ccde5e46-22b1-4fd7-8009-ffe387e3e86a-0000885e,34910,63110,02 Rsa Afternoon Milk Counter,,Yes,02 Rsa Afternoon Milk Counter,-1568.0,Yes,Yes,No,,,,
20260731,2168,Sales,ccde5e46-22b1-4fd7-8009-ffe387e3e86a-0000885f,34911,63111,02 Rsa Afternoon Milk Counter,,Yes,02 Rsa Afternoon Milk Counter,-1599.0,Yes,Yes,No,,,,
20260731,2169,Sales,ccde5e46-22b1-4fd7-8009-ffe387e3e86a-00008864,34916,63116,12  ATM  A,,Yes,12  ATM  A,-8139.6,Yes,Yes,No,,,,
20260731,2170,Sales,ccde5e46-22b1-4fd7-8009-ffe387e3e86a-00008866,34918,63118,12  ATM  A,,Yes,12  ATM  A,-2699.6,Yes,Yes,No,,,,
20260731,2171,Sales,ccde5e46-22b1-4fd7-8009-ffe387e3e86a-0000886a,34922,63122,01   Yash Morning  Milk Counter,,Yes,01   Yash Morning  Milk Counter,3387.0,Yes,Yes,No,,,,
20260731,2172,Sales,ccde5e46-22b1-4fd7-8009-ffe387e3e86a-0000886c,34924,63124,02 Rsa Afternoon Milk Counter,,Yes,02 Rsa Afternoon Milk Counter,-8166.8,Yes,Yes,No,,,,
20260731,2173,Sales,ccde5e46-22b1-4fd7-8009-ffe387e3e86a-0000886d,34925,63125,02 Rsa Afternoon Milk Counter,,Yes,02 Rsa Afternoon Milk Counter,-1666.0,Yes,Yes,No,,,,
20260731,2174,Sales,ccde5e46-22b1-4fd7-8009-ffe387e3e86a-0000886e,34926,63126,02 Rsa Afternoon Milk Counter,,Yes,02 Rsa Afternoon Milk Counter,-4596.48,Yes,Yes,No,,,,
20260731,2175,Sales,ccde5e46-22b1-4fd7-8009-ffe387e3e86a-0000886f,34927,63127,02 Rsa Afternoon Milk Counter,,Yes,02 Rsa Afternoon Milk Counter,-3664.58,Yes,Yes,No,,,,
20260731,2176,Sales,ccde5e46-22b1-4fd7-8009-ffe387e3e86a-0000888c,34956,63156,04 GHEE COUNTER,,Yes,04 GHEE COUNTER,-2000.0,Yes,Yes,No,,,,
20260731,2177,Sales,ccde5e46-22b1-4fd7-8009-ffe387e3e86a-000088cd,35021,63221,09   Pandurang  Sales,,Yes,09   Pandurang  Sales,895.0,Yes,Yes,No,,,,
20260731,2178,Sales,ccde5e46-22b1-4fd7-8009-ffe387e3e86a-000088ce,35022,63222,02 Rsa Afternoon Milk Counter,,Yes,02 Rsa Afternoon Milk Counter,-1114.4,Yes,Yes,No,,,,
20260731,2179,Sales,ccde5e46-22b1-4fd7-8009-ffe387e3e86a-000088cf,35023,63223,12  ATM  A,,Yes,12  ATM  A,-8234.8,Yes,Yes,No,,,,
20260731,2180,Sales,ccde5e46-22b1-4fd7-8009-ffe387e3e86a-000088d0,35024,63224,12  ATM  A,,Yes,12  ATM  A,-4401.0,Yes,Yes,No,,,,
20260731,2181,Sales,ccde5e46-22b1-4fd7-8009-ffe387e3e86a-000088d1,35025,63225,02 Rsa Afternoon Milk Counter,,Yes,02 Rsa Afternoon Milk Counter,-1679.6,Yes,Yes,No,,,,
20260731,2182,Sales,ccde5e46-22b1-4fd7-8009-ffe387e3e86a-000088d2,35026,63226,01   Yash Morning  Milk Counter,,Yes,01   Yash Morning  Milk Counter,-1394.0,Yes,Yes,No,,,,
20260731,2183,Sales,ccde5e46-22b1-4fd7-8009-ffe387e3e86a-000088d3,35027,63227,12  ATM  A,,Yes,12  ATM  A,-4465.8,Yes,Yes,No,,,,
20260731,2184,Sales,ccde5e46-22b1-4fd7-8009-ffe387e3e86a-000088d4,35028,63228,12  ATM  A,,Yes,12  ATM  A,-5405.4,Yes,Yes,No,,,,
20260731,2185,Sales,ccde5e46-22b1-4fd7-8009-ffe387e3e86a-000088e9,35049,63249,08  Wadgaonkar  Sales,,Yes,08  Wadgaonkar  Sales,1836.0,Yes,Yes,No,,,,
20260731,2186,Sales,ccde5e46-22b1-4fd7-8009-ffe387e3e86a-000088fd,35069,63270,01   Yash Morning  Milk Counter,,Yes,01   Yash Morning  Milk Counter,0.0,Yes,Yes,No,,,,
20260731,2187,Sales,ccde5e46-22b1-4fd7-8009-ffe387e3e86a-000088fe,35070,63271,02 Rsa Afternoon Milk Counter,,Yes,02 Rsa Afternoon Milk Counter,1670.6,Yes,Yes,No,,,,
20260731,2188,Sales,ccde5e46-22b1-4fd7-8009-ffe387e3e86a-00008902,35074,63275,04 GHEE COUNTER,9915,Yes,04 GHEE COUNTER,-47154.2,Yes,Yes,No,,,,
20260801,2189,Sales,ccde5e46-22b1-4fd7-8009-ffe387e3e86a-00008900,35072,63273,HOTEL LADLI,,Yes,HOTEL LADLI,-640.0,Yes,Yes,No,,,,
20260801,2190,Sales,ccde5e46-22b1-4fd7-8009-ffe387e3e86a-00008901,35073,63274,01   Yash Morning  Milk Counter,,Yes,01   Yash Morning  Milk Counter,-1561.0,Yes,Yes,No,,,,
20260801,2191,Sales,ccde5e46-22b1-4fd7-8009-ffe387e3e86a-00008903,35075,63276,01   Yash Morning  Milk Counter,,Yes,01   Yash Morning  Milk Counter,-3493.2,Yes,Yes,No,,,,
20260801,2192,Sales,ccde5e46-22b1-4fd7-8009-ffe387e3e86a-00008904,35076,63277,12  ATM  A,,Yes,12  ATM  A,-2289.28,Yes,Yes,No,,,,
20260801,2193,Sales,ccde5e46-22b1-4fd7-8009-ffe387e3e86a-00008905,35077,63278,12  ATM  A,,Yes,12  ATM  A,-5596.4,Yes,Yes,No,,,,
20260801,2194,Sales,ccde5e46-22b1-4fd7-8009-ffe387e3e86a-00008906,35078,4469,08  Wadgaonkar  Sales,9923,Yes,08  Wadgaonkar  Sales,-6374.0,Yes,Yes,No,,,,
20260801,2195,Sales,ccde5e46-22b1-4fd7-8009-ffe387e3e86a-000005d0,1488,4470,08  Wadgaonkar  Sales,,Yes,08  Wadgaonkar  Sales,806.0,Yes,Yes,No,,,,
20260801,2196,Sales,ccde5e46-22b1-4fd7-8009-ffe387e3e86a-00008907,35079,4472,09   Pandurang  Sales,9924,Yes,09   Pandurang  Sales,-2238.0,Yes,Yes,No,,,,
20260801,2197,Sales,ccde5e46-22b1-4fd7-8009-ffe387e3e86a-0000890f,35087,63419,THE VEGAN  HOTEL,,Yes,THE VEGAN  HOTEL,-3450.0,Yes,Yes,No,,,,
20260801,2197,Sales,ccde5e46-22b1-4fd7-8009-ffe387e3e86a-0000890f,35087,63419,THE VEGAN  HOTEL,,Yes,Transport,170.0,No,No,No,,,,
20260801,2198,Sales,ccde5e46-22b1-4fd7-8009-ffe387e3e86a-00008910,35088,63447,02 Rsa Afternoon Milk Counter,,Yes,02 Rsa Afternoon Milk Counter,-456.0,Yes,Yes,No,,,,
20260801,2199,Sales,ccde5e46-22b1-4fd7-8009-ffe387e3e86a-00008914,35092,63511,ANNAAMRITA FOUNDATION,,Yes,ANNAAMRITA FOUNDATION,-1600.0,Yes,Yes,No,,,,
20260801,2200,Sales,ccde5e46-22b1-4fd7-8009-ffe387e3e86a-00008915,35093,63512,06  BULK  SALE,9919,Yes,06  BULK  SALE,-1824.32,Yes,Yes,No,,,,
20260801,2201,Sales,ccde5e46-22b1-4fd7-8009-ffe387e3e86a-00008918,35096,63515,02 Rsa Afternoon Milk Counter,,Yes,02 Rsa Afternoon Milk Counter,-4152.6,Yes,Yes,No,,,,
20260801,2202,Sales,ccde5e46-22b1-4fd7-8009-ffe387e3e86a-00008919,35097,63516,02 Rsa Afternoon Milk Counter,,Yes,02 Rsa Afternoon Milk Counter,-3760.4,Yes,Yes,No,,,,
20260801,2203,Sales,ccde5e46-22b1-4fd7-8009-ffe387e3e86a-0000891a,35098,63517,02 Rsa Afternoon Milk Counter,,Yes,02 Rsa Afternoon Milk Counter,-2716.0,Yes,Yes,No,,,,
20260801,2204,Sales,ccde5e46-22b1-4fd7-8009-ffe387e3e86a-0000891b,35099,63518,02 Rsa Afternoon Milk Counter,,Yes,02 Rsa Afternoon Milk Counter,-4985.6,Yes,Yes,No,,,,
20260801,2205,Sales,ccde5e46-22b1-4fd7-8009-ffe387e3e86a-0000891c,35100,63519,13  ATM   B,,Yes,13  ATM   B,-8336.8,Yes,Yes,No,,,,
20260801,2206,Sales,ccde5e46-22b1-4fd7-8009-ffe387e3e86a-0000891d,35101,63520,02 Rsa Afternoon Milk Counter,,Yes,02 Rsa Afternoon Milk Counter,-8364.0,Yes,Yes,No,,,,
20260801,2207,Sales,ccde5e46-22b1-4fd7-8009-ffe387e3e86a-0000891e,35102,63521,02 Rsa Afternoon Milk Counter,,Yes,02 Rsa Afternoon Milk Counter,-4612.16,Yes,Yes,No,,,,
20260801,2208,Sales,ccde5e46-22b1-4fd7-8009-ffe387e3e86a-0000891f,35103,63522,02 Rsa Afternoon Milk Counter,,Yes,02 Rsa Afternoon Milk Counter,-2569.0,Yes,Yes,No,,,,
20260801,2209,Sales,ccde5e46-22b1-4fd7-8009-ffe387e3e86a-00008920,35104,63523,13  ATM   B,,Yes,13  ATM   B,-4266.0,Yes,Yes,No,,,,
20260801,2210,Sales,ccde5e46-22b1-4fd7-8009-ffe387e3e86a-00008922,35106,63525,13  ATM   B,,Yes,13  ATM   B,-4608.24,Yes,Yes,No,,,,
20260801,2211,Sales,ccde5e46-22b1-4fd7-8009-ffe387e3e86a-00008923,35107,63526,13  ATM   B,,Yes,13  ATM   B,-4631.2,Yes,Yes,No,,,,
20260801,2212,Sales,ccde5e46-22b1-4fd7-8009-ffe387e3e86a-00008924,35108,63527,13  ATM   B,,Yes,13  ATM   B,-8296.0,Yes,Yes,No,,,,
20260801,2213,Sales,ccde5e46-22b1-4fd7-8009-ffe387e3e86a-00008925,35109,63528,01   Yash Morning  Milk Counter,,Yes,01   Yash Morning  Milk Counter,-1625.24,Yes,Yes,No,,,,
20260801,2214,Sales,ccde5e46-22b1-4fd7-8009-ffe387e3e86a-00008926,35110,63529,06  BULK  SALE,9925,Yes,06  BULK  SALE,-7413.5,Yes,Yes,No,,,,
20260801,2215,Sales,ccde5e46-22b1-4fd7-8009-ffe387e3e86a-00008935,35125,63544,06  BULK  SALE,9931,Yes,06  BULK  SALE,-3248.0,Yes,Yes,No,,,,
20260801,2216,Sales,ccde5e46-22b1-4fd7-8009-ffe387e3e86a-00008937,35127,4474,09   Pandurang  Sales,9937,Yes,09   Pandurang  Sales,694.0,Yes,Yes,No,,,,
20260801,2217,Sales,ccde5e46-22b1-4fd7-8009-ffe387e3e86a-0000893c,35132,63551,02 Rsa Afternoon Milk Counter,,Yes,02 Rsa Afternoon Milk Counter,1612.8,Yes,Yes,No,,,,
20260801,2218,Sales,ccde5e46-22b1-4fd7-8009-ffe387e3e86a-00008982,35202,63681,06  BULK  SALE,9937,Yes,06  BULK  SALE,-579.0,Yes,Yes,No,,,,
20260801,2219,Sales,ccde5e46-22b1-4fd7-8009-ffe387e3e86a-00008987,35207,63686,04 GHEE COUNTER,9921,Yes,04 GHEE COUNTER,-2122.8,Yes,Yes,No,,,,
20260801,2220,Sales,ccde5e46-22b1-4fd7-8009-ffe387e3e86a-00008988,35208,63687,04 GHEE COUNTER,9929,Yes,04 GHEE COUNTER,-40573.0,Yes,Yes,No,,,,
20260801,2221,Sales,ccde5e46-22b1-4fd7-8009-ffe387e3e86a-00008989,35209,63688,04 GHEE COUNTER,9933,Yes,04 GHEE COUNTER,-80.96,Yes,Yes,No,,,,
20260801,2222,Sales,ccde5e46-22b1-4fd7-8009-ffe387e3e86a-0000898a,35210,63689,04 GHEE COUNTER,9932,Yes,04 GHEE COUNTER,-13395.6,Yes,Yes,No,,,,
20260801,2223,Sales,ccde5e46-22b1-4fd7-8009-ffe387e3e86a-0000898b,35211,63690,04 GHEE COUNTER,9938,Yes,04 GHEE COUNTER,413.28,Yes,Yes,No,,,,
20260802,2224,Sales,ccde5e46-22b1-4fd7-8009-ffe387e3e86a-0000893d,35133,63552,13  ATM   B,,Yes,13  ATM   B,-2127.06,Yes,Yes,No,,,,
20260802,2225,Sales,ccde5e46-22b1-4fd7-8009-ffe387e3e86a-0000893e,35134,63553,01   Yash Morning  Milk Counter,,Yes,01   Yash Morning  Milk Counter,-1691.2,Yes,Yes,No,,,,
20260802,2226,Sales,ccde5e46-22b1-4fd7-8009-ffe387e3e86a-0000893f,35135,63554,01   Yash Morning  Milk Counter,,Yes,01   Yash Morning  Milk Counter,-3632.6,Yes,Yes,No,,,,
20260802,2227,Sales,ccde5e46-22b1-4fd7-8009-ffe387e3e86a-00008940,35136,63555,HOTEL LADLI,,Yes,HOTEL LADLI,-640.0,Yes,Yes,No,,,,
20260802,2228,Sales,ccde5e46-22b1-4fd7-8009-ffe387e3e86a-00008949,35145,63564,13  ATM   B,,Yes,13  ATM   B,-8472.8,Yes,Yes,No,,,,
20260802,2229,Sales,ccde5e46-22b1-4fd7-8009-ffe387e3e86a-00008950,35152,63571,13  ATM   B,,Yes,13  ATM   B,-3402.0,Yes,Yes,No,,,,
20260802,2230,Sales,ccde5e46-22b1-4fd7-8009-ffe387e3e86a-00008951,35153,63572,13  ATM   B,,Yes,13  ATM   B,-4552.8,Yes,Yes,No,,,,
20260802,2231,Sales,ccde5e46-22b1-4fd7-8009-ffe387e3e86a-0000895b,35163,63582,02 Rsa Afternoon Milk Counter,,Yes,02 Rsa Afternoon Milk Counter,-3769.2,Yes,Yes,No,,,,
20260802,2232,Sales,ccde5e46-22b1-4fd7-8009-ffe387e3e86a-0000895c,35164,63583,02 Rsa Afternoon Milk Counter,,Yes,02 Rsa Afternoon Milk Counter,-536.0,Yes,Yes,No,,,,
20260802,2233,Sales,ccde5e46-22b1-4fd7-8009-ffe387e3e86a-0000895f,35167,63586,02 Rsa Afternoon Milk Counter,,Yes,02 Rsa Afternoon Milk Counter,-2012.8,Yes,Yes,No,,,,
20260802,2234,Sales,ccde5e46-22b1-4fd7-8009-ffe387e3e86a-00008961,35169,63588,02 Rsa Afternoon Milk Counter,,Yes,02 Rsa Afternoon Milk Counter,-1528.8,Yes,Yes,No,,,,
20260802,2235,Sales,ccde5e46-22b1-4fd7-8009-ffe387e3e86a-00008962,35170,63589,08  Wadgaonkar  Sales,9954,Yes,08  Wadgaonkar  Sales,-6870.0,Yes,Yes,No,,,,
20260802,2236,Sales,ccde5e46-22b1-4fd7-8009-ffe387e3e86a-00008963,35171,63590,09   Pandurang  Sales,9952,Yes,09   Pandurang  Sales,-2720.0,Yes,Yes,No,,,,
20260802,2237,Sales,ccde5e46-22b1-4fd7-8009-ffe387e3e86a-00008964,35172,63591,THE VEGAN  HOTEL,,Yes,THE VEGAN  HOTEL,-3450.0,Yes,Yes,No,,,,
20260802,2237,Sales,ccde5e46-22b1-4fd7-8009-ffe387e3e86a-00008964,35172,63591,THE VEGAN  HOTEL,,Yes,Transport,170.0,No,No,No,,,,
20260802,2238,Sales,ccde5e46-22b1-4fd7-8009-ffe387e3e86a-00008965,35173,63652,02 Rsa Afternoon Milk Counter,,Yes,02 Rsa Afternoon Milk Counter,-464.0,Yes,Yes,No,,,,
20260802,2239,Sales,ccde5e46-22b1-4fd7-8009-ffe387e3e86a-00008966,35174,63653,01   Yash Morning  Milk Counter,,Yes,01   Yash Morning  Milk Counter,1230.0,Yes,Yes,No,,,,
20260802,2240,Sales,ccde5e46-22b1-4fd7-8009-ffe387e3e86a-0000896a,35178,63657,09   Pandurang  Sales,,Yes,09   Pandurang  Sales,-360.0,Yes,Yes,No,,,,
20260802,2241,Sales,ccde5e46-22b1-4fd7-8009-ffe387e3e86a-0000896b,35179,63658,08  Wadgaonkar  Sales,9965,Yes,08  Wadgaonkar  Sales,936.0,Yes,Yes,No,,,,
20260802,2242,Sales,ccde5e46-22b1-4fd7-8009-ffe387e3e86a-0000896c,35180,63659,09   Pandurang  Sales,,Yes,09   Pandurang  Sales,430.0,Yes,Yes,No,,,,
20260802,2243,Sales,ccde5e46-22b1-4fd7-8009-ffe387e3e86a-00008971,35185,63664,08  Wadgaonkar  Sales,9954,Yes,08  Wadgaonkar  Sales,-6870.0,Yes,Yes,No,,,,
20260802,2244,Sales,ccde5e46-22b1-4fd7-8009-ffe387e3e86a-00008972,35186,63665,08  Wadgaonkar  Sales,9965,Yes,08  Wadgaonkar  Sales,936.0,Yes,Yes,No,,,,
20260802,2245,Sales,ccde5e46-22b1-4fd7-8009-ffe387e3e86a-00008973,35187,63666,09   Pandurang  Sales,9952,Yes,09   Pandurang  Sales,-2720.0,Yes,Yes,No,,,,
20260802,2246,Sales,ccde5e46-22b1-4fd7-8009-ffe387e3e86a-00008974,35188,63667,09   Pandurang  Sales,9958,Yes,09   Pandurang  Sales,-680.0,Yes,Yes,No,,,,
20260802,2247,Sales,ccde5e46-22b1-4fd7-8009-ffe387e3e86a-00008975,35189,63668,09   Pandurang  Sales,9966,Yes,09   Pandurang  Sales,430.0,Yes,Yes,No,,,,
20260802,2248,Sales,ccde5e46-22b1-4fd7-8009-ffe387e3e86a-00008976,35190,63669,06  BULK  SALE,9949,Yes,06  BULK  SALE,-28569.0,Yes,Yes,No,,,,
20260802,2249,Sales,ccde5e46-22b1-4fd7-8009-ffe387e3e86a-00008977,35191,63670,06  BULK  SALE,9950,Yes,06  BULK  SALE,2207.48,Yes,Yes,No,,,,
20260802,2250,Sales,ccde5e46-22b1-4fd7-8009-ffe387e3e86a-00008978,35192,63671,06  BULK  SALE,9956,Yes,06  BULK  SALE,-4374.0,Yes,Yes,No,,,,
20260802,2251,Sales,ccde5e46-22b1-4fd7-8009-ffe387e3e86a-00008979,35193,63672,06  BULK  SALE,9965,Yes,06  BULK  SALE,-822.0,Yes,Yes,No,,,,
20260802,2252,Sales,ccde5e46-22b1-4fd7-8009-ffe387e3e86a-0000897a,35194,63673,06  BULK  SALE,9966,Yes,06  BULK  SALE,-380.0,Yes,Yes,No,,,,
20260802,2253,Sales,ccde5e46-22b1-4fd7-8009-ffe387e3e86a-0000898c,35212,63691,04 GHEE COUNTER,9953,Yes,04 GHEE COUNTER,-42505.2,Yes,Yes,No,,,,
20260802,2254,Sales,ccde5e46-22b1-4fd7-8009-ffe387e3e86a-0000898d,35213,63692,04 GHEE COUNTER,9959,Yes,04 GHEE COUNTER,-13229.6,Yes,Yes,No,,,,
20260802,2255,Sales,ccde5e46-22b1-4fd7-8009-ffe387e3e86a-0000898e,35214,63693,04 GHEE COUNTER,9964,Yes,04 GHEE COUNTER,386.16,Yes,Yes,No,,,,
20260803,2256,Sales,ccde5e46-22b1-4fd7-8009-ffe387e3e86a-0000896f,35183,63662,01   Yash Morning  Milk Counter,,Yes,01   Yash Morning  Milk Counter,-1031.4,Yes,Yes,No,,,,
20260803,2257,Sales,ccde5e46-22b1-4fd7-8009-ffe387e3e86a-00008970,35184,63663,01   Yash Morning  Milk Counter,,Yes,01   Yash Morning  Milk Counter,-1700.0,Yes,Yes,No,,,,
20260803,2258,Sales,ccde5e46-22b1-4fd7-8009-ffe387e3e86a-0000897b,35195,63674,13  ATM   B,,Yes,13  ATM   B,-2296.0,Yes,Yes,No,,,,
20260803,2259,Sales,ccde5e46-22b1-4fd7-8009-ffe387e3e86a-0000897c,35196,63675,13  ATM   B,,Yes,13  ATM   B,-5378.8,Yes,Yes,No,,,,
20260803,2260,Sales,ccde5e46-22b1-4fd7-8009-ffe387e3e86a-0000897d,35197,63676,01   Yash Morning  Milk Counter,,Yes,01   Yash Morning  Milk Counter,-1465.34,Yes,Yes,No,,,,
20260803,2261,Sales,ccde5e46-22b1-4fd7-8009-ffe387e3e86a-0000897e,35198,63677,THE VEGAN  HOTEL,,Yes,THE VEGAN  HOTEL,-3420.0,Yes,Yes,No,,,,
20260803,2261,Sales,ccde5e46-22b1-4fd7-8009-ffe387e3e86a-0000897e,35198,63677,THE VEGAN  HOTEL,,Yes,Transport,140.0,No,No,No,,,,
20260803,2262,Sales,ccde5e46-22b1-4fd7-8009-ffe387e3e86a-0000897f,35199,63678,08  Wadgaonkar  Sales,9977,Yes,08  Wadgaonkar  Sales,-6110.0,Yes,Yes,No,,,,
20260803,2263,Sales,ccde5e46-22b1-4fd7-8009-ffe387e3e86a-00008980,35200,63679,09   Pandurang  Sales,9983,Yes,09   Pandurang  Sales,-2140.0,Yes,Yes,No,,,,
20260803,2264,Sales,ccde5e46-22b1-4fd7-8009-ffe387e3e86a-00008983,35203,63682,02 Rsa Afternoon Milk Counter,,Yes,02 Rsa Afternoon Milk Counter,-360.0,Yes,Yes,No,,,,
20260803,2265,Sales,ccde5e46-22b1-4fd7-8009-ffe387e3e86a-00008984,35204,63683,01   Yash Morning  Milk Counter,,Yes,01   Yash Morning  Milk Counter,1229.4,Yes,Yes,No,,,,
20260803,2266,Sales,ccde5e46-22b1-4fd7-8009-ffe387e3e86a-00008985,35205,63684,06  BULK  SALE,9978,Yes,06  BULK  SALE,-5886.36,Yes,Yes,No,,,,
20260803,2267,Sales,ccde5e46-22b1-4fd7-8009-ffe387e3e86a-00008986,35206,63685,06  BULK  SALE,9979,Yes,06  BULK  SALE,-3240.0,Yes,Yes,No,,,,
20260803,2268,Sales,ccde5e46-22b1-4fd7-8009-ffe387e3e86a-0000898f,35215,63694,13  ATM   B,,Yes,13  ATM   B,2375.2,Yes,Yes,No,,,,
20260803,2269,Sales,ccde5e46-22b1-4fd7-8009-ffe387e3e86a-00008991,35217,63696,02 Rsa Afternoon Milk Counter,,Yes,02 Rsa Afternoon Milk Counter,-8248.4,Yes,Yes,No,,,,
20260803,2270,Sales,ccde5e46-22b1-4fd7-8009-ffe387e3e86a-00008992,35218,63697,02 Rsa Afternoon Milk Counter,,Yes,02 Rsa Afternoon Milk Counter,-4444.2,Yes,Yes,No,,,,
20260803,2271,Sales,ccde5e46-22b1-4fd7-8009-ffe387e3e86a-00008993,35219,63698,02 Rsa Afternoon Milk Counter,,Yes,02 Rsa Afternoon Milk Counter,-2675.4,Yes,Yes,No,,,,
20260803,2272,Sales,ccde5e46-22b1-4fd7-8009-ffe387e3e86a-00008994,35220,63699,02 Rsa Afternoon Milk Counter,,Yes,02 Rsa Afternoon Milk Counter,-3558.8,Yes,Yes,No,,,,
20260803,2273,Sales,ccde5e46-22b1-4fd7-8009-ffe387e3e86a-00008995,35221,63700,09   Pandurang  Sales,9937,Yes,09   Pandurang  Sales,-940.0,Yes,Yes,No,,,,
20260803,2274,Sales,ccde5e46-22b1-4fd7-8009-ffe387e3e86a-00008996,35222,63701,04 GHEE COUNTER,9989,Yes,04 GHEE COUNTER,702.0,Yes,Yes,No,,,,
20260803,2275,Sales,ccde5e46-22b1-4fd7-8009-ffe387e3e86a-00008997,35223,63702,04 GHEE COUNTER,9973,Yes,04 GHEE COUNTER,-8961.12,Yes,Yes,No,,,,
20260803,2276,Sales,ccde5e46-22b1-4fd7-8009-ffe387e3e86a-00008998,35224,63703,04 GHEE COUNTER,9976,Yes,04 GHEE COUNTER,-30932.0,Yes,Yes,No,,,,
20260803,2277,Sales,ccde5e46-22b1-4fd7-8009-ffe387e3e86a-00008999,35225,63704,04 GHEE COUNTER,9980,Yes,04 GHEE COUNTER,-17008.0,Yes,Yes,No,,,,
20260803,2278,Sales,ccde5e46-22b1-4fd7-8009-ffe387e3e86a-0000899a,35226,63705,12  ATM  A,,Yes,12  ATM  A,-8309.6,Yes,Yes,No,,,,
20260803,2279,Sales,ccde5e46-22b1-4fd7-8009-ffe387e3e86a-0000899b,35227,63706,12  ATM  A,,Yes,12  ATM  A,-6848.8,Yes,Yes,No,,,,
20260803,2280,Sales,ccde5e46-22b1-4fd7-8009-ffe387e3e86a-0000899c,35228,63707,12  ATM  A,,Yes,12  ATM  A,-4444.2,Yes,Yes,No,,,,
20260803,2281,Sales,ccde5e46-22b1-4fd7-8009-ffe387e3e86a-0000899d,35229,63708,12  ATM  A,,Yes,12  ATM  A,-8316.4,Yes,Yes,No,,,,
20260804,2282,Sales,ccde5e46-22b1-4fd7-8009-ffe387e3e86a-00000003,3,3,01   Yash Morning  Milk Counter,,Yes,01   Yash Morning  Milk Counter,-2665.6,Yes,Yes,No,,,,
20260804,2283,Sales,ccde5e46-22b1-4fd7-8009-ffe387e3e86a-00000004,4,4,01   Yash Morning  Milk Counter,,Yes,01   Yash Morning  Milk Counter,-2270.24,Yes,Yes,No,,,,
20260804,2284,Sales,ccde5e46-22b1-4fd7-8009-ffe387e3e86a-00000005,5,5,01   Yash Morning  Milk Counter,,Yes,01   Yash Morning  Milk Counter,-2296.0,Yes,Yes,No,,,,
20260804,2285,Sales,ccde5e46-22b1-4fd7-8009-ffe387e3e86a-00000006,6,6,01   Yash Morning  Milk Counter,,Yes,01   Yash Morning  Milk Counter,-5542.0,Yes,Yes,No,,,,
20260804,2286,Sales,ccde5e46-22b1-4fd7-8009-ffe387e3e86a-00000007,7,7,01   Yash Morning  Milk Counter,,Yes,01   Yash Morning  Milk Counter,-1776.6,Yes,Yes,No,,,,
20260804,2287,Sales,ccde5e46-22b1-4fd7-8009-ffe387e3e86a-00000008,8,8,01   Yash Morning  Milk Counter,,Yes,01   Yash Morning  Milk Counter,-2122.2,Yes,Yes,No,,,,
20260804,2288,Sales,ccde5e46-22b1-4fd7-8009-ffe387e3e86a-00000009,9,9,01   Yash Morning  Milk Counter,,Yes,01   Yash Morning  Milk Counter,-1715.0,Yes,Yes,No,,,,
20260804,2289,Sales,ccde5e46-22b1-4fd7-8009-ffe387e3e86a-0000000a,10,10,01   Yash Morning  Milk Counter,,Yes,01   Yash Morning  Milk Counter,-2502.4,Yes,Yes,No,,,,
20260804,2290,Sales,ccde5e46-22b1-4fd7-8009-ffe387e3e86a-0000000b,11,11,01   Yash Morning  Milk Counter,,Yes,01   Yash Morning  Milk Counter,-3157.0,Yes,Yes,No,,,,
20260804,2291,Sales,ccde5e46-22b1-4fd7-8009-ffe387e3e86a-0000000c,12,12,02 Rsa Afternoon Milk Counter,,Yes,02 Rsa Afternoon Milk Counter,-1982.88,Yes,Yes,No,,,,
20260804,2292,Sales,ccde5e46-22b1-4fd7-8009-ffe387e3e86a-0000000d,13,13,02 Rsa Afternoon Milk Counter,,Yes,02 Rsa Afternoon Milk Counter,-1500.8,Yes,Yes,No,,,,
20260804,2293,Sales,ccde5e46-22b1-4fd7-8009-ffe387e3e86a-0000000e,14,14,02 Rsa Afternoon Milk Counter,,Yes,02 Rsa Afternoon Milk Counter,-1189.0,Yes,Yes,No,,,,
20260804,2294,Sales,ccde5e46-22b1-4fd7-8009-ffe387e3e86a-0000000f,15,15,02 Rsa Afternoon Milk Counter,,Yes,02 Rsa Afternoon Milk Counter,-3652.02,Yes,Yes,No,,,,
20260804,2295,Sales,ccde5e46-22b1-4fd7-8009-ffe387e3e86a-00000010,16,16,01   Yash Morning  Milk Counter,,Yes,01   Yash Morning  Milk Counter,4762.9,Yes,Yes,No,,,,
20260804,2296,Sales,ccde5e46-22b1-4fd7-8009-ffe387e3e86a-00000011,17,17,HOTEL LADLI,,Yes,HOTEL LADLI,-640.0,Yes,Yes,No,,,,
20260804,2297,Sales,ccde5e46-22b1-4fd7-8009-ffe387e3e86a-0000046b,1131,3804,12  ATM  A,,Yes,12  ATM  A,-8397.32,Yes,Yes,No,,,,
20260805,2298,Sales,ccde5e46-22b1-4fd7-8009-ffe387e3e86a-00000014,20,53,01   Yash Morning  Milk Counter,,Yes,01   Yash Morning  Milk Counter,-1688.4,Yes,Yes,No,,,,
20260805,2299,Sales,ccde5e46-22b1-4fd7-8009-ffe387e3e86a-00000015,21,54,01   Yash Morning  Milk Counter,,Yes,01   Yash Morning  Milk Counter,-2224.8,Yes,Yes,No,,,,
20260805,2300,Sales,ccde5e46-22b1-4fd7-8009-ffe387e3e86a-00000016,22,55,01   Yash Morning  Milk Counter,,Yes,01   Yash Morning  Milk Counter,-3645.72,Yes,Yes,No,,,,
20260805,2301,Sales,ccde5e46-22b1-4fd7-8009-ffe387e3e86a-00000017,23,56,01   Yash Morning  Milk Counter,,Yes,01   Yash Morning  Milk Counter,-4586.4,Yes,Yes,No,,,,
20260805,2302,Sales,ccde5e46-22b1-4fd7-8009-ffe387e3e86a-00000019,25,58,01   Yash Morning  Milk Counter,,Yes,01   Yash Morning  Milk Counter,-8415.68,Yes,Yes,No,,,,
20260805,2303,Sales,ccde5e46-22b1-4fd7-8009-ffe387e3e86a-00000025,37,197,THE VEGAN  HOTEL,,Yes,THE VEGAN  HOTEL,-3420.0,Yes,Yes,No,,,,
20260805,2303,Sales,ccde5e46-22b1-4fd7-8009-ffe387e3e86a-00000025,37,197,THE VEGAN  HOTEL,,Yes,Transport,140.0,No,No,No,,,,
20260805,2304,Sales,ccde5e46-22b1-4fd7-8009-ffe387e3e86a-00000028,40,231,02 Rsa Afternoon Milk Counter,,Yes,02 Rsa Afternoon Milk Counter,-3688.2,Yes,Yes,No,,,,
20260805,2305,Sales,ccde5e46-22b1-4fd7-8009-ffe387e3e86a-0000002e,46,269,02 Rsa Afternoon Milk Counter,,Yes,02 Rsa Afternoon Milk Counter,-1972.0,Yes,Yes,No,,,,
20260805,2306,Sales,ccde5e46-22b1-4fd7-8009-ffe387e3e86a-00000030,48,273,02 Rsa Afternoon Milk Counter,,Yes,02 Rsa Afternoon Milk Counter,-1411.2,Yes,Yes,No,,,,
20260805,2307,Sales,ccde5e46-22b1-4fd7-8009-ffe387e3e86a-00000031,49,275,02 Rsa Afternoon Milk Counter,,Yes,02 Rsa Afternoon Milk Counter,-1156.2,Yes,Yes,No,,,,
20260805,2308,Sales,ccde5e46-22b1-4fd7-8009-ffe387e3e86a-00000036,54,371,01   Yash Morning  Milk Counter,,Yes,01   Yash Morning  Milk Counter,-6285.52,Yes,Yes,No,,,,
20260805,2309,Sales,ccde5e46-22b1-4fd7-8009-ffe387e3e86a-00000038,56,375,01   Yash Morning  Milk Counter,,Yes,01   Yash Morning  Milk Counter,4065.6,Yes,Yes,No,,,,
20260805,2310,Sales,ccde5e46-22b1-4fd7-8009-ffe387e3e86a-0000003f,63,383,03  Nammokar Evening Milk Counter,,Yes,03  Nammokar Evening Milk Counter,-3706.8,Yes,Yes,No,,,,
20260805,2311,Sales,ccde5e46-22b1-4fd7-8009-ffe387e3e86a-0000004d,77,489,02 Rsa Afternoon Milk Counter,,Yes,02 Rsa Afternoon Milk Counter,-1913.1,Yes,Yes,No,,,,
20260805,2312,Sales,ccde5e46-22b1-4fd7-8009-ffe387e3e86a-0000004e,78,490,02 Rsa Afternoon Milk Counter,,Yes,02 Rsa Afternoon Milk Counter,-3557.16,Yes,Yes,No,,,,
20260805,2313,Sales,ccde5e46-22b1-4fd7-8009-ffe387e3e86a-00000050,80,492,02 Rsa Afternoon Milk Counter,,Yes,02 Rsa Afternoon Milk Counter,-8323.2,Yes,Yes,No,,,,
20260805,2314,Sales,ccde5e46-22b1-4fd7-8009-ffe387e3e86a-00000051,81,493,02 Rsa Afternoon Milk Counter,,Yes,02 Rsa Afternoon Milk Counter,-4631.2,Yes,Yes,No,,,,
20260805,2315,Sales,ccde5e46-22b1-4fd7-8009-ffe387e3e86a-00000055,85,520,03  Nammokar Evening Milk Counter,,Yes,03  Nammokar Evening Milk Counter,-2222.64,Yes,Yes,No,,,,
20260805,2316,Sales,ccde5e46-22b1-4fd7-8009-ffe387e3e86a-00000057,87,522,03  Nammokar Evening Milk Counter,,Yes,03  Nammokar Evening Milk Counter,-2329.04,Yes,Yes,No,,,,
20260805,2317,Sales,ccde5e46-22b1-4fd7-8009-ffe387e3e86a-0000005a,90,1313,03  Nammokar Evening Milk Counter,,Yes,03  Nammokar Evening Milk Counter,-10429.84,Yes,Yes,No,,,,
20260805,2318,Sales,ccde5e46-22b1-4fd7-8009-ffe387e3e86a-0000005d,93,593,02 Rsa Afternoon Milk Counter,,Yes,02 Rsa Afternoon Milk Counter,-746.9,Yes,Yes,No,,,,
20260805,2319,Sales,ccde5e46-22b1-4fd7-8009-ffe387e3e86a-0000005e,94,594,03  Nammokar Evening Milk Counter,,Yes,03  Nammokar Evening Milk Counter,-2296.0,Yes,Yes,No,,,,
20260805,2320,Sales,ccde5e46-22b1-4fd7-8009-ffe387e3e86a-0000005f,95,1327,02 Rsa Afternoon Milk Counter,,Yes,02 Rsa Afternoon Milk Counter,-530.4,Yes,Yes,No,,,,
20260805,2321,Sales,ccde5e46-22b1-4fd7-8009-ffe387e3e86a-00000060,96,596,03  Nammokar Evening Milk Counter,,Yes,03  Nammokar Evening Milk Counter,-2223.72,Yes,Yes,No,,,,
20260805,2322,Sales,ccde5e46-22b1-4fd7-8009-ffe387e3e86a-0000006a,106,607,HOTEL LADLI,,Yes,HOTEL LADLI,-760.0,Yes,Yes,No,,,,
20260805,2323,Sales,ccde5e46-22b1-4fd7-8009-ffe387e3e86a-000000b5,181,1296,03  Nammokar Evening Milk Counter,,Yes,03  Nammokar Evening Milk Counter,324.0,Yes,Yes,No,,,,
20260806,2324,Sales,ccde5e46-22b1-4fd7-8009-ffe387e3e86a-00000061,97,597,01   Yash Morning  Milk Counter,,Yes,01   Yash Morning  Milk Counter,-1725.92,Yes,Yes,No,,,,
20260806,2325,Sales,ccde5e46-22b1-4fd7-8009-ffe387e3e86a-00000062,98,598,01   Yash Morning  Milk Counter,,Yes,01   Yash Morning  Milk Counter,-1808.8,Yes,Yes,No,,,,
20260806,2326,Sales,ccde5e46-22b1-4fd7-8009-ffe387e3e86a-00000063,99,599,01   Yash Morning  Milk Counter,,Yes,01   Yash Morning  Milk Counter,-1360.8,Yes,Yes,No,,,,
20260806,2327,Sales,ccde5e46-22b1-4fd7-8009-ffe387e3e86a-00000064,100,600,02 Rsa Afternoon Milk Counter,,Yes,02 Rsa Afternoon Milk Counter,2203.2,Yes,Yes,No,,,,
20260806,2328,Sales,ccde5e46-22b1-4fd7-8009-ffe387e3e86a-00000065,101,601,01   Yash Morning  Milk Counter,,Yes,01   Yash Morning  Milk Counter,-1595.72,Yes,Yes,No,,,,
20260806,2329,Sales,ccde5e46-22b1-4fd7-8009-ffe387e3e86a-00000066,102,602,03  Nammokar Evening Milk Counter,,Yes,03  Nammokar Evening Milk Counter,-2203.2,Yes,Yes,No,,,,
20260806,2330,Sales,ccde5e46-22b1-4fd7-8009-ffe387e3e86a-00000067,103,603,01   Yash Morning  Milk Counter,,Yes,01   Yash Morning  Milk Counter,-2246.4,Yes,Yes,No,,,,
20260806,2331,Sales,ccde5e46-22b1-4fd7-8009-ffe387e3e86a-0000001c,28,605,HOTEL LADLI,,Yes,HOTEL LADLI,-760.0,Yes,Yes,No,,,,
20260806,2332,Sales,ccde5e46-22b1-4fd7-8009-ffe387e3e86a-00000075,117,650,01   Yash Morning  Milk Counter,,Yes,01   Yash Morning  Milk Counter,-2801.6,Yes,Yes,No,,,,
20260806,2333,Sales,ccde5e46-22b1-4fd7-8009-ffe387e3e86a-00000076,118,651,01   Yash Morning  Milk Counter,,Yes,01   Yash Morning  Milk Counter,-3575.2,Yes,Yes,No,,,,
20260806,2334,Sales,ccde5e46-22b1-4fd7-8009-ffe387e3e86a-00000077,119,652,01   Yash Morning  Milk Counter,,Yes,01   Yash Morning  Milk Counter,-1645.0,Yes,Yes,No,,,,
20260806,2335,Sales,ccde5e46-22b1-4fd7-8009-ffe387e3e86a-00000078,120,653,01   Yash Morning  Milk Counter,,Yes,01   Yash Morning  Milk Counter,-2296.0,Yes,Yes,No,,,,
20260806,2336,Sales,ccde5e46-22b1-4fd7-8009-ffe387e3e86a-00000079,121,654,01   Yash Morning  Milk Counter,,Yes,01   Yash Morning  Milk Counter,-5610.0,Yes,Yes,No,,,,
20260806,2337,Sales,ccde5e46-22b1-4fd7-8009-ffe387e3e86a-00000088,136,827,02 Rsa Afternoon Milk Counter,,Yes,02 Rsa Afternoon Milk Counter,-3580.2,Yes,Yes,No,,,,
20260806,2338,Sales,ccde5e46-22b1-4fd7-8009-ffe387e3e86a-0000008e,142,833,01   Yash Morning  Milk Counter,,Yes,01   Yash Morning  Milk Counter,-1444.8,Yes,Yes,No,,,,
20260806,2339,Sales,ccde5e46-22b1-4fd7-8009-ffe387e3e86a-0000008f,143,834,01   Yash Morning  Milk Counter,,Yes,01   Yash Morning  Milk Counter,-950.4,Yes,Yes,No,,,,
20260806,2340,Sales,ccde5e46-22b1-4fd7-8009-ffe387e3e86a-00000095,149,840,02 Rsa Afternoon Milk Counter,,Yes,02 Rsa Afternoon Milk Counter,-1641.36,Yes,Yes,No,,,,
20260806,2341,Sales,ccde5e46-22b1-4fd7-8009-ffe387e3e86a-0000009e,158,992,THE VEGAN  HOTEL,,Yes,THE VEGAN  HOTEL,-3450.0,Yes,Yes,No,,,,
20260806,2341,Sales,ccde5e46-22b1-4fd7-8009-ffe387e3e86a-0000009e,158,992,THE VEGAN  HOTEL,,Yes,Transport,170.0,No,No,No,,,,
20260806,2342,Sales,ccde5e46-22b1-4fd7-8009-ffe387e3e86a-000000ab,171,1225,03  Nammokar Evening Milk Counter,,Yes,03  Nammokar Evening Milk Counter,-2828.8,Yes,Yes,No,,,,
20260806,2343,Sales,ccde5e46-22b1-4fd7-8009-ffe387e3e86a-000000ae,174,1229,01   Yash Morning  Milk Counter,,Yes,01   Yash Morning  Milk Counter,3445.4,Yes,Yes,No,,,,
20260806,2344,Sales,ccde5e46-22b1-4fd7-8009-ffe387e3e86a-000000af,175,1260,03  Nammokar Evening Milk Counter,,Yes,03  Nammokar Evening Milk Counter,-1242.0,Yes,Yes,No,,,,
20260806,2345,Sales,ccde5e46-22b1-4fd7-8009-ffe387e3e86a-000000b1,177,1292,02 Rsa Afternoon Milk Counter,,Yes,02 Rsa Afternoon Milk Counter,-3632.6,Yes,Yes,No,,,,
20260806,2346,Sales,ccde5e46-22b1-4fd7-8009-ffe387e3e86a-000000b2,178,1293,02 Rsa Afternoon Milk Counter,,Yes,02 Rsa Afternoon Milk Counter,-8323.2,Yes,Yes,No,,,,
20260806,2347,Sales,ccde5e46-22b1-4fd7-8009-ffe387e3e86a-000000b3,179,1294,02 Rsa Afternoon Milk Counter,,Yes,02 Rsa Afternoon Milk Counter,-4558.4,Yes,Yes,No,,,,
20260806,2348,Sales,ccde5e46-22b1-4fd7-8009-ffe387e3e86a-000000b4,180,1295,02 Rsa Afternoon Milk Counter,,Yes,02 Rsa Afternoon Milk Counter,-2541.0,Yes,Yes,No,,,,
20260806,2349,Sales,ccde5e46-22b1-4fd7-8009-ffe387e3e86a-000000b6,182,1298,12  ATM  A,,Yes,12  ATM  A,-2890.0,Yes,Yes,No,,,,
20260806,2350,Sales,ccde5e46-22b1-4fd7-8009-ffe387e3e86a-000000b7,183,1299,12  ATM  A,,Yes,12  ATM  A,-2280.88,Yes,Yes,No,,,,
20260806,2351,Sales,ccde5e46-22b1-4fd7-8009-ffe387e3e86a-000000b8,184,1300,12  ATM  A,,Yes,12  ATM  A,-2203.2,Yes,Yes,No,,,,
20260806,2352,Sales,ccde5e46-22b1-4fd7-8009-ffe387e3e86a-000000b9,185,1301,12  ATM  A,,Yes,12  ATM  A,-8432.0,Yes,Yes,No,,,,
20260806,2353,Sales,ccde5e46-22b1-4fd7-8009-ffe387e3e86a-000000bb,187,1303,12  ATM  A,,Yes,12  ATM  A,-7000.0,Yes,Yes,No,,,,
20260806,2354,Sales,ccde5e46-22b1-4fd7-8009-ffe387e3e86a-000000bc,188,1304,12  ATM  A,,Yes,12  ATM  A,-2149.2,Yes,Yes,No,,,,
20260806,2355,Sales,ccde5e46-22b1-4fd7-8009-ffe387e3e86a-000000be,190,1306,02 Rsa Afternoon Milk Counter,,Yes,02 Rsa Afternoon Milk Counter,-2714.56,Yes,Yes,No,,,,
20260806,2356,Sales,ccde5e46-22b1-4fd7-8009-ffe387e3e86a-000000bf,191,1307,12  ATM  A,,Yes,12  ATM  A,-5559.68,Yes,Yes,No,,,,
20260806,2357,Sales,ccde5e46-22b1-4fd7-8009-ffe387e3e86a-000000c0,192,1308,01   Yash Morning  Milk Counter,,Yes,01   Yash Morning  Milk Counter,-1738.4,Yes,Yes,No,,,,
20260806,2358,Sales,ccde5e46-22b1-4fd7-8009-ffe387e3e86a-000000c2,194,1310,02 Rsa Afternoon Milk Counter,,Yes,02 Rsa Afternoon Milk Counter,-1273.44,Yes,Yes,No,,,,
20260806,2359,Sales,ccde5e46-22b1-4fd7-8009-ffe387e3e86a-000000d1,209,1378,03  Nammokar Evening Milk Counter,,Yes,03  Nammokar Evening Milk Counter,-2727.48,Yes,Yes,No,,,,
20260806,2360,Sales,ccde5e46-22b1-4fd7-8009-ffe387e3e86a-000000d2,210,1379,02 Rsa Afternoon Milk Counter,,Yes,02 Rsa Afternoon Milk Counter,-1985.6,Yes,Yes,No,,,,
20260806,2361,Sales,ccde5e46-22b1-4fd7-8009-ffe387e3e86a-000000d3,211,1380,02 Rsa Afternoon Milk Counter,,Yes,02 Rsa Afternoon Milk Counter,-1492.4,Yes,Yes,No,,,,
20260806,2362,Sales,ccde5e46-22b1-4fd7-8009-ffe387e3e86a-000000d4,212,1381,02 Rsa Afternoon Milk Counter,,Yes,02 Rsa Afternoon Milk Counter,-1938.0,Yes,Yes,No,,,,
20260806,2363,Sales,ccde5e46-22b1-4fd7-8009-ffe387e3e86a-000000d5,213,1382,01   Yash Morning  Milk Counter,,Yes,01   Yash Morning  Milk Counter,-1972.0,Yes,Yes,No,,,,
20260806,2364,Sales,ccde5e46-22b1-4fd7-8009-ffe387e3e86a-000000d7,215,1414,02 Rsa Afternoon Milk Counter,,Yes,02 Rsa Afternoon Milk Counter,1599.0,Yes,Yes,No,,,,
20260806,2365,Sales,ccde5e46-22b1-4fd7-8009-ffe387e3e86a-000000db,219,1420,03  Nammokar Evening Milk Counter,,Yes,03  Nammokar Evening Milk Counter,-2019.6,Yes,Yes,No,,,,
20260807,2366,Sales,ccde5e46-22b1-4fd7-8009-ffe387e3e86a-000000de,222,1423,01   Yash Morning  Milk Counter,,Yes,01   Yash Morning  Milk Counter,-2801.6,Yes,Yes,No,,,,
20260807,2367,Sales,ccde5e46-22b1-4fd7-8009-ffe387e3e86a-000000e1,225,2138,01   Yash Morning  Milk Counter,,Yes,01   Yash Morning  Milk Counter,496.92,Yes,Yes,No,,,,
20260807,2368,Sales,ccde5e46-22b1-4fd7-8009-ffe387e3e86a-000000e2,226,1427,01   Yash Morning  Milk Counter,,Yes,01   Yash Morning  Milk Counter,-2234.5,Yes,Yes,No,,,,
20260807,2369,Sales,ccde5e46-22b1-4fd7-8009-ffe387e3e86a-000000e5,229,1430,01   Yash Morning  Milk Counter,,Yes,01   Yash Morning  Milk Counter,-2244.78,Yes,Yes,No,,,,
20260807,2370,Sales,ccde5e46-22b1-4fd7-8009-ffe387e3e86a-000000e6,230,1431,01   Yash Morning  Milk Counter,,Yes,01   Yash Morning  Milk Counter,-2223.2,Yes,Yes,No,,,,
20260807,2371,Sales,ccde5e46-22b1-4fd7-8009-ffe387e3e86a-000000e7,231,1432,01   Yash Morning  Milk Counter,,Yes,01   Yash Morning  Milk Counter,-2713.2,Yes,Yes,No,,,,
20260807,2372,Sales,ccde5e46-22b1-4fd7-8009-ffe387e3e86a-000000e8,232,1433,01   Yash Morning  Milk Counter,,Yes,01   Yash Morning  Milk Counter,-2801.6,Yes,Yes,No,,,,
20260807,2373,Sales,ccde5e46-22b1-4fd7-8009-ffe387e3e86a-000000e9,233,1434,01   Yash Morning  Milk Counter,,Yes,01   Yash Morning  Milk Counter,-1680.0,Yes,Yes,No,,,,
20260807,2374,Sales,ccde5e46-22b1-4fd7-8009-ffe387e3e86a-000000ea,234,1435,01   Yash Morning  Milk Counter,,Yes,01   Yash Morning  Milk Counter,-3288.2,Yes,Yes,No,,,,
20260807,2375,Sales,ccde5e46-22b1-4fd7-8009-ffe387e3e86a-000000ec,236,1437,12  ATM  A,,Yes,12  ATM  A,2240.0,Yes,Yes,No,,,,
20260807,2376,Sales,ccde5e46-22b1-4fd7-8009-ffe387e3e86a-000000ed,237,1438,01   Yash Morning  Milk Counter,,Yes,01   Yash Morning  Milk Counter,-2240.0,Yes,Yes,No,,,,
20260807,2377,Sales,ccde5e46-22b1-4fd7-8009-ffe387e3e86a-000000ee,238,1439,12  ATM  A,,Yes,12  ATM  A,8037.6,Yes,Yes,No,,,,
20260807,2378,Sales,ccde5e46-22b1-4fd7-8009-ffe387e3e86a-000000ef,239,1440,12  ATM  A,,Yes,12  ATM  A,3539.2,Yes,Yes,No,,,,
20260807,2379,Sales,ccde5e46-22b1-4fd7-8009-ffe387e3e86a-000000f0,240,1441,02 Rsa Afternoon Milk Counter,,Yes,02 Rsa Afternoon Milk Counter,-1660.4,Yes,Yes,No,,,,
20260807,2380,Sales,ccde5e46-22b1-4fd7-8009-ffe387e3e86a-000000f1,241,2070,02 Rsa Afternoon Milk Counter,,Yes,02 Rsa Afternoon Milk Counter,-10011.08,Yes,Yes,No,,,,
20260807,2381,Sales,ccde5e46-22b1-4fd7-8009-ffe387e3e86a-000000f6,246,1595,01   Yash Morning  Milk Counter,,Yes,01   Yash Morning  Milk Counter,-2237.2,Yes,Yes,No,,,,
20260807,2382,Sales,ccde5e46-22b1-4fd7-8009-ffe387e3e86a-000000f7,247,1596,THE VEGAN  HOTEL,,Yes,THE VEGAN  HOTEL,-3450.0,Yes,Yes,No,,,,
20260807,2382,Sales,ccde5e46-22b1-4fd7-8009-ffe387e3e86a-000000f7,247,1596,THE VEGAN  HOTEL,,Yes,Transport,170.0,No,No,No,,,,
20260807,2383,Sales,ccde5e46-22b1-4fd7-8009-ffe387e3e86a-000000f9,249,1622,01   Yash Morning  Milk Counter,,Yes,01   Yash Morning  Milk Counter,-923.4,Yes,Yes,No,,,,
20260807,2384,Sales,ccde5e46-22b1-4fd7-8009-ffe387e3e86a-000000fd,253,1729,02 Rsa Afternoon Milk Counter,,Yes,02 Rsa Afternoon Milk Counter,-3607.74,Yes,Yes,No,,,,
20260807,2385,Sales,ccde5e46-22b1-4fd7-8009-ffe387e3e86a-00000127,295,1905,01   Yash Morning  Milk Counter,,Yes,01   Yash Morning  Milk Counter,3255.4,Yes,Yes,No,,,,
20260807,2386,Sales,ccde5e46-22b1-4fd7-8009-ffe387e3e86a-00000129,297,1907,03  Nammokar Evening Milk Counter,,Yes,03  Nammokar Evening Milk Counter,-1045.98,Yes,Yes,No,,,,
20260807,2387,Sales,ccde5e46-22b1-4fd7-8009-ffe387e3e86a-0000012a,298,2091,03  Nammokar Evening Milk Counter,,Yes,03  Nammokar Evening Milk Counter,-2751.28,Yes,Yes,No,,,,
20260807,2388,Sales,ccde5e46-22b1-4fd7-8009-ffe387e3e86a-0000012f,303,1945,02 Rsa Afternoon Milk Counter,,Yes,02 Rsa Afternoon Milk Counter,-4528.16,Yes,Yes,No,,,,
20260807,2389,Sales,ccde5e46-22b1-4fd7-8009-ffe387e3e86a-00000130,304,1946,02 Rsa Afternoon Milk Counter,,Yes,02 Rsa Afternoon Milk Counter,-2606.1,Yes,Yes,No,,,,
20260807,2390,Sales,ccde5e46-22b1-4fd7-8009-ffe387e3e86a-00000131,305,1947,02 Rsa Afternoon Milk Counter,,Yes,02 Rsa Afternoon Milk Counter,-3595.7,Yes,Yes,No,,,,
20260807,2391,Sales,ccde5e46-22b1-4fd7-8009-ffe387e3e86a-00000132,306,1948,03  Nammokar Evening Milk Counter,,Yes,03  Nammokar Evening Milk Counter,-5602.52,Yes,Yes,No,,,,
20260807,2392,Sales,ccde5e46-22b1-4fd7-8009-ffe387e3e86a-00000133,307,1949,03  Nammokar Evening Milk Counter,,Yes,03  Nammokar Evening Milk Counter,-2257.2,Yes,Yes,No,,,,
20260807,2393,Sales,ccde5e46-22b1-4fd7-8009-ffe387e3e86a-00000134,308,1950,03  Nammokar Evening Milk Counter,,Yes,03  Nammokar Evening Milk Counter,-2313.36,Yes,Yes,No,,,,
20260807,2394,Sales,ccde5e46-22b1-4fd7-8009-ffe387e3e86a-00000135,309,1951,02 Rsa Afternoon Milk Counter,,Yes,02 Rsa Afternoon Milk Counter,-1311.66,Yes,Yes,No,,,,
20260807,2395,Sales,ccde5e46-22b1-4fd7-8009-ffe387e3e86a-00000136,310,1952,02 Rsa Afternoon Milk Counter,,Yes,02 Rsa Afternoon Milk Counter,-1925.36,Yes,Yes,No,,,,
20260807,2396,Sales,ccde5e46-22b1-4fd7-8009-ffe387e3e86a-00000139,313,1955,03  Nammokar Evening Milk Counter,,Yes,03  Nammokar Evening Milk Counter,-5532.48,Yes,Yes,No,,,,
20260807,2397,Sales,ccde5e46-22b1-4fd7-8009-ffe387e3e86a-0000013a,314,1956,03  Nammokar Evening Milk Counter,,Yes,03  Nammokar Evening Milk Counter,-2282.0,Yes,Yes,No,,,,
20260807,2398,Sales,ccde5e46-22b1-4fd7-8009-ffe387e3e86a-0000013b,315,1957,03  Nammokar Evening Milk Counter,,Yes,03  Nammokar Evening Milk Counter,-955.8,Yes,Yes,No,,,,
20260807,2399,Sales,ccde5e46-22b1-4fd7-8009-ffe387e3e86a-00000148,328,1973,13  ATM   B,,Yes,13  ATM   B,-2879.8,Yes,Yes,No,,,,
20260807,2400,Sales,ccde5e46-22b1-4fd7-8009-ffe387e3e86a-00000149,329,1974,13  ATM   B,,Yes,13  ATM   B,-1174.5,Yes,Yes,No,,,,
20260807,2401,Sales,ccde5e46-22b1-4fd7-8009-ffe387e3e86a-0000014a,330,1975,13  ATM   B,,Yes,13  ATM   B,-2303.28,Yes,Yes,No,,,,
20260807,2402,Sales,ccde5e46-22b1-4fd7-8009-ffe387e3e86a-0000014b,331,1976,02 Rsa Afternoon Milk Counter,,Yes,02 Rsa Afternoon Milk Counter,2754.02,Yes,Yes,No,,,,
20260808,2403,Sales,ccde5e46-22b1-4fd7-8009-ffe387e3e86a-00000168,360,2094,01   Yash Morning  Milk Counter,,Yes,01   Yash Morning  Milk Counter,-16861.2,Yes,Yes,No,,,,
20260808,2404,Sales,ccde5e46-22b1-4fd7-8009-ffe387e3e86a-0000014c,332,1978,HOTEL LADLI,,Yes,HOTEL LADLI,-1520.0,Yes,Yes,No,,,,
20260808,2405,Sales,ccde5e46-22b1-4fd7-8009-ffe387e3e86a-0000014d,333,1979,THE VEGAN  HOTEL,,Yes,THE VEGAN  HOTEL,-3450.0,Yes,Yes,No,,,,
20260808,2405,Sales,ccde5e46-22b1-4fd7-8009-ffe387e3e86a-0000014d,333,1979,THE VEGAN  HOTEL,,Yes,Transport,170.0,No,No,No,,,,
20260808,2406,Sales,ccde5e46-22b1-4fd7-8009-ffe387e3e86a-0000014f,335,1981,08  Wadgaonkar  Sales,10103,Yes,08  Wadgaonkar  Sales,-7030.0,Yes,Yes,No,,,,
20260808,2407,Sales,ccde5e46-22b1-4fd7-8009-ffe387e3e86a-0000014e,334,2096,01   Yash Morning  Milk Counter,,Yes,01   Yash Morning  Milk Counter,-315.0,Yes,Yes,No,,,,
20260808,2408,Sales,ccde5e46-22b1-4fd7-8009-ffe387e3e86a-00000137,311,2097,01   Yash Morning  Milk Counter,,Yes,01   Yash Morning  Milk Counter,-1302.16,Yes,Yes,No,,,,
20260808,2409,Sales,ccde5e46-22b1-4fd7-8009-ffe387e3e86a-00000138,312,2098,01   Yash Morning  Milk Counter,,Yes,01   Yash Morning  Milk Counter,-1958.4,Yes,Yes,No,,,,
20260808,2410,Sales,ccde5e46-22b1-4fd7-8009-ffe387e3e86a-0000016c,364,2460,02 Rsa Afternoon Milk Counter,,Yes,02 Rsa Afternoon Milk Counter,-6928.0,Yes,Yes,No,,,,
20260808,2411,Sales,ccde5e46-22b1-4fd7-8009-ffe387e3e86a-0000016e,366,2105,01   Yash Morning  Milk Counter,,Yes,01   Yash Morning  Milk Counter,1103.4,Yes,Yes,No,,,,
20260808,2412,Sales,ccde5e46-22b1-4fd7-8009-ffe387e3e86a-0000017c,380,2459,02 Rsa Afternoon Milk Counter,,Yes,02 Rsa Afternoon Milk Counter,-18895.84,Yes,Yes,No,,,,
20260808,2413,Sales,ccde5e46-22b1-4fd7-8009-ffe387e3e86a-0000017d,381,2140,09   Pandurang  Sales,10121,Yes,09   Pandurang  Sales,82.0,Yes,Yes,No,,,,
20260808,2414,Sales,ccde5e46-22b1-4fd7-8009-ffe387e3e86a-0000017e,382,2141,01   Yash Morning  Milk Counter,*,Yes,01   Yash Morning  Milk Counter,-1653.94,Yes,Yes,No,,,,
20260808,2415,Sales,ccde5e46-22b1-4fd7-8009-ffe387e3e86a-0000017f,383,2142,08  Wadgaonkar  Sales,10122,Yes,08  Wadgaonkar  Sales,1620.0,Yes,Yes,No,,,,
20260808,2416,Sales,ccde5e46-22b1-4fd7-8009-ffe387e3e86a-00000180,384,2143,13  ATM   B,,Yes,13  ATM   B,-5537.24,Yes,Yes,No,,,,
20260808,2417,Sales,ccde5e46-22b1-4fd7-8009-ffe387e3e86a-00000182,386,2145,02 Rsa Afternoon Milk Counter,,Yes,02 Rsa Afternoon Milk Counter,3643.4,Yes,Yes,No,,,,
20260809,2418,Sales,ccde5e46-22b1-4fd7-8009-ffe387e3e86a-00000183,387,2146,01   Yash Morning  Milk Counter,,Yes,01   Yash Morning  Milk Counter,-1719.2,Yes,Yes,No,,,,
20260809,2419,Sales,ccde5e46-22b1-4fd7-8009-ffe387e3e86a-00000184,388,2147,01   Yash Morning  Milk Counter,,Yes,01   Yash Morning  Milk Counter,-3608.0,Yes,Yes,No,,,,
20260809,2420,Sales,ccde5e46-22b1-4fd7-8009-ffe387e3e86a-00000185,389,2148,HOTEL LADLI,,Yes,HOTEL LADLI,-1520.0,Yes,Yes,No,,,,
20260809,2421,Sales,ccde5e46-22b1-4fd7-8009-ffe387e3e86a-00000186,390,2149,THE VEGAN  HOTEL,,Yes,THE VEGAN  HOTEL,-3450.0,Yes,Yes,No,,,,
20260809,2421,Sales,ccde5e46-22b1-4fd7-8009-ffe387e3e86a-00000186,390,2149,THE VEGAN  HOTEL,,Yes,Transport,170.0,No,No,No,,,,
20260809,2422,Sales,ccde5e46-22b1-4fd7-8009-ffe387e3e86a-00000188,392,2152,13  ATM   B,,Yes,13  ATM   B,-8316.4,Yes,Yes,No,,,,
20260809,2423,Sales,ccde5e46-22b1-4fd7-8009-ffe387e3e86a-0000018b,395,2155,13  ATM   B,,Yes,13  ATM   B,-2270.8,Yes,Yes,No,,,,
20260809,2424,Sales,ccde5e46-22b1-4fd7-8009-ffe387e3e86a-000001ad,429,2338,02 Rsa Afternoon Milk Counter,,Yes,02 Rsa Afternoon Milk Counter,-3823.2,Yes,Yes,No,,,,
20260809,2425,Sales,ccde5e46-22b1-4fd7-8009-ffe387e3e86a-000001b4,436,2350,13  ATM   B,,Yes,13  ATM   B,-2851.2,Yes,Yes,No,,,,
20260809,2426,Sales,ccde5e46-22b1-4fd7-8009-ffe387e3e86a-000001cf,463,2440,02 Rsa Afternoon Milk Counter,,Yes,02 Rsa Afternoon Milk Counter,-640.0,Yes,Yes,No,,,,
20260809,2427,Sales,ccde5e46-22b1-4fd7-8009-ffe387e3e86a-000001de,478,2462,02 Rsa Afternoon Milk Counter,,Yes,02 Rsa Afternoon Milk Counter,-1373.5,Yes,Yes,No,,,,
20260809,2428,Sales,ccde5e46-22b1-4fd7-8009-ffe387e3e86a-000001e0,480,2464,02 Rsa Afternoon Milk Counter,,Yes,02 Rsa Afternoon Milk Counter,-1928.48,Yes,Yes,No,,,,
20260809,2429,Sales,ccde5e46-22b1-4fd7-8009-ffe387e3e86a-000001e1,481,2465,02 Rsa Afternoon Milk Counter,,Yes,02 Rsa Afternoon Milk Counter,-1607.2,Yes,Yes,No,,,,
20260809,2430,Sales,ccde5e46-22b1-4fd7-8009-ffe387e3e86a-000001e6,486,2470,01   Yash Morning  Milk Counter,,Yes,01   Yash Morning  Milk Counter,372.84,Yes,Yes,No,,,,
20260809,2431,Sales,ccde5e46-22b1-4fd7-8009-ffe387e3e86a-000001eb,491,2478,02 Rsa Afternoon Milk Counter,,Yes,02 Rsa Afternoon Milk Counter,-2814.0,Yes,Yes,No,,,,
20260809,2432,Sales,ccde5e46-22b1-4fd7-8009-ffe387e3e86a-000001ec,492,2479,02 Rsa Afternoon Milk Counter,,Yes,02 Rsa Afternoon Milk Counter,-3698.2,Yes,Yes,No,,,,
20260809,2433,Sales,ccde5e46-22b1-4fd7-8009-ffe387e3e86a-000001ed,493,2480,13  ATM   B,,Yes,13  ATM   B,2794.4,Yes,Yes,No,,,,
20260809,2434,Sales,ccde5e46-22b1-4fd7-8009-ffe387e3e86a-000001ee,494,2481,02 Rsa Afternoon Milk Counter,,Yes,02 Rsa Afternoon Milk Counter,-4614.4,Yes,Yes,No,,,,
20260809,2435,Sales,ccde5e46-22b1-4fd7-8009-ffe387e3e86a-000001ef,495,2486,02 Rsa Afternoon Milk Counter,,Yes,02 Rsa Afternoon Milk Counter,-8364.0,Yes,Yes,No,,,,
20260809,2436,Sales,ccde5e46-22b1-4fd7-8009-ffe387e3e86a-000001f3,499,2491,12  ATM  A,,Yes,12  ATM  A,-4347.0,Yes,Yes,No,,,,
20260809,2437,Sales,ccde5e46-22b1-4fd7-8009-ffe387e3e86a-000001f5,501,2493,12  ATM  A,,Yes,12  ATM  A,-8432.0,Yes,Yes,No,,,,
20260809,2438,Sales,ccde5e46-22b1-4fd7-8009-ffe387e3e86a-000001f8,504,2496,12  ATM  A,,Yes,12  ATM  A,-6954.08,Yes,Yes,No,,,,
20260809,2439,Sales,ccde5e46-22b1-4fd7-8009-ffe387e3e86a-000001f9,505,2497,12  ATM  A,,Yes,12  ATM  A,-8338.84,Yes,Yes,No,,,,
20260809,2440,Sales,ccde5e46-22b1-4fd7-8009-ffe387e3e86a-000001fa,506,2498,12  ATM  A,,Yes,12  ATM  A,-2279.76,Yes,Yes,No,,,,
20260809,2441,Sales,ccde5e46-22b1-4fd7-8009-ffe387e3e86a-00000201,513,2505,02 Rsa Afternoon Milk Counter,,Yes,02 Rsa Afternoon Milk Counter,-1678.54,Yes,Yes,No,,,,
20260809,2442,Sales,ccde5e46-22b1-4fd7-8009-ffe387e3e86a-00000205,517,2509,12  ATM  A,,Yes,12  ATM  A,-1263.6,Yes,Yes,No,,,,
20260809,2443,Sales,ccde5e46-22b1-4fd7-8009-ffe387e3e86a-00000208,520,2512,02 Rsa Afternoon Milk Counter,,Yes,02 Rsa Afternoon Milk Counter,1823.2,Yes,Yes,No,,,,
20260810,2444,Sales,ccde5e46-22b1-4fd7-8009-ffe387e3e86a-0000020a,522,2514,HOTEL LADLI,,Yes,HOTEL LADLI,-1520.0,Yes,Yes,No,,,,
20260810,2445,Sales,ccde5e46-22b1-4fd7-8009-ffe387e3e86a-0000020b,523,2515,THE VEGAN  HOTEL,,Yes,THE VEGAN  HOTEL,-3450.0,Yes,Yes,No,,,,
20260810,2445,Sales,ccde5e46-22b1-4fd7-8009-ffe387e3e86a-0000020b,523,2515,THE VEGAN  HOTEL,,Yes,Transport,170.0,No,No,No,,,,
20260810,2446,Sales,ccde5e46-22b1-4fd7-8009-ffe387e3e86a-0000020d,525,2517,01   Yash Morning  Milk Counter,,Yes,01   Yash Morning  Milk Counter,-1708.7,Yes,Yes,No,,,,
20260810,2447,Sales,ccde5e46-22b1-4fd7-8009-ffe387e3e86a-0000020f,527,2519,01   Yash Morning  Milk Counter,,Yes,01   Yash Morning  Milk Counter,-3566.18,Yes,Yes,No,,,,
20260810,2448,Sales,ccde5e46-22b1-4fd7-8009-ffe387e3e86a-00000210,528,2520,12  ATM  A,,Yes,12  ATM  A,-2274.16,Yes,Yes,No,,,,
20260810,2449,Sales,ccde5e46-22b1-4fd7-8009-ffe387e3e86a-00000212,530,2522,12  ATM  A,,Yes,12  ATM  A,-5596.4,Yes,Yes,No,,,,
20260810,2450,Sales,ccde5e46-22b1-4fd7-8009-ffe387e3e86a-00000220,544,2572,12  ATM  A,,Yes,12  ATM  A,-2176.2,Yes,Yes,No,,,,
20260810,2451,Sales,ccde5e46-22b1-4fd7-8009-ffe387e3e86a-00000231,561,2650,02 Rsa Afternoon Milk Counter,,Yes,02 Rsa Afternoon Milk Counter,-3828.6,Yes,Yes,No,,,,
20260810,2452,Sales,ccde5e46-22b1-4fd7-8009-ffe387e3e86a-00000234,564,2653,02 Rsa Afternoon Milk Counter,,Yes,02 Rsa Afternoon Milk Counter,-1855.72,Yes,Yes,No,,,,
20260810,2453,Sales,ccde5e46-22b1-4fd7-8009-ffe387e3e86a-00000235,565,2654,02 Rsa Afternoon Milk Counter,,Yes,02 Rsa Afternoon Milk Counter,-1722.0,Yes,Yes,No,,,,
20260810,2454,Sales,ccde5e46-22b1-4fd7-8009-ffe387e3e86a-00000240,576,2682,12  ATM  A,,Yes,12  ATM  A,-2082.24,Yes,Yes,No,,,,
20260810,2455,Sales,ccde5e46-22b1-4fd7-8009-ffe387e3e86a-00000249,585,2691,08  Wadgaonkar  Sales,10157,Yes,08  Wadgaonkar  Sales,-9050.0,Yes,Yes,No,,,,
20260810,2456,Sales,ccde5e46-22b1-4fd7-8009-ffe387e3e86a-0000024a,586,2692,01   Yash Morning  Milk Counter,,Yes,01   Yash Morning  Milk Counter,1460.0,Yes,Yes,No,,,,
20260810,2457,Sales,ccde5e46-22b1-4fd7-8009-ffe387e3e86a-0000024b,587,2693,12  ATM  A,,Yes,12  ATM  A,-5514.8,Yes,Yes,No,,,,
20260810,2458,Sales,ccde5e46-22b1-4fd7-8009-ffe387e3e86a-0000024c,588,2695,02 Rsa Afternoon Milk Counter,,Yes,02 Rsa Afternoon Milk Counter,-1543.36,Yes,Yes,No,,,,
20260810,2459,Sales,ccde5e46-22b1-4fd7-8009-ffe387e3e86a-0000025b,603,2710,02 Rsa Afternoon Milk Counter,,Yes,02 Rsa Afternoon Milk Counter,-8444.24,Yes,Yes,No,,,,
20260810,2460,Sales,ccde5e46-22b1-4fd7-8009-ffe387e3e86a-0000025c,604,2711,02 Rsa Afternoon Milk Counter,,Yes,02 Rsa Afternoon Milk Counter,-4613.84,Yes,Yes,No,,,,
20260810,2461,Sales,ccde5e46-22b1-4fd7-8009-ffe387e3e86a-0000025d,605,2712,02 Rsa Afternoon Milk Counter,,Yes,02 Rsa Afternoon Milk Counter,-3646.54,Yes,Yes,No,,,,
20260810,2462,Sales,ccde5e46-22b1-4fd7-8009-ffe387e3e86a-0000025e,606,2713,02 Rsa Afternoon Milk Counter,,Yes,02 Rsa Afternoon Milk Counter,-2100.0,Yes,Yes,No,,,,
20260810,2463,Sales,ccde5e46-22b1-4fd7-8009-ffe387e3e86a-0000025f,607,2714,12  ATM  A,,Yes,12  ATM  A,-4314.6,Yes,Yes,No,,,,
20260810,2464,Sales,ccde5e46-22b1-4fd7-8009-ffe387e3e86a-00000260,608,2715,12  ATM  A,,Yes,12  ATM  A,-8432.0,Yes,Yes,No,,,,
20260810,2465,Sales,ccde5e46-22b1-4fd7-8009-ffe387e3e86a-00000261,609,2716,12  ATM  A,,Yes,12  ATM  A,-6815.2,Yes,Yes,No,,,,
20260810,2466,Sales,ccde5e46-22b1-4fd7-8009-ffe387e3e86a-00000262,610,2717,12  ATM  A,,Yes,12  ATM  A,-8370.8,Yes,Yes,No,,,,
20260810,2467,Sales,ccde5e46-22b1-4fd7-8009-ffe387e3e86a-00000263,611,2718,08  Wadgaonkar  Sales,10162,Yes,08  Wadgaonkar  Sales,-395.0,Yes,Yes,No,,,,
20260810,2468,Sales,ccde5e46-22b1-4fd7-8009-ffe387e3e86a-000002b5,693,2800,02 Rsa Afternoon Milk Counter,,Yes,02 Rsa Afternoon Milk Counter,-1924.4,Yes,Yes,No,,,,
20260810,2469,Sales,ccde5e46-22b1-4fd7-8009-ffe387e3e86a-000002bf,703,2810,08  Wadgaonkar  Sales,10170,Yes,08  Wadgaonkar  Sales,720.0,Yes,Yes,No,,,,
20260810,2470,Sales,ccde5e46-22b1-4fd7-8009-ffe387e3e86a-000002c5,709,2816,12  ATM  A,,Yes,12  ATM  A,-777.6,Yes,Yes,No,,,,
20260810,2471,Sales,ccde5e46-22b1-4fd7-8009-ffe387e3e86a-000002c6,710,2817,02 Rsa Afternoon Milk Counter,,Yes,02 Rsa Afternoon Milk Counter,154.0,Yes,Yes,No,,,,
20260810,2472,Sales,ccde5e46-22b1-4fd7-8009-ffe387e3e86a-000001fb,507,2819,01   Yash Morning  Milk Counter,,Yes,01   Yash Morning  Milk Counter,-1268.54,Yes,Yes,No,,,,
20260811,2473,Sales,ccde5e46-22b1-4fd7-8009-ffe387e3e86a-000002a0,672,2820,01   Yash Morning  Milk Counter,,Yes,01   Yash Morning  Milk Counter,-1790.88,Yes,Yes,No,,,,
20260811,2474,Sales,ccde5e46-22b1-4fd7-8009-ffe387e3e86a-000002c8,712,2821,HOTEL LADLI,,Yes,HOTEL LADLI,-1520.0,Yes,Yes,No,,,,
20260811,2475,Sales,ccde5e46-22b1-4fd7-8009-ffe387e3e86a-000002c9,713,2822,THE VEGAN  HOTEL,,Yes,THE VEGAN  HOTEL,-3450.0,Yes,Yes,No,,,,
20260811,2475,Sales,ccde5e46-22b1-4fd7-8009-ffe387e3e86a-000002c9,713,2822,THE VEGAN  HOTEL,,Yes,Transport,170.0,No,No,No,,,,
20260811,2476,Sales,ccde5e46-22b1-4fd7-8009-ffe387e3e86a-000002ca,714,2823,12  ATM  A,,Yes,12  ATM  A,-2252.34,Yes,Yes,No,,,,
20260811,2477,Sales,ccde5e46-22b1-4fd7-8009-ffe387e3e86a-000002ce,718,2827,12  ATM  A,,Yes,12  ATM  A,-2355.92,Yes,Yes,No,,,,
20260811,2478,Sales,ccde5e46-22b1-4fd7-8009-ffe387e3e86a-000002d0,720,2829,01   Yash Morning  Milk Counter,,Yes,01   Yash Morning  Milk Counter,-2437.04,Yes,Yes,No,,,,
20260811,2479,Sales,ccde5e46-22b1-4fd7-8009-ffe387e3e86a-000002d1,721,2830,01   Yash Morning  Milk Counter,,Yes,01   Yash Morning  Milk Counter,-1678.6,Yes,Yes,No,,,,
20260811,2480,Sales,ccde5e46-22b1-4fd7-8009-ffe387e3e86a-000002d5,725,2834,12  ATM  A,,Yes,12  ATM  A,-6500.8,Yes,Yes,No,,,,
20260811,2481,Sales,ccde5e46-22b1-4fd7-8009-ffe387e3e86a-000002db,731,2840,12  ATM  A,,Yes,12  ATM  A,-2166.48,Yes,Yes,No,,,,
20260811,2482,Sales,ccde5e46-22b1-4fd7-8009-ffe387e3e86a-000002e7,743,2908,08  Wadgaonkar  Sales,10181,Yes,08  Wadgaonkar  Sales,-7430.0,Yes,Yes,No,,,,
20260811,2483,Sales,ccde5e46-22b1-4fd7-8009-ffe387e3e86a-000002f1,753,2921,12  ATM  A,,Yes,12  ATM  A,-2357.6,Yes,Yes,No,,,,
20260811,2484,Sales,ccde5e46-22b1-4fd7-8009-ffe387e3e86a-000002f6,758,2933,02 Rsa Afternoon Milk Counter,,Yes,02 Rsa Afternoon Milk Counter,-3817.8,Yes,Yes,No,,,,
20260811,2485,Sales,ccde5e46-22b1-4fd7-8009-ffe387e3e86a-00000317,791,3030,01   Yash Morning  Milk Counter,,Yes,01   Yash Morning  Milk Counter,273.0,Yes,Yes,No,,,,
20260811,2486,Sales,ccde5e46-22b1-4fd7-8009-ffe387e3e86a-00000319,793,3032,12  ATM  A,,Yes,12  ATM  A,-664.2,Yes,Yes,No,,,,
20260811,2487,Sales,ccde5e46-22b1-4fd7-8009-ffe387e3e86a-0000031a,794,3033,02 Rsa Afternoon Milk Counter,,Yes,02 Rsa Afternoon Milk Counter,-1484.2,Yes,Yes,No,,,,
20260811,2488,Sales,ccde5e46-22b1-4fd7-8009-ffe387e3e86a-0000031b,795,3034,02 Rsa Afternoon Milk Counter,,Yes,02 Rsa Afternoon Milk Counter,-1795.2,Yes,Yes,No,,,,
20260811,2489,Sales,ccde5e46-22b1-4fd7-8009-ffe387e3e86a-0000031c,796,3035,02 Rsa Afternoon Milk Counter,,Yes,02 Rsa Afternoon Milk Counter,-1425.06,Yes,Yes,No,,,,
20260811,2490,Sales,ccde5e46-22b1-4fd7-8009-ffe387e3e86a-0000031d,797,3036,12  ATM  A,,Yes,12  ATM  A,-2713.2,Yes,Yes,No,,,,
20260811,2491,Sales,ccde5e46-22b1-4fd7-8009-ffe387e3e86a-0000031e,798,3037,12  ATM  A,,Yes,12  ATM  A,1339.6,Yes,Yes,No,,,,
20260811,2492,Sales,ccde5e46-22b1-4fd7-8009-ffe387e3e86a-0000031f,799,3038,02 Rsa Afternoon Milk Counter,,Yes,02 Rsa Afternoon Milk Counter,-8524.48,Yes,Yes,No,,,,
20260811,2493,Sales,ccde5e46-22b1-4fd7-8009-ffe387e3e86a-00000320,800,3039,02 Rsa Afternoon Milk Counter,,Yes,02 Rsa Afternoon Milk Counter,-2846.2,Yes,Yes,No,,,,
20260811,2494,Sales,ccde5e46-22b1-4fd7-8009-ffe387e3e86a-00000321,801,3040,02 Rsa Afternoon Milk Counter,,Yes,02 Rsa Afternoon Milk Counter,-4602.64,Yes,Yes,No,,,,
20260811,2495,Sales,ccde5e46-22b1-4fd7-8009-ffe387e3e86a-00000322,802,3041,08  Wadgaonkar  Sales,,Yes,08  Wadgaonkar  Sales,0.0,Yes,Yes,No,,,,
20260811,2496,Sales,ccde5e46-22b1-4fd7-8009-ffe387e3e86a-00000323,803,3042,02 Rsa Afternoon Milk Counter,,Yes,02 Rsa Afternoon Milk Counter,-3644.08,Yes,Yes,No,,,,
20260811,2497,Sales,ccde5e46-22b1-4fd7-8009-ffe387e3e86a-00000327,807,3046,08  Wadgaonkar  Sales,10187,Yes,08  Wadgaonkar  Sales,-1620.0,Yes,Yes,No,,,,
20260811,2498,Sales,ccde5e46-22b1-4fd7-8009-ffe387e3e86a-00000345,837,3202,13  ATM   B,,Yes,13  ATM   B,-8404.8,Yes,Yes,No,,,,
20260811,2499,Sales,ccde5e46-22b1-4fd7-8009-ffe387e3e86a-00000346,838,3203,13  ATM   B,,Yes,13  ATM   B,-6865.6,Yes,Yes,No,,,,
20260811,2500,Sales,ccde5e46-22b1-4fd7-8009-ffe387e3e86a-00000347,839,3204,13  ATM   B,,Yes,13  ATM   B,-4260.6,Yes,Yes,No,,,,
20260811,2501,Sales,ccde5e46-22b1-4fd7-8009-ffe387e3e86a-00000348,840,3205,13  ATM   B,,Yes,13  ATM   B,-8377.6,Yes,Yes,No,,,,
20260811,2502,Sales,ccde5e46-22b1-4fd7-8009-ffe387e3e86a-00000349,841,3206,13  ATM   B,,Yes,13  ATM   B,-2299.36,Yes,Yes,No,,,,
20260811,2503,Sales,ccde5e46-22b1-4fd7-8009-ffe387e3e86a-0000034a,842,3207,02 Rsa Afternoon Milk Counter,,Yes,02 Rsa Afternoon Milk Counter,-2788.0,Yes,Yes,No,,,,
20260811,2504,Sales,ccde5e46-22b1-4fd7-8009-ffe387e3e86a-00000352,850,3215,08  Wadgaonkar  Sales,10188,Yes,08  Wadgaonkar  Sales,1669.0,Yes,Yes,No,,,,
20260811,2505,Sales,ccde5e46-22b1-4fd7-8009-ffe387e3e86a-00000358,856,3222,02 Rsa Afternoon Milk Counter,,Yes,02 Rsa Afternoon Milk Counter,3552.0,Yes,Yes,No,,,,
20260811,2506,Sales,ccde5e46-22b1-4fd7-8009-ffe387e3e86a-000007d9,2009,5074,SHRI 1008 KPSDJ MANDIR,,Yes,SHRI 1008 KPSDJ MANDIR,-680.0,Yes,Yes,No,,,,
20260812,2507,Sales,ccde5e46-22b1-4fd7-8009-ffe387e3e86a-0000034b,843,3216,01   Yash Morning  Milk Counter,,Yes,01   Yash Morning  Milk Counter,-1650.66,Yes,Yes,No,,,,
20260812,2508,Sales,ccde5e46-22b1-4fd7-8009-ffe387e3e86a-00000359,857,3224,HOTEL LADLI,,Yes,HOTEL LADLI,-1520.0,Yes,Yes,No,,,,
20260812,2509,Sales,ccde5e46-22b1-4fd7-8009-ffe387e3e86a-0000035a,858,3225,THE VEGAN  HOTEL,,Yes,THE VEGAN  HOTEL,-3450.0,Yes,Yes,No,,,,
20260812,2509,Sales,ccde5e46-22b1-4fd7-8009-ffe387e3e86a-0000035a,858,3225,THE VEGAN  HOTEL,,Yes,Transport,170.0,No,No,No,,,,
20260812,2510,Sales,ccde5e46-22b1-4fd7-8009-ffe387e3e86a-0000035c,860,3227,13  ATM   B,,Yes,13  ATM   B,-2195.64,Yes,Yes,No,,,,
20260812,2511,Sales,ccde5e46-22b1-4fd7-8009-ffe387e3e86a-00000360,864,3231,01   Yash Morning  Milk Counter,,Yes,01   Yash Morning  Milk Counter,-1712.2,Yes,Yes,No,,,,
20260812,2512,Sales,ccde5e46-22b1-4fd7-8009-ffe387e3e86a-00000362,866,3233,01   Yash Morning  Milk Counter,,Yes,01   Yash Morning  Milk Counter,-3220.96,Yes,Yes,No,,,,
20260812,2513,Sales,ccde5e46-22b1-4fd7-8009-ffe387e3e86a-00000366,870,3237,13  ATM   B,,Yes,13  ATM   B,-2287.44,Yes,Yes,No,,,,
20260812,2514,Sales,ccde5e46-22b1-4fd7-8009-ffe387e3e86a-00000368,872,3239,13  ATM   B,,Yes,13  ATM   B,-2286.48,Yes,Yes,No,,,,
20260812,2515,Sales,ccde5e46-22b1-4fd7-8009-ffe387e3e86a-00000369,873,3240,08  Wadgaonkar  Sales,,Yes,08  Wadgaonkar  Sales,-8080.0,Yes,Yes,No,,,,
20260812,2516,Sales,ccde5e46-22b1-4fd7-8009-ffe387e3e86a-0000036a,874,3241,09   Pandurang  Sales,,Yes,09   Pandurang  Sales,-2860.0,Yes,Yes,No,,,,
20260812,2517,Sales,ccde5e46-22b1-4fd7-8009-ffe387e3e86a-0000037d,893,3321,13  ATM   B,,Yes,13  ATM   B,-2212.92,Yes,Yes,No,,,,
20260812,2518,Sales,ccde5e46-22b1-4fd7-8009-ffe387e3e86a-0000037f,895,3323,13  ATM   B,,Yes,13  ATM   B,-8457.84,Yes,Yes,No,,,,
20260812,2519,Sales,ccde5e46-22b1-4fd7-8009-ffe387e3e86a-00000380,896,3324,13  ATM   B,,Yes,13  ATM   B,-2845.8,Yes,Yes,No,,,,
20260812,2520,Sales,ccde5e46-22b1-4fd7-8009-ffe387e3e86a-00000381,897,3325,02 Rsa Afternoon Milk Counter,,Yes,02 Rsa Afternoon Milk Counter,-2022.32,Yes,Yes,No,,,,
20260812,2521,Sales,ccde5e46-22b1-4fd7-8009-ffe387e3e86a-00000382,898,3326,02 Rsa Afternoon Milk Counter,,Yes,02 Rsa Afternoon Milk Counter,-1344.0,Yes,Yes,No,,,,
20260812,2522,Sales,ccde5e46-22b1-4fd7-8009-ffe387e3e86a-00000383,899,3327,02 Rsa Afternoon Milk Counter,,Yes,02 Rsa Afternoon Milk Counter,-1475.18,Yes,Yes,No,,,,
20260812,2523,Sales,ccde5e46-22b1-4fd7-8009-ffe387e3e86a-00000385,901,3329,13  ATM   B,,Yes,13  ATM   B,-4530.4,Yes,Yes,No,,,,
20260812,2524,Sales,ccde5e46-22b1-4fd7-8009-ffe387e3e86a-0000039a,922,3351,02 Rsa Afternoon Milk Counter,,Yes,02 Rsa Afternoon Milk Counter,-3766.5,Yes,Yes,No,,,,
20260812,2525,Sales,ccde5e46-22b1-4fd7-8009-ffe387e3e86a-000003a0,928,3357,01   Yash Morning  Milk Counter,,Yes,01   Yash Morning  Milk Counter,1219.22,Yes,Yes,No,,,,
20260812,2526,Sales,ccde5e46-22b1-4fd7-8009-ffe387e3e86a-000003a3,931,3360,08  Wadgaonkar  Sales,,Yes,08  Wadgaonkar  Sales,-1000.0,Yes,Yes,No,,,,
20260812,2527,Sales,ccde5e46-22b1-4fd7-8009-ffe387e3e86a-000003a4,932,3361,09   Pandurang  Sales,,Yes,09   Pandurang  Sales,-2400.0,Yes,Yes,No,,,,
20260812,2528,Sales,ccde5e46-22b1-4fd7-8009-ffe387e3e86a-000003a5,933,3362,02 Rsa Afternoon Milk Counter,,Yes,02 Rsa Afternoon Milk Counter,-8427.92,Yes,Yes,No,,,,
20260812,2529,Sales,ccde5e46-22b1-4fd7-8009-ffe387e3e86a-000003a6,934,3363,02 Rsa Afternoon Milk Counter,,Yes,02 Rsa Afternoon Milk Counter,-4635.68,Yes,Yes,No,,,,
20260812,2530,Sales,ccde5e46-22b1-4fd7-8009-ffe387e3e86a-000003aa,938,3367,02 Rsa Afternoon Milk Counter,,Yes,02 Rsa Afternoon Milk Counter,-3563.72,Yes,Yes,No,,,,
20260812,2531,Sales,ccde5e46-22b1-4fd7-8009-ffe387e3e86a-000003ab,939,3368,02 Rsa Afternoon Milk Counter,,Yes,02 Rsa Afternoon Milk Counter,-2380.0,Yes,Yes,No,,,,
20260812,2532,Sales,ccde5e46-22b1-4fd7-8009-ffe387e3e86a-000003bb,955,3385,13  ATM   B,,Yes,13  ATM   B,-4374.0,Yes,Yes,No,,,,
20260812,2533,Sales,ccde5e46-22b1-4fd7-8009-ffe387e3e86a-000003bd,957,3387,13  ATM   B,,Yes,13  ATM   B,-8336.8,Yes,Yes,No,,,,
20260812,2534,Sales,ccde5e46-22b1-4fd7-8009-ffe387e3e86a-000003be,958,3388,13  ATM   B,,Yes,13  ATM   B,-5508.0,Yes,Yes,No,,,,
20260812,2535,Sales,ccde5e46-22b1-4fd7-8009-ffe387e3e86a-000003c4,964,3394,08  Wadgaonkar  Sales,,Yes,08  Wadgaonkar  Sales,460.0,Yes,Yes,No,,,,
20260812,2536,Sales,ccde5e46-22b1-4fd7-8009-ffe387e3e86a-000003c5,965,3395,09   Pandurang  Sales,,Yes,09   Pandurang  Sales,308.0,Yes,Yes,No,,,,
20260812,2537,Sales,ccde5e46-22b1-4fd7-8009-ffe387e3e86a-000003c8,968,3400,13  ATM   B,,Yes,13  ATM   B,-4471.2,Yes,Yes,No,,,,
20260812,2538,Sales,ccde5e46-22b1-4fd7-8009-ffe387e3e86a-000003ca,970,3402,02 Rsa Afternoon Milk Counter,,Yes,02 Rsa Afternoon Milk Counter,2724.8,Yes,Yes,No,,,,
20260813,2539,Sales,ccde5e46-22b1-4fd7-8009-ffe387e3e86a-000003ce,974,3406,HOTEL LADLI,,Yes,HOTEL LADLI,-1520.0,Yes,Yes,No,,,,
20260813,2540,Sales,ccde5e46-22b1-4fd7-8009-ffe387e3e86a-000003cf,975,3407,THE VEGAN  HOTEL,,Yes,THE VEGAN  HOTEL,-3450.0,Yes,Yes,No,,,,
20260813,2540,Sales,ccde5e46-22b1-4fd7-8009-ffe387e3e86a-000003cf,975,3407,THE VEGAN  HOTEL,,Yes,Transport,170.0,No,No,No,,,,
20260813,2541,Sales,ccde5e46-22b1-4fd7-8009-ffe387e3e86a-000003d0,976,3408,13  ATM   B,,Yes,13  ATM   B,-2160.0,Yes,Yes,No,,,,
20260813,2542,Sales,ccde5e46-22b1-4fd7-8009-ffe387e3e86a-000003d1,977,3409,01   Yash Morning  Milk Counter,,Yes,01   Yash Morning  Milk Counter,-1698.2,Yes,Yes,No,,,,
20260813,2543,Sales,ccde5e46-22b1-4fd7-8009-ffe387e3e86a-000003c3,963,3410,01   Yash Morning  Milk Counter,,Yes,01   Yash Morning  Milk Counter,-1653.94,Yes,Yes,No,,,,
20260813,2544,Sales,ccde5e46-22b1-4fd7-8009-ffe387e3e86a-000003d2,978,3411,01   Yash Morning  Milk Counter,,Yes,01   Yash Morning  Milk Counter,-3621.12,Yes,Yes,No,,,,
20260813,2545,Sales,ccde5e46-22b1-4fd7-8009-ffe387e3e86a-000003d5,981,3414,13  ATM   B,,Yes,13  ATM   B,-8296.0,Yes,Yes,No,,,,
20260813,2546,Sales,ccde5e46-22b1-4fd7-8009-ffe387e3e86a-000003d7,983,3416,13  ATM   B,,Yes,13  ATM   B,-4603.2,Yes,Yes,No,,,,
20260813,2547,Sales,ccde5e46-22b1-4fd7-8009-ffe387e3e86a-000003da,986,3419,13  ATM   B,,Yes,13  ATM   B,-2149.2,Yes,Yes,No,,,,
20260813,2548,Sales,ccde5e46-22b1-4fd7-8009-ffe387e3e86a-000003dc,988,3421,08  Wadgaonkar  Sales,,Yes,08  Wadgaonkar  Sales,-7590.0,Yes,Yes,No,,,,
20260813,2549,Sales,ccde5e46-22b1-4fd7-8009-ffe387e3e86a-0000042c,1068,3740,08  Wadgaonkar  Sales,,Yes,08  Wadgaonkar  Sales,-400.0,Yes,Yes,No,,,,
20260813,2550,Sales,ccde5e46-22b1-4fd7-8009-ffe387e3e86a-000003ec,1004,3502,09   Pandurang  Sales,,Yes,09   Pandurang  Sales,-2337.0,Yes,Yes,No,,,,
20260813,2551,Sales,ccde5e46-22b1-4fd7-8009-ffe387e3e86a-00000406,1030,3644,02 Rsa Afternoon Milk Counter,,Yes,02 Rsa Afternoon Milk Counter,-2036.6,Yes,Yes,No,,,,
20260813,2552,Sales,ccde5e46-22b1-4fd7-8009-ffe387e3e86a-00000407,1031,3645,02 Rsa Afternoon Milk Counter,,Yes,02 Rsa Afternoon Milk Counter,-3972.24,Yes,Yes,No,,,,
20260813,2553,Sales,ccde5e46-22b1-4fd7-8009-ffe387e3e86a-00000412,1042,3656,Hattekar's Girija Catterors,,Yes,Hattekar's Girija Catterors,-4400.0,Yes,Yes,No,,,,
20260813,2554,Sales,ccde5e46-22b1-4fd7-8009-ffe387e3e86a-0000041a,1050,3698,02 Rsa Afternoon Milk Counter,,Yes,02 Rsa Afternoon Milk Counter,-1640.0,Yes,Yes,No,,,,
20260813,2555,Sales,ccde5e46-22b1-4fd7-8009-ffe387e3e86a-0000041b,1051,3699,02 Rsa Afternoon Milk Counter,,Yes,02 Rsa Afternoon Milk Counter,-1690.64,Yes,Yes,No,,,,
20260813,2556,Sales,ccde5e46-22b1-4fd7-8009-ffe387e3e86a-0000041d,1053,3703,01   Yash Morning  Milk Counter,,Yes,01   Yash Morning  Milk Counter,1876.16,Yes,Yes,No,,,,
20260813,2557,Sales,ccde5e46-22b1-4fd7-8009-ffe387e3e86a-00000424,1060,3732,13  ATM   B,,Yes,13  ATM   B,-1452.6,Yes,Yes,No,,,,
20260813,2558,Sales,ccde5e46-22b1-4fd7-8009-ffe387e3e86a-00000426,1062,3734,02 Rsa Afternoon Milk Counter,,Yes,02 Rsa Afternoon Milk Counter,-8370.8,Yes,Yes,No,,,,
20260813,2559,Sales,ccde5e46-22b1-4fd7-8009-ffe387e3e86a-00000427,1063,3735,02 Rsa Afternoon Milk Counter,,Yes,02 Rsa Afternoon Milk Counter,-4600.4,Yes,Yes,No,,,,
20260813,2560,Sales,ccde5e46-22b1-4fd7-8009-ffe387e3e86a-00000428,1064,3736,02 Rsa Afternoon Milk Counter,,Yes,02 Rsa Afternoon Milk Counter,-2646.0,Yes,Yes,No,,,,
20260813,2561,Sales,ccde5e46-22b1-4fd7-8009-ffe387e3e86a-00000429,1065,3737,02 Rsa Afternoon Milk Counter,,Yes,02 Rsa Afternoon Milk Counter,-3493.2,Yes,Yes,No,,,,
20260813,2562,Sales,ccde5e46-22b1-4fd7-8009-ffe387e3e86a-0000042a,1066,3738,13  ATM   B,,Yes,13  ATM   B,1642.8,Yes,Yes,No,,,,
20260813,2563,Sales,ccde5e46-22b1-4fd7-8009-ffe387e3e86a-0000042b,1067,3739,02 Rsa Afternoon Milk Counter,,Yes,02 Rsa Afternoon Milk Counter,-1517.4,Yes,Yes,No,,,,
20260813,2564,Sales,ccde5e46-22b1-4fd7-8009-ffe387e3e86a-0000043f,1087,3759,09   Pandurang  Sales,,Yes,09   Pandurang  Sales,-600.0,Yes,Yes,No,,,,
20260813,2565,Sales,ccde5e46-22b1-4fd7-8009-ffe387e3e86a-0000046c,1132,3805,12  ATM  A,,Yes,12  ATM  A,-6832.0,Yes,Yes,No,,,,
20260813,2566,Sales,ccde5e46-22b1-4fd7-8009-ffe387e3e86a-0000046e,1134,3807,12  ATM  A,,Yes,12  ATM  A,-4353.48,Yes,Yes,No,,,,
20260813,2567,Sales,ccde5e46-22b1-4fd7-8009-ffe387e3e86a-00000470,1136,3809,02 Rsa Afternoon Milk Counter,,Yes,02 Rsa Afternoon Milk Counter,-2770.32,Yes,Yes,No,,,,
20260813,2568,Sales,ccde5e46-22b1-4fd7-8009-ffe387e3e86a-00000472,1138,3811,02 Rsa Afternoon Milk Counter,,Yes,02 Rsa Afternoon Milk Counter,-1748.24,Yes,Yes,No,,,,
20260813,2569,Sales,ccde5e46-22b1-4fd7-8009-ffe387e3e86a-00000478,1144,3822,12  ATM  A,,Yes,12  ATM  A,-8336.8,Yes,Yes,No,,,,
20260813,2570,Sales,ccde5e46-22b1-4fd7-8009-ffe387e3e86a-00000479,1145,3823,08  Wadgaonkar  Sales,,Yes,08  Wadgaonkar  Sales,1014.0,Yes,Yes,No,,,,
20260813,2571,Sales,ccde5e46-22b1-4fd7-8009-ffe387e3e86a-0000047a,1146,3824,09   Pandurang  Sales,,Yes,09   Pandurang  Sales,93.0,Yes,Yes,No,,,,
20260813,2572,Sales,ccde5e46-22b1-4fd7-8009-ffe387e3e86a-0000047c,1148,3826,02 Rsa Afternoon Milk Counter,,Yes,02 Rsa Afternoon Milk Counter,350.0,Yes,Yes,No,,,,
20260814,2573,Sales,ccde5e46-22b1-4fd7-8009-ffe387e3e86a-00000471,1137,3817,01   Yash Morning  Milk Counter,,Yes,01   Yash Morning  Milk Counter,-1689.2,Yes,Yes,No,,,,
20260814,2574,Sales,ccde5e46-22b1-4fd7-8009-ffe387e3e86a-0000047f,1151,3831,HOTEL LADLI,,Yes,HOTEL LADLI,-760.0,Yes,Yes,No,,,,
20260814,2575,Sales,ccde5e46-22b1-4fd7-8009-ffe387e3e86a-00000480,1152,3830,THE VEGAN  HOTEL,,Yes,THE VEGAN  HOTEL,-3450.0,Yes,Yes,No,,,,
20260814,2575,Sales,ccde5e46-22b1-4fd7-8009-ffe387e3e86a-00000480,1152,3830,THE VEGAN  HOTEL,,Yes,Transport,170.0,No,No,No,,,,
20260814,2576,Sales,ccde5e46-22b1-4fd7-8009-ffe387e3e86a-00000481,1153,3832,01   Yash Morning  Milk Counter,,Yes,01   Yash Morning  Milk Counter,-1753.5,Yes,Yes,No,,,,
20260814,2577,Sales,ccde5e46-22b1-4fd7-8009-ffe387e3e86a-00000482,1154,3833,01   Yash Morning  Milk Counter,,Yes,01   Yash Morning  Milk Counter,-660.96,Yes,Yes,No,,,,
20260814,2578,Sales,ccde5e46-22b1-4fd7-8009-ffe387e3e86a-00000483,1155,3834,01   Yash Morning  Milk Counter,,Yes,01   Yash Morning  Milk Counter,-3577.66,Yes,Yes,No,,,,
20260814,2579,Sales,ccde5e46-22b1-4fd7-8009-ffe387e3e86a-00000484,1156,4405,04 GHEE COUNTER,,Yes,04 GHEE COUNTER,-2259.6,Yes,Yes,No,,,,
20260814,2580,Sales,ccde5e46-22b1-4fd7-8009-ffe387e3e86a-00000485,1157,3836,13  ATM   B,,Yes,13  ATM   B,-5426.4,Yes,Yes,No,,,,
20260814,2581,Sales,ccde5e46-22b1-4fd7-8009-ffe387e3e86a-00000486,1158,3837,13  ATM   B,,Yes,13  ATM   B,-2185.92,Yes,Yes,No,,,,
20260814,2582,Sales,ccde5e46-22b1-4fd7-8009-ffe387e3e86a-00000487,1159,3838,01   Yash Morning  Milk Counter,,Yes,01   Yash Morning  Milk Counter,-1194.9,Yes,Yes,No,,,,
20260814,2583,Sales,ccde5e46-22b1-4fd7-8009-ffe387e3e86a-0000048c,1164,3982,08  Wadgaonkar  Sales,060,Yes,08  Wadgaonkar  Sales,-6830.0,Yes,Yes,No,,,,
20260814,2584,Sales,ccde5e46-22b1-4fd7-8009-ffe387e3e86a-00000492,1170,3983,09   Pandurang  Sales,065,Yes,09   Pandurang  Sales,-2620.0,Yes,Yes,No,,,,
20260814,2585,Sales,ccde5e46-22b1-4fd7-8009-ffe387e3e86a-00000497,1175,3988,02 Rsa Afternoon Milk Counter,,Yes,02 Rsa Afternoon Milk Counter,-2082.16,Yes,Yes,No,,,,
20260814,2586,Sales,ccde5e46-22b1-4fd7-8009-ffe387e3e86a-00000498,1176,3989,02 Rsa Afternoon Milk Counter,,Yes,02 Rsa Afternoon Milk Counter,-1529.92,Yes,Yes,No,,,,
20260814,2587,Sales,ccde5e46-22b1-4fd7-8009-ffe387e3e86a-00000499,1177,3990,02 Rsa Afternoon Milk Counter,,Yes,02 Rsa Afternoon Milk Counter,-1421.06,Yes,Yes,No,,,,
20260814,2588,Sales,ccde5e46-22b1-4fd7-8009-ffe387e3e86a-0000049a,1178,3991,02 Rsa Afternoon Milk Counter,,Yes,02 Rsa Afternoon Milk Counter,-3915.0,Yes,Yes,No,,,,
20260814,2589,Sales,ccde5e46-22b1-4fd7-8009-ffe387e3e86a-0000049b,1179,3992,13  ATM   B,,Yes,13  ATM   B,-3294.0,Yes,Yes,No,,,,
20260814,2590,Sales,ccde5e46-22b1-4fd7-8009-ffe387e3e86a-0000049c,1180,3993,13  ATM   B,,Yes,13  ATM   B,-5537.92,Yes,Yes,No,,,,
20260814,2591,Sales,ccde5e46-22b1-4fd7-8009-ffe387e3e86a-0000049d,1181,3994,01   Yash Morning  Milk Counter,,Yes,01   Yash Morning  Milk Counter,2251.2,Yes,Yes,No,,,,
20260814,2592,Sales,ccde5e46-22b1-4fd7-8009-ffe387e3e86a-000004a6,1190,4004,02 Rsa Afternoon Milk Counter,,Yes,02 Rsa Afternoon Milk Counter,-18743.68,Yes,Yes,No,,,,
20260814,2593,Sales,ccde5e46-22b1-4fd7-8009-ffe387e3e86a-000004a8,1192,4006,13  ATM   B,,Yes,13  ATM   B,-6935.04,Yes,Yes,No,,,,
20260814,2594,Sales,ccde5e46-22b1-4fd7-8009-ffe387e3e86a-000004a9,1193,4007,13  ATM   B,,Yes,13  ATM   B,-8268.8,Yes,Yes,No,,,,
20260814,2595,Sales,ccde5e46-22b1-4fd7-8009-ffe387e3e86a-000004aa,1194,4008,13  ATM   B,,Yes,13  ATM   B,-5480.8,Yes,Yes,No,,,,
20260814,2596,Sales,ccde5e46-22b1-4fd7-8009-ffe387e3e86a-000004ac,1196,4010,09   Pandurang  Sales,061,Yes,09   Pandurang  Sales,-950.0,Yes,Yes,No,,,,
20260814,2597,Sales,ccde5e46-22b1-4fd7-8009-ffe387e3e86a-000004ad,1197,4011,13  ATM   B,,Yes,13  ATM   B,-5417.4,Yes,Yes,No,,,,
20260814,2598,Sales,ccde5e46-22b1-4fd7-8009-ffe387e3e86a-000004af,1199,4031,02 Rsa Afternoon Milk Counter,,Yes,02 Rsa Afternoon Milk Counter,-2091.0,Yes,Yes,No,,,,
20260814,2599,Sales,ccde5e46-22b1-4fd7-8009-ffe387e3e86a-000004b0,1200,4032,02 Rsa Afternoon Milk Counter,,Yes,02 Rsa Afternoon Milk Counter,-2835.6,Yes,Yes,No,,,,
20260814,2600,Sales,ccde5e46-22b1-4fd7-8009-ffe387e3e86a-000004b4,1204,4042,02 Rsa Afternoon Milk Counter,,Yes,02 Rsa Afternoon Milk Counter,5141.2,Yes,Yes,No,,,,
20260814,2601,Sales,ccde5e46-22b1-4fd7-8009-ffe387e3e86a-000004b5,1205,4043,08  Wadgaonkar  Sales,072,Yes,08  Wadgaonkar  Sales,417.0,Yes,Yes,No,,,,
20260814,2602,Sales,ccde5e46-22b1-4fd7-8009-ffe387e3e86a-000004b6,1206,4044,09   Pandurang  Sales,069,Yes,09   Pandurang  Sales,360.0,Yes,Yes,No,,,,
20260815,2603,Sales,ccde5e46-22b1-4fd7-8009-ffe387e3e86a-000004ba,1210,4048,01   Yash Morning  Milk Counter,,Yes,01   Yash Morning  Milk Counter,-2305.52,Yes,Yes,No,,,,
20260815,2604,Sales,ccde5e46-22b1-4fd7-8009-ffe387e3e86a-000004bc,1212,4050,THE VEGAN  HOTEL,,Yes,THE VEGAN  HOTEL,-3450.0,Yes,Yes,No,,,,
20260815,2604,Sales,ccde5e46-22b1-4fd7-8009-ffe387e3e86a-000004bc,1212,4050,THE VEGAN  HOTEL,,Yes,Transport,170.0,No,No,No,,,,
20260815,2605,Sales,ccde5e46-22b1-4fd7-8009-ffe387e3e86a-000004bd,1213,4051,01   Yash Morning  Milk Counter,,Yes,01   Yash Morning  Milk Counter,-1741.6,Yes,Yes,No,,,,
20260815,2606,Sales,ccde5e46-22b1-4fd7-8009-ffe387e3e86a-000004be,1214,4263,HOTEL LADLI,,Yes,HOTEL LADLI,-1520.0,Yes,Yes,No,,,,
20260815,2607,Sales,ccde5e46-22b1-4fd7-8009-ffe387e3e86a-000004bf,1215,4053,01   Yash Morning  Milk Counter,,Yes,01   Yash Morning  Milk Counter,-3542.4,Yes,Yes,No,,,,
20260815,2608,Sales,ccde5e46-22b1-4fd7-8009-ffe387e3e86a-000004c0,1216,4054,12  ATM  A,,Yes,12  ATM  A,-2228.8,Yes,Yes,No,,,,
20260815,2609,Sales,ccde5e46-22b1-4fd7-8009-ffe387e3e86a-000004c1,1217,4055,01   Yash Morning  Milk Counter,,Yes,01   Yash Morning  Milk Counter,-640.0,Yes,Yes,No,,,,
20260815,2610,Sales,ccde5e46-22b1-4fd7-8009-ffe387e3e86a-000004c2,1218,4056,01   Yash Morning  Milk Counter,,Yes,01   Yash Morning  Milk Counter,-2733.6,Yes,Yes,No,,,,
20260815,2611,Sales,ccde5e46-22b1-4fd7-8009-ffe387e3e86a-000004c5,1221,4060,01   Yash Morning  Milk Counter,,Yes,01   Yash Morning  Milk Counter,-2777.8,Yes,Yes,No,,,,
20260815,2612,Sales,ccde5e46-22b1-4fd7-8009-ffe387e3e86a-000004eb,1259,4129,02 Rsa Afternoon Milk Counter,,Yes,02 Rsa Afternoon Milk Counter,-2080.8,Yes,Yes,No,,,,
20260815,2613,Sales,ccde5e46-22b1-4fd7-8009-ffe387e3e86a-000004ec,1260,4130,02 Rsa Afternoon Milk Counter,,Yes,02 Rsa Afternoon Milk Counter,-1545.6,Yes,Yes,No,,,,
20260815,2614,Sales,ccde5e46-22b1-4fd7-8009-ffe387e3e86a-000004f9,1273,4175,12  ATM  A,,Yes,12  ATM  A,-2136.78,Yes,Yes,No,,,,
20260815,2615,Sales,ccde5e46-22b1-4fd7-8009-ffe387e3e86a-000004fa,1274,4176,02 Rsa Afternoon Milk Counter,,Yes,02 Rsa Afternoon Milk Counter,-3587.76,Yes,Yes,No,,,,
20260815,2616,Sales,ccde5e46-22b1-4fd7-8009-ffe387e3e86a-000004fd,1277,4181,08  Wadgaonkar  Sales,,Yes,08  Wadgaonkar  Sales,-7750.0,Yes,Yes,No,,,,
20260815,2617,Sales,ccde5e46-22b1-4fd7-8009-ffe387e3e86a-00000507,1287,4225,09   Pandurang  Sales,,Yes,09   Pandurang  Sales,-2680.0,Yes,Yes,No,,,,
20260815,2618,Sales,ccde5e46-22b1-4fd7-8009-ffe387e3e86a-0000051f,1311,4251,01   Yash Morning  Milk Counter,,Yes,01   Yash Morning  Milk Counter,-1262.8,Yes,Yes,No,,,,
20260815,2619,Sales,ccde5e46-22b1-4fd7-8009-ffe387e3e86a-00000521,1313,4391,01   Yash Morning  Milk Counter,,Yes,01   Yash Morning  Milk Counter,596.3,Yes,Yes,No,,,,
20260815,2620,Sales,ccde5e46-22b1-4fd7-8009-ffe387e3e86a-00000530,1328,4270,02 Rsa Afternoon Milk Counter,,Yes,02 Rsa Afternoon Milk Counter,-1898.3,Yes,Yes,No,,,,
20260815,2621,Sales,ccde5e46-22b1-4fd7-8009-ffe387e3e86a-0000054d,1357,4330,02 Rsa Afternoon Milk Counter,,Yes,02 Rsa Afternoon Milk Counter,-3673.6,Yes,Yes,No,,,,
20260815,2622,Sales,ccde5e46-22b1-4fd7-8009-ffe387e3e86a-0000054e,1358,4331,02 Rsa Afternoon Milk Counter,,Yes,02 Rsa Afternoon Milk Counter,-8334.76,Yes,Yes,No,,,,
20260815,2623,Sales,ccde5e46-22b1-4fd7-8009-ffe387e3e86a-0000054f,1359,4332,02 Rsa Afternoon Milk Counter,,Yes,02 Rsa Afternoon Milk Counter,-4580.8,Yes,Yes,No,,,,
20260815,2624,Sales,ccde5e46-22b1-4fd7-8009-ffe387e3e86a-00000550,1360,4333,02 Rsa Afternoon Milk Counter,,Yes,02 Rsa Afternoon Milk Counter,-2765.0,Yes,Yes,No,,,,
20260815,2625,Sales,ccde5e46-22b1-4fd7-8009-ffe387e3e86a-00000551,1361,4334,12  ATM  A,,Yes,12  ATM  A,1479.4,Yes,Yes,No,,,,
20260815,2626,Sales,ccde5e46-22b1-4fd7-8009-ffe387e3e86a-00000589,1417,4390,13  ATM   B,,Yes,13  ATM   B,-8447.64,Yes,Yes,No,,,,
20260815,2627,Sales,ccde5e46-22b1-4fd7-8009-ffe387e3e86a-0000058a,1418,4392,13  ATM   B,,Yes,13  ATM   B,-6949.6,Yes,Yes,No,,,,
20260815,2628,Sales,ccde5e46-22b1-4fd7-8009-ffe387e3e86a-0000058b,1419,4393,13  ATM   B,,Yes,13  ATM   B,-8429.28,Yes,Yes,No,,,,
20260815,2629,Sales,ccde5e46-22b1-4fd7-8009-ffe387e3e86a-0000058c,1420,4394,13  ATM   B,,Yes,13  ATM   B,-4309.2,Yes,Yes,No,,,,
20260815,2630,Sales,ccde5e46-22b1-4fd7-8009-ffe387e3e86a-0000058d,1421,4395,13  ATM   B,,Yes,13  ATM   B,-2284.8,Yes,Yes,No,,,,
20260815,2631,Sales,ccde5e46-22b1-4fd7-8009-ffe387e3e86a-00000590,1424,4398,02 Rsa Afternoon Milk Counter,,Yes,02 Rsa Afternoon Milk Counter,-1918.8,Yes,Yes,No,,,,
20260815,2632,Sales,ccde5e46-22b1-4fd7-8009-ffe387e3e86a-000004b1,1201,4404,01   Yash Morning  Milk Counter,,Yes,01   Yash Morning  Milk Counter,-1748.24,Yes,Yes,No,,,,
20260815,2633,Sales,ccde5e46-22b1-4fd7-8009-ffe387e3e86a-0000059b,1435,4411,02 Rsa Afternoon Milk Counter,,Yes,02 Rsa Afternoon Milk Counter,634.6,Yes,Yes,No,,,,
20260815,2634,Sales,ccde5e46-22b1-4fd7-8009-ffe387e3e86a-0000062e,1582,4594,08  Wadgaonkar  Sales,,Yes,08  Wadgaonkar  Sales,-260.0,Yes,Yes,No,,,,
20260815,2635,Sales,ccde5e46-22b1-4fd7-8009-ffe387e3e86a-0000063a,1594,4606,08  Wadgaonkar  Sales,,Yes,08  Wadgaonkar  Sales,321.0,Yes,Yes,No,,,,
20260815,2636,Sales,ccde5e46-22b1-4fd7-8009-ffe387e3e86a-00000631,1585,4597,09   Pandurang  Sales,,Yes,09   Pandurang  Sales,-370.0,Yes,Yes,No,,,,
20260815,2637,Sales,ccde5e46-22b1-4fd7-8009-ffe387e3e86a-00000642,1602,4614,09   Pandurang  Sales,,Yes,09   Pandurang  Sales,649.0,Yes,Yes,No,,,,
20260816,2638,Sales,ccde5e46-22b1-4fd7-8009-ffe387e3e86a-0000059e,1438,4414,HOTEL LADLI,,Yes,HOTEL LADLI,-1520.0,Yes,Yes,No,,,,
20260816,2639,Sales,ccde5e46-22b1-4fd7-8009-ffe387e3e86a-0000059f,1439,4415,THE VEGAN  HOTEL,,Yes,THE VEGAN  HOTEL,-3450.0,Yes,Yes,No,,,,
20260816,2639,Sales,ccde5e46-22b1-4fd7-8009-ffe387e3e86a-0000059f,1439,4415,THE VEGAN  HOTEL,,Yes,Transport,170.0,No,No,No,,,,
20260816,2640,Sales,ccde5e46-22b1-4fd7-8009-ffe387e3e86a-000005a0,1440,4416,01   Yash Morning  Milk Counter,,Yes,01   Yash Morning  Milk Counter,-1645.7,Yes,Yes,No,,,,
20260816,2641,Sales,ccde5e46-22b1-4fd7-8009-ffe387e3e86a-000005a1,1441,4417,01   Yash Morning  Milk Counter,,Yes,01   Yash Morning  Milk Counter,-3452.2,Yes,Yes,No,,,,
20260816,2642,Sales,ccde5e46-22b1-4fd7-8009-ffe387e3e86a-000005a5,1445,4421,13  ATM   B,,Yes,13  ATM   B,-4579.12,Yes,Yes,No,,,,
20260816,2643,Sales,ccde5e46-22b1-4fd7-8009-ffe387e3e86a-000005a8,1448,4424,13  ATM   B,,Yes,13  ATM   B,-2170.8,Yes,Yes,No,,,,
20260816,2644,Sales,ccde5e46-22b1-4fd7-8009-ffe387e3e86a-000005ad,1453,4429,01   Yash Morning  Milk Counter,,Yes,01   Yash Morning  Milk Counter,-2930.8,Yes,Yes,No,,,,
20260816,2645,Sales,ccde5e46-22b1-4fd7-8009-ffe387e3e86a-000005b9,1465,4441,01   Yash Morning  Milk Counter,,Yes,01   Yash Morning  Milk Counter,-2550.68,Yes,Yes,No,,,,
20260816,2646,Sales,ccde5e46-22b1-4fd7-8009-ffe387e3e86a-000005be,1470,4446,13  ATM   B,,Yes,13  ATM   B,-3758.4,Yes,Yes,No,,,,
20260816,2647,Sales,ccde5e46-22b1-4fd7-8009-ffe387e3e86a-00000591,1425,4447,01   Yash Morning  Milk Counter,,Yes,01   Yash Morning  Milk Counter,-1793.34,Yes,Yes,No,,,,
20260816,2648,Sales,ccde5e46-22b1-4fd7-8009-ffe387e3e86a-000005c1,1473,4450,02 Rsa Afternoon Milk Counter,,Yes,02 Rsa Afternoon Milk Counter,-3445.2,Yes,Yes,No,,,,
20260816,2649,Sales,ccde5e46-22b1-4fd7-8009-ffe387e3e86a-000005c2,1474,4451,02 Rsa Afternoon Milk Counter,,Yes,02 Rsa Afternoon Milk Counter,-1431.72,Yes,Yes,No,,,,
20260816,2650,Sales,ccde5e46-22b1-4fd7-8009-ffe387e3e86a-000005c3,1475,4684,02 Rsa Afternoon Milk Counter,,Yes,02 Rsa Afternoon Milk Counter,-1416.8,Yes,Yes,No,,,,
20260816,2651,Sales,ccde5e46-22b1-4fd7-8009-ffe387e3e86a-000005c4,1476,4453,02 Rsa Afternoon Milk Counter,,Yes,02 Rsa Afternoon Milk Counter,-2059.04,Yes,Yes,No,,,,
20260816,2652,Sales,ccde5e46-22b1-4fd7-8009-ffe387e3e86a-000005e1,1505,4487,13  ATM   B,,Yes,13  ATM   B,-8398.0,Yes,Yes,No,,,,
20260816,2653,Sales,ccde5e46-22b1-4fd7-8009-ffe387e3e86a-000005e6,1510,4492,01   Yash Morning  Milk Counter,,Yes,01   Yash Morning  Milk Counter,746.2,Yes,Yes,No,,,,
20260816,2654,Sales,ccde5e46-22b1-4fd7-8009-ffe387e3e86a-000005f3,1523,4534,02 Rsa Afternoon Milk Counter,,Yes,02 Rsa Afternoon Milk Counter,-8168.16,Yes,Yes,No,,,,
20260816,2655,Sales,ccde5e46-22b1-4fd7-8009-ffe387e3e86a-000005f4,1524,4535,02 Rsa Afternoon Milk Counter,,Yes,02 Rsa Afternoon Milk Counter,-2779.7,Yes,Yes,No,,,,
20260816,2656,Sales,ccde5e46-22b1-4fd7-8009-ffe387e3e86a-000005f5,1525,4536,02 Rsa Afternoon Milk Counter,,Yes,02 Rsa Afternoon Milk Counter,-4541.6,Yes,Yes,No,,,,
20260816,2657,Sales,ccde5e46-22b1-4fd7-8009-ffe387e3e86a-000005f6,1526,4537,02 Rsa Afternoon Milk Counter,,Yes,02 Rsa Afternoon Milk Counter,-3598.16,Yes,Yes,No,,,,
20260816,2658,Sales,ccde5e46-22b1-4fd7-8009-ffe387e3e86a-00000654,1620,4632,13  ATM   B,,Yes,13  ATM   B,-8320.48,Yes,Yes,No,,,,
20260816,2659,Sales,ccde5e46-22b1-4fd7-8009-ffe387e3e86a-00000655,1621,4633,08  Wadgaonkar  Sales,,Yes,08  Wadgaonkar  Sales,-7750.0,Yes,Yes,No,,,,
20260816,2660,Sales,ccde5e46-22b1-4fd7-8009-ffe387e3e86a-00000656,1622,4634,13  ATM   B,,Yes,13  ATM   B,-6880.72,Yes,Yes,No,,,,
20260816,2661,Sales,ccde5e46-22b1-4fd7-8009-ffe387e3e86a-00000657,1623,4635,13  ATM   B,,Yes,13  ATM   B,-4271.4,Yes,Yes,No,,,,
20260816,2662,Sales,ccde5e46-22b1-4fd7-8009-ffe387e3e86a-00000658,1624,4636,13  ATM   B,,Yes,13  ATM   B,-5576.0,Yes,Yes,No,,,,
20260816,2663,Sales,ccde5e46-22b1-4fd7-8009-ffe387e3e86a-0000065a,1626,4638,09   Pandurang  Sales,,Yes,09   Pandurang  Sales,-2400.0,Yes,Yes,No,,,,
20260816,2664,Sales,ccde5e46-22b1-4fd7-8009-ffe387e3e86a-0000065b,1627,4639,09   Pandurang  Sales,,Yes,09   Pandurang  Sales,-1650.0,Yes,Yes,No,,,,
20260816,2665,Sales,ccde5e46-22b1-4fd7-8009-ffe387e3e86a-0000065f,1631,4643,02 Rsa Afternoon Milk Counter,,Yes,02 Rsa Afternoon Milk Counter,-1560.6,Yes,Yes,No,,,,
20260816,2666,Sales,ccde5e46-22b1-4fd7-8009-ffe387e3e86a-00000670,1648,4660,02 Rsa Afternoon Milk Counter,,Yes,02 Rsa Afternoon Milk Counter,-1394.0,Yes,Yes,No,,,,
20260816,2667,Sales,ccde5e46-22b1-4fd7-8009-ffe387e3e86a-00000686,1670,4683,02 Rsa Afternoon Milk Counter,,Yes,02 Rsa Afternoon Milk Counter,826.0,Yes,Yes,No,,,,
20260817,2668,Sales,ccde5e46-22b1-4fd7-8009-ffe387e3e86a-0000068b,1675,4770,HOTEL LADLI,,Yes,HOTEL LADLI,-1520.0,Yes,Yes,No,,,,
20260817,2668,Sales,ccde5e46-22b1-4fd7-8009-ffe387e3e86a-0000068b,1675,4770,HOTEL LADLI,,Yes,CGST-0%,0.0,No,No,No,,,,
20260817,2668,Sales,ccde5e46-22b1-4fd7-8009-ffe387e3e86a-0000068b,1675,4770,HOTEL LADLI,,Yes,SGST-0%,0.0,No,No,No,,,,
20260817,2669,Sales,ccde5e46-22b1-4fd7-8009-ffe387e3e86a-0000068c,1676,4690,THE VEGAN  HOTEL,,Yes,THE VEGAN  HOTEL,-3450.0,Yes,Yes,No,,,,
20260817,2669,Sales,ccde5e46-22b1-4fd7-8009-ffe387e3e86a-0000068c,1676,4690,THE VEGAN  HOTEL,,Yes,Transport,170.0,No,No,No,,,,
20260817,2670,Sales,ccde5e46-22b1-4fd7-8009-ffe387e3e86a-0000068f,1679,4693,01   Yash Morning  Milk Counter,,Yes,01   Yash Morning  Milk Counter,-8377.6,Yes,Yes,No,,,,
20260817,2671,Sales,ccde5e46-22b1-4fd7-8009-ffe387e3e86a-00000691,1681,4695,13  ATM   B,,Yes,13  ATM   B,-2201.04,Yes,Yes,No,,,,
20260817,2672,Sales,ccde5e46-22b1-4fd7-8009-ffe387e3e86a-00000692,1682,4696,01   Yash Morning  Milk Counter,,Yes,01   Yash Morning  Milk Counter,-2645.2,Yes,Yes,No,,,,
20260817,2673,Sales,ccde5e46-22b1-4fd7-8009-ffe387e3e86a-00000693,1683,4697,01   Yash Morning  Milk Counter,,Yes,01   Yash Morning  Milk Counter,-1688.4,Yes,Yes,No,,,,
20260817,2674,Sales,ccde5e46-22b1-4fd7-8009-ffe387e3e86a-00000695,1685,4699,01   Yash Morning  Milk Counter,,Yes,01   Yash Morning  Milk Counter,-3553.06,Yes,Yes,No,,,,
20260817,2675,Sales,ccde5e46-22b1-4fd7-8009-ffe387e3e86a-00000696,1686,4700,13  ATM   B,,Yes,13  ATM   B,-4627.28,Yes,Yes,No,,,,
20260817,2676,Sales,ccde5e46-22b1-4fd7-8009-ffe387e3e86a-00000697,1687,4701,01   Yash Morning  Milk Counter,,Yes,01   Yash Morning  Milk Counter,-2745.16,Yes,Yes,No,,,,
20260817,2677,Sales,ccde5e46-22b1-4fd7-8009-ffe387e3e86a-00000698,1688,4702,01   Yash Morning  Milk Counter,,Yes,01   Yash Morning  Milk Counter,-2896.8,Yes,Yes,No,,,,
20260817,2678,Sales,ccde5e46-22b1-4fd7-8009-ffe387e3e86a-00000699,1689,4703,13  ATM   B,,Yes,13  ATM   B,2801.6,Yes,Yes,No,,,,
20260817,2679,Sales,ccde5e46-22b1-4fd7-8009-ffe387e3e86a-0000069a,1690,4704,01   Yash Morning  Milk Counter,,Yes,01   Yash Morning  Milk Counter,-2806.36,Yes,Yes,No,,,,
20260817,2680,Sales,ccde5e46-22b1-4fd7-8009-ffe387e3e86a-0000069b,1691,4705,01   Yash Morning  Milk Counter,,Yes,01   Yash Morning  Milk Counter,-1834.34,Yes,Yes,No,,,,
20260817,2681,Sales,ccde5e46-22b1-4fd7-8009-ffe387e3e86a-0000069c,1692,4706,13  ATM   B,,Yes,13  ATM   B,-3942.0,Yes,Yes,No,,,,
20260817,2682,Sales,ccde5e46-22b1-4fd7-8009-ffe387e3e86a-0000069d,1693,4707,02 Rsa Afternoon Milk Counter,,Yes,02 Rsa Afternoon Milk Counter,-3780.0,Yes,Yes,No,,,,
20260817,2683,Sales,ccde5e46-22b1-4fd7-8009-ffe387e3e86a-0000069e,1694,4708,02 Rsa Afternoon Milk Counter,,Yes,02 Rsa Afternoon Milk Counter,-1612.8,Yes,Yes,No,,,,
20260817,2684,Sales,ccde5e46-22b1-4fd7-8009-ffe387e3e86a-0000069f,1695,4709,02 Rsa Afternoon Milk Counter,,Yes,02 Rsa Afternoon Milk Counter,-1956.36,Yes,Yes,No,,,,
20260817,2685,Sales,ccde5e46-22b1-4fd7-8009-ffe387e3e86a-00000659,1625,4710,01   Yash Morning  Milk Counter,,Yes,01   Yash Morning  Milk Counter,-1730.2,Yes,Yes,No,,,,
20260817,2686,Sales,ccde5e46-22b1-4fd7-8009-ffe387e3e86a-000006a5,1701,4718,02 Rsa Afternoon Milk Counter,,Yes,02 Rsa Afternoon Milk Counter,-2713.2,Yes,Yes,No,,,,
20260817,2687,Sales,ccde5e46-22b1-4fd7-8009-ffe387e3e86a-000006a6,1702,4719,02 Rsa Afternoon Milk Counter,,Yes,02 Rsa Afternoon Milk Counter,-560.0,Yes,Yes,No,,,,
20260817,2688,Sales,ccde5e46-22b1-4fd7-8009-ffe387e3e86a-000006a7,1703,4720,02 Rsa Afternoon Milk Counter,,Yes,02 Rsa Afternoon Milk Counter,-6961.8,Yes,Yes,No,,,,
20260817,2689,Sales,ccde5e46-22b1-4fd7-8009-ffe387e3e86a-000006a8,1704,4721,02 Rsa Afternoon Milk Counter,,Yes,02 Rsa Afternoon Milk Counter,-2312.8,Yes,Yes,No,,,,
20260817,2690,Sales,ccde5e46-22b1-4fd7-8009-ffe387e3e86a-000006a9,1705,4722,02 Rsa Afternoon Milk Counter,,Yes,02 Rsa Afternoon Milk Counter,-8289.2,Yes,Yes,No,,,,
20260817,2691,Sales,ccde5e46-22b1-4fd7-8009-ffe387e3e86a-000006aa,1706,4723,02 Rsa Afternoon Milk Counter,,Yes,02 Rsa Afternoon Milk Counter,-2301.6,Yes,Yes,No,,,,
20260817,2692,Sales,ccde5e46-22b1-4fd7-8009-ffe387e3e86a-000006ab,1707,4724,02 Rsa Afternoon Milk Counter,,Yes,02 Rsa Afternoon Milk Counter,-2646.0,Yes,Yes,No,,,,
20260817,2693,Sales,ccde5e46-22b1-4fd7-8009-ffe387e3e86a-000006b6,1718,4755,08  Wadgaonkar  Sales,132,Yes,08  Wadgaonkar  Sales,-11250.0,Yes,Yes,No,,,,
20260817,2694,Sales,ccde5e46-22b1-4fd7-8009-ffe387e3e86a-000006b7,1719,4756,09   Pandurang  Sales,138,Yes,09   Pandurang  Sales,-5500.0,Yes,Yes,No,,,,
20260817,2695,Sales,ccde5e46-22b1-4fd7-8009-ffe387e3e86a-000006b8,1720,4757,02 Rsa Afternoon Milk Counter,,Yes,02 Rsa Afternoon Milk Counter,-5474.0,Yes,Yes,No,,,,
20260817,2696,Sales,ccde5e46-22b1-4fd7-8009-ffe387e3e86a-000006b9,1721,4758,02 Rsa Afternoon Milk Counter,,Yes,02 Rsa Afternoon Milk Counter,-1793.88,Yes,Yes,No,,,,
20260817,2697,Sales,ccde5e46-22b1-4fd7-8009-ffe387e3e86a-000006ba,1722,4759,12  ATM  A,,Yes,12  ATM  A,-8384.4,Yes,Yes,No,,,,
20260817,2698,Sales,ccde5e46-22b1-4fd7-8009-ffe387e3e86a-000006bb,1723,4760,03  Nammokar Evening Milk Counter,,Yes,03  Nammokar Evening Milk Counter,-2788.0,Yes,Yes,No,,,,
20260817,2699,Sales,ccde5e46-22b1-4fd7-8009-ffe387e3e86a-000006bc,1724,4761,12  ATM  A,,Yes,12  ATM  A,-6818.0,Yes,Yes,No,,,,
20260817,2700,Sales,ccde5e46-22b1-4fd7-8009-ffe387e3e86a-000006bd,1725,4762,01   Yash Morning  Milk Counter,,Yes,01   Yash Morning  Milk Counter,-1620.0,Yes,Yes,No,,,,
20260817,2701,Sales,ccde5e46-22b1-4fd7-8009-ffe387e3e86a-000006be,1726,4763,01   Yash Morning  Milk Counter,,Yes,01   Yash Morning  Milk Counter,2523.2,Yes,Yes,No,,,,
20260817,2702,Sales,ccde5e46-22b1-4fd7-8009-ffe387e3e86a-000006bf,1727,4764,12  ATM  A,,Yes,12  ATM  A,-4432.86,Yes,Yes,No,,,,
20260817,2703,Sales,ccde5e46-22b1-4fd7-8009-ffe387e3e86a-000006c0,1728,4765,12  ATM  A,,Yes,12  ATM  A,-2304.4,Yes,Yes,No,,,,
20260817,2704,Sales,ccde5e46-22b1-4fd7-8009-ffe387e3e86a-000006c4,1732,4771,09   Pandurang  Sales,141,Yes,09   Pandurang  Sales,792.0,Yes,Yes,No,,,,
20260817,2705,Sales,ccde5e46-22b1-4fd7-8009-ffe387e3e86a-000006c6,1734,4773,08  Wadgaonkar  Sales,143,Yes,08  Wadgaonkar  Sales,144.0,Yes,Yes,No,,,,
20260817,2706,Sales,ccde5e46-22b1-4fd7-8009-ffe387e3e86a-000006c7,1735,4774,02 Rsa Afternoon Milk Counter,,Yes,02 Rsa Afternoon Milk Counter,245.0,Yes,Yes,No,,,,
20260818,2707,Sales,ccde5e46-22b1-4fd7-8009-ffe387e3e86a-000006ca,1738,4777,HOTEL LADLI,,Yes,HOTEL LADLI,-1520.0,Yes,Yes,No,,,,
20260818,2708,Sales,ccde5e46-22b1-4fd7-8009-ffe387e3e86a-000006cb,1739,4778,01   Yash Morning  Milk Counter,,Yes,01   Yash Morning  Milk Counter,-8383.04,Yes,Yes,No,,,,
20260818,2709,Sales,ccde5e46-22b1-4fd7-8009-ffe387e3e86a-000006cc,1740,4779,12  ATM  A,,Yes,12  ATM  A,-2180.52,Yes,Yes,No,,,,
20260818,2710,Sales,ccde5e46-22b1-4fd7-8009-ffe387e3e86a-000006ce,1742,4781,01   Yash Morning  Milk Counter,,Yes,01   Yash Morning  Milk Counter,-1750.0,Yes,Yes,No,,,,
20260818,2711,Sales,ccde5e46-22b1-4fd7-8009-ffe387e3e86a-000006cf,1743,4782,01   Yash Morning  Milk Counter,,Yes,01   Yash Morning  Milk Counter,-2972.5,Yes,Yes,No,,,,
20260818,2712,Sales,ccde5e46-22b1-4fd7-8009-ffe387e3e86a-000006d0,1744,4783,08  Wadgaonkar  Sales,155,Yes,08  Wadgaonkar  Sales,-7350.0,Yes,Yes,No,,,,
20260818,2713,Sales,ccde5e46-22b1-4fd7-8009-ffe387e3e86a-000006d3,1747,4786,09   Pandurang  Sales,154,Yes,09   Pandurang  Sales,-2980.0,Yes,Yes,No,,,,
20260818,2714,Sales,ccde5e46-22b1-4fd7-8009-ffe387e3e86a-000006d6,1750,4789,12  ATM  A,,Yes,12  ATM  A,-2170.8,Yes,Yes,No,,,,
20260818,2715,Sales,ccde5e46-22b1-4fd7-8009-ffe387e3e86a-000006d7,1751,4790,01   Yash Morning  Milk Counter,,Yes,01   Yash Morning  Milk Counter,-2313.92,Yes,Yes,No,,,,
20260818,2716,Sales,ccde5e46-22b1-4fd7-8009-ffe387e3e86a-000006d8,1752,4791,12  ATM  A,,Yes,12  ATM  A,-2127.6,Yes,Yes,No,,,,
20260818,2717,Sales,ccde5e46-22b1-4fd7-8009-ffe387e3e86a-000006d9,1753,4792,02 Rsa Afternoon Milk Counter,,Yes,02 Rsa Afternoon Milk Counter,-5686.2,Yes,Yes,No,,,,
20260818,2718,Sales,ccde5e46-22b1-4fd7-8009-ffe387e3e86a-000006c1,1729,4793,01   Yash Morning  Milk Counter,,Yes,01   Yash Morning  Milk Counter,-1886.0,Yes,Yes,No,,,,
20260818,2719,Sales,ccde5e46-22b1-4fd7-8009-ffe387e3e86a-000006da,1754,4794,02 Rsa Afternoon Milk Counter,,Yes,02 Rsa Afternoon Milk Counter,-1845.52,Yes,Yes,No,,,,
20260818,2720,Sales,ccde5e46-22b1-4fd7-8009-ffe387e3e86a-000006db,1755,4795,02 Rsa Afternoon Milk Counter,,Yes,02 Rsa Afternoon Milk Counter,-1499.68,Yes,Yes,No,,,,
20260818,2721,Sales,ccde5e46-22b1-4fd7-8009-ffe387e3e86a-000006c2,1730,4796,01   Yash Morning  Milk Counter,,Yes,01   Yash Morning  Milk Counter,-2720.0,Yes,Yes,No,,,,
20260818,2722,Sales,ccde5e46-22b1-4fd7-8009-ffe387e3e86a-000006e0,1760,4808,03  Nammokar Evening Milk Counter,,Yes,03  Nammokar Evening Milk Counter,-2884.56,Yes,Yes,No,,,,
20260818,2723,Sales,ccde5e46-22b1-4fd7-8009-ffe387e3e86a-000006e1,1761,4809,01   Yash Morning  Milk Counter,,Yes,01   Yash Morning  Milk Counter,4738.0,Yes,Yes,No,,,,
20260818,2724,Sales,ccde5e46-22b1-4fd7-8009-ffe387e3e86a-000006e6,1766,4816,02 Rsa Afternoon Milk Counter,,Yes,02 Rsa Afternoon Milk Counter,-5747.38,Yes,Yes,No,,,,
20260818,2725,Sales,ccde5e46-22b1-4fd7-8009-ffe387e3e86a-000006e8,1768,4818,02 Rsa Afternoon Milk Counter,,Yes,02 Rsa Afternoon Milk Counter,-8378.96,Yes,Yes,No,,,,
20260818,2726,Sales,ccde5e46-22b1-4fd7-8009-ffe387e3e86a-0000070d,1805,4855,12  ATM  A,,Yes,12  ATM  A,-8508.84,Yes,Yes,No,,,,
20260818,2727,Sales,ccde5e46-22b1-4fd7-8009-ffe387e3e86a-00000720,1824,4874,12  ATM  A,,Yes,12  ATM  A,-4401.0,Yes,Yes,No,,,,
20260818,2728,Sales,ccde5e46-22b1-4fd7-8009-ffe387e3e86a-00000728,1832,4882,12  ATM  A,,Yes,12  ATM  A,-2267.44,Yes,Yes,No,,,,
20260818,2729,Sales,ccde5e46-22b1-4fd7-8009-ffe387e3e86a-0000072c,1836,4886,02 Rsa Afternoon Milk Counter,,Yes,02 Rsa Afternoon Milk Counter,-4547.2,Yes,Yes,No,,,,
20260818,2730,Sales,ccde5e46-22b1-4fd7-8009-ffe387e3e86a-0000072d,1837,4887,02 Rsa Afternoon Milk Counter,,Yes,02 Rsa Afternoon Milk Counter,-2793.0,Yes,Yes,No,,,,
20260818,2731,Sales,ccde5e46-22b1-4fd7-8009-ffe387e3e86a-00000735,1845,4895,02 Rsa Afternoon Milk Counter,,Yes,02 Rsa Afternoon Milk Counter,-2834.24,Yes,Yes,No,,,,
20260818,2732,Sales,ccde5e46-22b1-4fd7-8009-ffe387e3e86a-00000764,1892,4942,01   Yash Morning  Milk Counter,,Yes,01   Yash Morning  Milk Counter,-2743.12,Yes,Yes,No,,,,
20260818,2733,Sales,ccde5e46-22b1-4fd7-8009-ffe387e3e86a-0000076c,1900,4950,01   Yash Morning  Milk Counter,,Yes,01   Yash Morning  Milk Counter,-1697.4,Yes,Yes,No,,,,
20260818,2734,Sales,ccde5e46-22b1-4fd7-8009-ffe387e3e86a-0000076e,1902,4952,08  Wadgaonkar  Sales,,Yes,08  Wadgaonkar  Sales,397.0,Yes,Yes,No,,,,
20260818,2735,Sales,ccde5e46-22b1-4fd7-8009-ffe387e3e86a-00000778,1912,4962,09   Pandurang  Sales,,Yes,09   Pandurang  Sales,164.0,Yes,Yes,No,,,,
20260818,2736,Sales,ccde5e46-22b1-4fd7-8009-ffe387e3e86a-000007af,1967,5017,02 Rsa Afternoon Milk Counter,,Yes,02 Rsa Afternoon Milk Counter,2720.0,Yes,Yes,No,,,,
20260819,2737,Sales,ccde5e46-22b1-4fd7-8009-ffe387e3e86a-000007b3,1971,5021,01   Yash Morning  Milk Counter,,Yes,01   Yash Morning  Milk Counter,-8320.48,Yes,Yes,No,,,,
20260819,2738,Sales,ccde5e46-22b1-4fd7-8009-ffe387e3e86a-000007b4,1972,5022,01   Yash Morning  Milk Counter,,Yes,01   Yash Morning  Milk Counter,-1684.9,Yes,Yes,No,,,,
20260819,2739,Sales,ccde5e46-22b1-4fd7-8009-ffe387e3e86a-000007b5,1973,5023,01   Yash Morning  Milk Counter,,Yes,01   Yash Morning  Milk Counter,-3483.36,Yes,Yes,No,,,,
20260819,2740,Sales,ccde5e46-22b1-4fd7-8009-ffe387e3e86a-000007b8,1976,5026,12  ATM  A,,Yes,12  ATM  A,-2317.84,Yes,Yes,No,,,,
20260819,2741,Sales,ccde5e46-22b1-4fd7-8009-ffe387e3e86a-000007c3,1987,5040,08  Wadgaonkar  Sales,,Yes,08  Wadgaonkar  Sales,-7750.0,Yes,Yes,No,,,,
20260819,2742,Sales,ccde5e46-22b1-4fd7-8009-ffe387e3e86a-000007c4,1988,5041,09   Pandurang  Sales,,Yes,09   Pandurang  Sales,-2600.0,Yes,Yes,No,,,,
20260819,2743,Sales,ccde5e46-22b1-4fd7-8009-ffe387e3e86a-000007c6,1990,5043,02 Rsa Afternoon Milk Counter,,Yes,02 Rsa Afternoon Milk Counter,-5825.52,Yes,Yes,No,,,,
20260819,2744,Sales,ccde5e46-22b1-4fd7-8009-ffe387e3e86a-000007c7,1991,5044,02 Rsa Afternoon Milk Counter,,Yes,02 Rsa Afternoon Milk Counter,-1972.0,Yes,Yes,No,,,,
20260819,2745,Sales,ccde5e46-22b1-4fd7-8009-ffe387e3e86a-000007c8,1992,5045,02 Rsa Afternoon Milk Counter,,Yes,02 Rsa Afternoon Milk Counter,-1629.6,Yes,Yes,No,,,,
20260819,2746,Sales,ccde5e46-22b1-4fd7-8009-ffe387e3e86a-000007c9,1993,5046,12  ATM  A,,Yes,12  ATM  A,-2175.66,Yes,Yes,No,,,,
20260819,2747,Sales,ccde5e46-22b1-4fd7-8009-ffe387e3e86a-000007cb,1995,5048,03  Nammokar Evening Milk Counter,,Yes,03  Nammokar Evening Milk Counter,-2983.84,Yes,Yes,No,,,,
20260819,2748,Sales,ccde5e46-22b1-4fd7-8009-ffe387e3e86a-000007cc,1996,5049,02 Rsa Afternoon Milk Counter,,Yes,02 Rsa Afternoon Milk Counter,-1990.4,Yes,Yes,No,,,,
20260819,2749,Sales,ccde5e46-22b1-4fd7-8009-ffe387e3e86a-000007ce,1998,5051,02 Rsa Afternoon Milk Counter,,Yes,02 Rsa Afternoon Milk Counter,-1320.2,Yes,Yes,No,,,,
20260819,2750,Sales,ccde5e46-22b1-4fd7-8009-ffe387e3e86a-000007cf,1999,5052,01   Yash Morning  Milk Counter,,Yes,01   Yash Morning  Milk Counter,4398.0,Yes,Yes,No,,,,
20260819,2751,Sales,ccde5e46-22b1-4fd7-8009-ffe387e3e86a-000007da,2010,5075,SHRI 1008 KPSDJ MANDIR,,Yes,SHRI 1008 KPSDJ MANDIR,-5275.0,Yes,Yes,No,,,,
20260819,2752,Sales,ccde5e46-22b1-4fd7-8009-ffe387e3e86a-000007dc,2012,5079,HOTEL LADLI,,Yes,HOTEL LADLI,-1520.0,Yes,Yes,No,,,,
